SET session_replication_role = replica;

--
-- PostgreSQL database dump
--

-- Dumped from database version 17.4
-- Dumped by pg_dump version 17.4

SET statement_timeout = 0;
SET lock_timeout = 0;
SET idle_in_transaction_session_timeout = 0;
SET transaction_timeout = 0;
SET client_encoding = 'UTF8';
SET standard_conforming_strings = on;
SELECT pg_catalog.set_config('search_path', '', false);
SET check_function_bodies = false;
SET xmloption = content;
SET client_min_messages = warning;
SET row_security = off;

--
-- Data for Name: audit_log_entries; Type: TABLE DATA; Schema: auth; Owner: supabase_auth_admin
--

INSERT INTO "auth"."audit_log_entries" ("instance_id", "id", "payload", "created_at", "ip_address") VALUES
	('00000000-0000-0000-0000-000000000000', '754e757f-f6ee-4f0e-976d-78b6df832b8e', '{"action":"user_signedup","actor_id":"00000000-0000-0000-0000-000000000000","actor_username":"service_role","actor_via_sso":false,"log_type":"team","traits":{"provider":"email","user_email":"admin@phoneguys.com","user_id":"241d165f-cf6c-4836-97ae-8fe1152583d9","user_phone":""}}', '2025-09-03 20:41:35.684113+00', ''),
	('00000000-0000-0000-0000-000000000000', '32f910c4-0183-4879-a24c-55da99bb32a3', '{"action":"login","actor_id":"241d165f-cf6c-4836-97ae-8fe1152583d9","actor_username":"admin@phoneguys.com","actor_via_sso":false,"log_type":"account","traits":{"provider":"email"}}', '2025-09-03 20:41:45.942838+00', ''),
	('00000000-0000-0000-0000-000000000000', 'c1237e6e-12b2-4cd1-abe3-de27eb126d58', '{"action":"token_refreshed","actor_id":"241d165f-cf6c-4836-97ae-8fe1152583d9","actor_username":"admin@phoneguys.com","actor_via_sso":false,"log_type":"token"}', '2025-09-03 21:40:12.621464+00', ''),
	('00000000-0000-0000-0000-000000000000', '98b7dfc1-a88f-47cb-9893-4ddf05e654a3', '{"action":"token_revoked","actor_id":"241d165f-cf6c-4836-97ae-8fe1152583d9","actor_username":"admin@phoneguys.com","actor_via_sso":false,"log_type":"token"}', '2025-09-03 21:40:12.623712+00', ''),
	('00000000-0000-0000-0000-000000000000', '8dc19039-1e4a-4a24-8b51-b9df4b8a9502', '{"action":"login","actor_id":"241d165f-cf6c-4836-97ae-8fe1152583d9","actor_username":"admin@phoneguys.com","actor_via_sso":false,"log_type":"account","traits":{"provider":"email"}}', '2025-09-04 00:50:48.708752+00', ''),
	('00000000-0000-0000-0000-000000000000', '9537c206-f1e5-4b66-86c5-45b717499c9e', '{"action":"token_refreshed","actor_id":"241d165f-cf6c-4836-97ae-8fe1152583d9","actor_username":"admin@phoneguys.com","actor_via_sso":false,"log_type":"token"}', '2025-09-04 01:55:25.692607+00', ''),
	('00000000-0000-0000-0000-000000000000', 'a29d7ce0-00ef-4d18-89e8-f6a3e5e4d61c', '{"action":"token_revoked","actor_id":"241d165f-cf6c-4836-97ae-8fe1152583d9","actor_username":"admin@phoneguys.com","actor_via_sso":false,"log_type":"token"}', '2025-09-04 01:55:25.69548+00', ''),
	('00000000-0000-0000-0000-000000000000', 'fd28e4d0-cb11-4bac-a638-1dd7da709117', '{"action":"login","actor_id":"241d165f-cf6c-4836-97ae-8fe1152583d9","actor_username":"admin@phoneguys.com","actor_via_sso":false,"log_type":"account","traits":{"provider":"email"}}', '2025-09-04 03:18:32.494814+00', ''),
	('00000000-0000-0000-0000-000000000000', '6081235d-786a-480b-b4b1-86c3e785d23e', '{"action":"user_invited","actor_id":"00000000-0000-0000-0000-000000000000","actor_username":"service_role","actor_via_sso":false,"log_type":"team","traits":{"user_email":"hello@aethercms.com","user_id":"0f5a2789-1365-4576-b849-0a21c48a87ac"}}', '2025-09-04 03:19:19.699237+00', ''),
	('00000000-0000-0000-0000-000000000000', '99376356-3065-4bc0-8eb1-24d8e01d5535', '{"action":"user_signedup","actor_id":"0f5a2789-1365-4576-b849-0a21c48a87ac","actor_name":"Michael John","actor_username":"hello@aethercms.com","actor_via_sso":false,"log_type":"team","traits":{"provider":"email"}}', '2025-09-04 03:25:12.757821+00', ''),
	('00000000-0000-0000-0000-000000000000', '2b5ab7ba-aacf-4aaa-af0a-2d17a2db32c3', '{"action":"user_deleted","actor_id":"00000000-0000-0000-0000-000000000000","actor_username":"service_role","actor_via_sso":false,"log_type":"team","traits":{"user_email":"hello@aethercms.com","user_id":"0f5a2789-1365-4576-b849-0a21c48a87ac","user_phone":""}}', '2025-09-04 03:27:42.324222+00', ''),
	('00000000-0000-0000-0000-000000000000', '3bc227ec-c89a-49e3-ae3e-6df3fd4ac8ad', '{"action":"user_invited","actor_id":"00000000-0000-0000-0000-000000000000","actor_username":"service_role","actor_via_sso":false,"log_type":"team","traits":{"user_email":"hello@aethercms.com","user_id":"ae2ccc94-276c-4372-8d0f-fcda42f9f8b3"}}', '2025-09-04 03:27:55.699252+00', ''),
	('00000000-0000-0000-0000-000000000000', 'd263cd25-5119-44bc-b05d-e8e1d52caac5', '{"action":"user_signedup","actor_id":"ae2ccc94-276c-4372-8d0f-fcda42f9f8b3","actor_name":"Michael John","actor_username":"hello@aethercms.com","actor_via_sso":false,"log_type":"team","traits":{"provider":"email"}}', '2025-09-04 03:28:02.994335+00', ''),
	('00000000-0000-0000-0000-000000000000', '37f7467e-6bf3-4d64-bfcc-99c2650a7517', '{"action":"user_deleted","actor_id":"00000000-0000-0000-0000-000000000000","actor_username":"service_role","actor_via_sso":false,"log_type":"team","traits":{"user_email":"hello@aethercms.com","user_id":"ae2ccc94-276c-4372-8d0f-fcda42f9f8b3","user_phone":""}}', '2025-09-04 03:28:31.056795+00', ''),
	('00000000-0000-0000-0000-000000000000', '7e965944-d0c4-4dc7-a99f-be39bc06f142', '{"action":"user_invited","actor_id":"00000000-0000-0000-0000-000000000000","actor_username":"service_role","actor_via_sso":false,"log_type":"team","traits":{"user_email":"hello@aethercms.com","user_id":"b8a268bb-da40-4e1e-94a9-0cf6e257f30f"}}', '2025-09-04 03:29:59.68242+00', ''),
	('00000000-0000-0000-0000-000000000000', '7a3d2a62-f70c-4409-a288-573fc01d08eb', '{"action":"user_signedup","actor_id":"b8a268bb-da40-4e1e-94a9-0cf6e257f30f","actor_name":"Michael John","actor_username":"hello@aethercms.com","actor_via_sso":false,"log_type":"team","traits":{"provider":"email"}}', '2025-09-04 03:30:13.996709+00', ''),
	('00000000-0000-0000-0000-000000000000', '953c20fd-4308-47c8-9a12-c0562f2e7b99', '{"action":"login","actor_id":"241d165f-cf6c-4836-97ae-8fe1152583d9","actor_username":"admin@phoneguys.com","actor_via_sso":false,"log_type":"account","traits":{"provider":"email"}}', '2025-09-04 03:32:26.486213+00', ''),
	('00000000-0000-0000-0000-000000000000', '81a21847-9b12-47ea-ba1b-ef156c87b523', '{"action":"user_deleted","actor_id":"00000000-0000-0000-0000-000000000000","actor_username":"service_role","actor_via_sso":false,"log_type":"team","traits":{"user_email":"hello@aethercms.com","user_id":"b8a268bb-da40-4e1e-94a9-0cf6e257f30f","user_phone":""}}', '2025-09-04 03:41:58.77409+00', ''),
	('00000000-0000-0000-0000-000000000000', '1d050478-6d95-4025-92a1-638805860a7d', '{"action":"login","actor_id":"241d165f-cf6c-4836-97ae-8fe1152583d9","actor_username":"admin@phoneguys.com","actor_via_sso":false,"log_type":"account","traits":{"provider":"email"}}', '2025-09-04 03:44:32.187558+00', ''),
	('00000000-0000-0000-0000-000000000000', 'c790ee9d-cdd3-473a-a3a7-dfedc8d0afcc', '{"action":"user_invited","actor_id":"00000000-0000-0000-0000-000000000000","actor_username":"service_role","actor_via_sso":false,"log_type":"team","traits":{"user_email":"hello@aethercms.com","user_id":"7a29510a-7878-426c-b73b-5bd844025d92"}}', '2025-09-04 03:58:02.676231+00', ''),
	('00000000-0000-0000-0000-000000000000', 'fc1696aa-f934-4298-86bf-c1942d544ea2', '{"action":"user_signedup","actor_id":"7a29510a-7878-426c-b73b-5bd844025d92","actor_name":"Michael John","actor_username":"hello@aethercms.com","actor_via_sso":false,"log_type":"team","traits":{"provider":"email"}}', '2025-09-04 03:58:11.271695+00', ''),
	('00000000-0000-0000-0000-000000000000', '168f168c-61f5-4fe8-bb4d-c3762763e005', '{"action":"user_deleted","actor_id":"00000000-0000-0000-0000-000000000000","actor_username":"service_role","actor_via_sso":false,"log_type":"team","traits":{"user_email":"hello@aethercms.com","user_id":"7a29510a-7878-426c-b73b-5bd844025d92","user_phone":""}}', '2025-09-04 03:58:36.722456+00', ''),
	('00000000-0000-0000-0000-000000000000', '223e2939-7cb7-4649-bc89-8e7f621bb2c1', '{"action":"logout","actor_id":"241d165f-cf6c-4836-97ae-8fe1152583d9","actor_username":"admin@phoneguys.com","actor_via_sso":false,"log_type":"account"}', '2025-09-04 04:01:10.05703+00', ''),
	('00000000-0000-0000-0000-000000000000', '22927914-7207-4f1c-ad4b-b301565da56b', '{"action":"login","actor_id":"241d165f-cf6c-4836-97ae-8fe1152583d9","actor_username":"admin@phoneguys.com","actor_via_sso":false,"log_type":"account","traits":{"provider":"email"}}', '2025-09-04 04:01:20.164873+00', ''),
	('00000000-0000-0000-0000-000000000000', '13f7a6c7-f74f-4841-946f-f04deac9f31d', '{"action":"user_invited","actor_id":"00000000-0000-0000-0000-000000000000","actor_username":"service_role","actor_via_sso":false,"log_type":"team","traits":{"user_email":"hello@aethercms.com","user_id":"2647fddc-94ee-4e99-b065-efa0a56882ae"}}', '2025-09-04 04:01:37.666466+00', ''),
	('00000000-0000-0000-0000-000000000000', '311dc1f8-ce28-4620-9a9a-0c49acb17b02', '{"action":"user_signedup","actor_id":"2647fddc-94ee-4e99-b065-efa0a56882ae","actor_name":"Michael John","actor_username":"hello@aethercms.com","actor_via_sso":false,"log_type":"team","traits":{"provider":"email"}}', '2025-09-04 04:01:43.660082+00', ''),
	('00000000-0000-0000-0000-000000000000', '071f8c43-f9f3-4b88-9093-eafbf8a976c6', '{"action":"user_deleted","actor_id":"00000000-0000-0000-0000-000000000000","actor_username":"service_role","actor_via_sso":false,"log_type":"team","traits":{"user_email":"hello@aethercms.com","user_id":"2647fddc-94ee-4e99-b065-efa0a56882ae","user_phone":""}}', '2025-09-04 04:02:03.826824+00', ''),
	('00000000-0000-0000-0000-000000000000', '94611fad-55ae-4ed0-ae41-ced6e45fd6f5', '{"action":"user_invited","actor_id":"00000000-0000-0000-0000-000000000000","actor_username":"service_role","actor_via_sso":false,"log_type":"team","traits":{"user_email":"hello@aethercms.com","user_id":"738f0eb1-b7c8-408d-bd0b-cfd9d8e6e2e3"}}', '2025-09-04 04:02:14.064935+00', ''),
	('00000000-0000-0000-0000-000000000000', '43f5b1a7-c105-4181-8c80-da29402c597b', '{"action":"user_signedup","actor_id":"738f0eb1-b7c8-408d-bd0b-cfd9d8e6e2e3","actor_name":"Michael John","actor_username":"hello@aethercms.com","actor_via_sso":false,"log_type":"team","traits":{"provider":"email"}}', '2025-09-04 04:02:23.661758+00', ''),
	('00000000-0000-0000-0000-000000000000', 'a327d4f2-65b3-4ec5-80ca-948e81efd385', '{"action":"user_deleted","actor_id":"00000000-0000-0000-0000-000000000000","actor_username":"service_role","actor_via_sso":false,"log_type":"team","traits":{"user_email":"hello@aethercms.com","user_id":"738f0eb1-b7c8-408d-bd0b-cfd9d8e6e2e3","user_phone":""}}', '2025-09-04 04:05:36.521236+00', ''),
	('00000000-0000-0000-0000-000000000000', 'b956a1e0-d1a8-4df8-8e6e-14105bcbb541', '{"action":"user_invited","actor_id":"00000000-0000-0000-0000-000000000000","actor_username":"service_role","actor_via_sso":false,"log_type":"team","traits":{"user_email":"hello@aethercms.com","user_id":"70454fee-c349-412f-81ef-d1ebf9b77f64"}}', '2025-09-04 04:05:48.60281+00', ''),
	('00000000-0000-0000-0000-000000000000', '7cfa94bc-4538-43ee-964a-6daf11e77eeb', '{"action":"user_signedup","actor_id":"70454fee-c349-412f-81ef-d1ebf9b77f64","actor_name":"Michael John","actor_username":"hello@aethercms.com","actor_via_sso":false,"log_type":"team","traits":{"provider":"email"}}', '2025-09-04 04:06:06.09561+00', ''),
	('00000000-0000-0000-0000-000000000000', 'b78edf45-2461-4361-a4ab-9891a0daecb5', '{"action":"user_deleted","actor_id":"00000000-0000-0000-0000-000000000000","actor_username":"service_role","actor_via_sso":false,"log_type":"team","traits":{"user_email":"hello@aethercms.com","user_id":"70454fee-c349-412f-81ef-d1ebf9b77f64","user_phone":""}}', '2025-09-04 04:09:33.131764+00', ''),
	('00000000-0000-0000-0000-000000000000', '14450089-cdba-453f-9813-874b535d171b', '{"action":"user_invited","actor_id":"00000000-0000-0000-0000-000000000000","actor_username":"service_role","actor_via_sso":false,"log_type":"team","traits":{"user_email":"hello@aethercms.com","user_id":"9136a7c4-9535-4493-a5bf-c0c403f24ff0"}}', '2025-09-04 04:11:00.44841+00', ''),
	('00000000-0000-0000-0000-000000000000', 'b6246b40-6344-4230-99ab-631441d6d16b', '{"action":"user_signedup","actor_id":"9136a7c4-9535-4493-a5bf-c0c403f24ff0","actor_name":"Michael John","actor_username":"hello@aethercms.com","actor_via_sso":false,"log_type":"team","traits":{"provider":"email"}}', '2025-09-04 04:11:16.958439+00', ''),
	('00000000-0000-0000-0000-000000000000', '25ca2d35-7b8d-43f8-958a-aa9cb74c3311', '{"action":"user_updated_password","actor_id":"9136a7c4-9535-4493-a5bf-c0c403f24ff0","actor_name":"Michael John","actor_username":"hello@aethercms.com","actor_via_sso":false,"log_type":"user"}', '2025-09-04 04:11:25.197275+00', ''),
	('00000000-0000-0000-0000-000000000000', 'fb15fb76-32d0-47fa-832a-8ed83675301e', '{"action":"user_modified","actor_id":"9136a7c4-9535-4493-a5bf-c0c403f24ff0","actor_name":"Michael John","actor_username":"hello@aethercms.com","actor_via_sso":false,"log_type":"user"}', '2025-09-04 04:11:25.198071+00', ''),
	('00000000-0000-0000-0000-000000000000', '8e6a1aba-5c6a-4003-bc94-3fe7651e9306', '{"action":"user_invited","actor_id":"00000000-0000-0000-0000-000000000000","actor_username":"service_role","actor_via_sso":false,"log_type":"team","traits":{"user_email":"andrew@akhdigital.com","user_id":"7b61679a-4523-458b-929e-65a1e80efed3"}}', '2025-09-04 04:16:24.694738+00', ''),
	('00000000-0000-0000-0000-000000000000', 'c7926af7-a1b7-4e6b-84a3-f69e77ef4a0a', '{"action":"token_refreshed","actor_id":"241d165f-cf6c-4836-97ae-8fe1152583d9","actor_username":"admin@phoneguys.com","actor_via_sso":false,"log_type":"token"}', '2025-09-04 04:59:32.630473+00', ''),
	('00000000-0000-0000-0000-000000000000', '76f0523a-8749-4677-8e10-d0312747ff15', '{"action":"token_revoked","actor_id":"241d165f-cf6c-4836-97ae-8fe1152583d9","actor_username":"admin@phoneguys.com","actor_via_sso":false,"log_type":"token"}', '2025-09-04 04:59:32.631888+00', ''),
	('00000000-0000-0000-0000-000000000000', '8f2eacdf-419e-4086-8577-64611e43bed8', '{"action":"token_refreshed","actor_id":"241d165f-cf6c-4836-97ae-8fe1152583d9","actor_username":"admin@phoneguys.com","actor_via_sso":false,"log_type":"token"}', '2025-09-04 12:05:29.130685+00', ''),
	('00000000-0000-0000-0000-000000000000', 'bca74dba-81ea-4526-a666-8bfd309ca56c', '{"action":"token_revoked","actor_id":"241d165f-cf6c-4836-97ae-8fe1152583d9","actor_username":"admin@phoneguys.com","actor_via_sso":false,"log_type":"token"}', '2025-09-04 12:05:29.131878+00', ''),
	('00000000-0000-0000-0000-000000000000', '077aff9f-f795-4506-9e23-40e652c8073e', '{"action":"login","actor_id":"241d165f-cf6c-4836-97ae-8fe1152583d9","actor_username":"admin@phoneguys.com","actor_via_sso":false,"log_type":"account","traits":{"provider":"email"}}', '2025-09-04 12:06:01.613801+00', '');


--
-- Data for Name: flow_state; Type: TABLE DATA; Schema: auth; Owner: supabase_auth_admin
--



--
-- Data for Name: users; Type: TABLE DATA; Schema: auth; Owner: supabase_auth_admin
--

INSERT INTO "auth"."users" ("instance_id", "id", "aud", "role", "email", "encrypted_password", "email_confirmed_at", "invited_at", "confirmation_token", "confirmation_sent_at", "recovery_token", "recovery_sent_at", "email_change_token_new", "email_change", "email_change_sent_at", "last_sign_in_at", "raw_app_meta_data", "raw_user_meta_data", "is_super_admin", "created_at", "updated_at", "phone", "phone_confirmed_at", "phone_change", "phone_change_token", "phone_change_sent_at", "email_change_token_current", "email_change_confirm_status", "banned_until", "reauthentication_token", "reauthentication_sent_at", "is_sso_user", "deleted_at", "is_anonymous") VALUES
	('00000000-0000-0000-0000-000000000000', '241d165f-cf6c-4836-97ae-8fe1152583d9', 'authenticated', 'authenticated', 'admin@phoneguys.com', '$2a$10$kd8MjfzGQ/tnK7u3p9I/Bu5WjfWQ3Eyy3K1vsMyepaJwZkJsmae6y', '2025-09-03 20:41:35.686387+00', NULL, '', NULL, '', NULL, '', '', NULL, '2025-09-04 12:06:01.61898+00', '{"provider": "email", "providers": ["email"]}', '{"email_verified": true}', NULL, '2025-09-03 20:41:35.679124+00', '2025-09-04 12:06:01.621787+00', NULL, NULL, '', '', NULL, '', 0, NULL, '', NULL, false, NULL, false),
	('00000000-0000-0000-0000-000000000000', '9136a7c4-9535-4493-a5bf-c0c403f24ff0', 'authenticated', 'authenticated', 'hello@aethercms.com', '$2a$10$1ULMVwliozPyyTKXvJlEKOuWCiVUAHHbmrIdZkTap4gBnrRa/vUJ2', '2025-09-04 04:11:16.959516+00', '2025-09-04 04:11:00.449568+00', '', NULL, '', NULL, '', '', NULL, '2025-09-04 04:11:16.963424+00', '{"provider": "email", "providers": ["email"]}', '{"role": "admin", "full_name": "Michael John", "email_verified": true, "invited_by_admin": true}', NULL, '2025-09-04 04:11:00.432769+00', '2025-09-04 04:11:25.195768+00', NULL, NULL, '', '', NULL, '', 0, NULL, '', NULL, false, NULL, false),
	('00000000-0000-0000-0000-000000000000', '7b61679a-4523-458b-929e-65a1e80efed3', 'authenticated', 'authenticated', 'andrew@akhdigital.com', '', NULL, '2025-09-04 04:16:24.696332+00', 'e8f5f604ab787205551facb0feb4cdf302cf151faed418a955704d2f', '2025-09-04 04:16:24.696332+00', '', NULL, '', '', NULL, NULL, '{"provider": "email", "providers": ["email"]}', '{"role": "admin", "full_name": "Andrew Hood", "invited_by_admin": true}', NULL, '2025-09-04 04:16:24.688312+00', '2025-09-04 04:16:25.065957+00', NULL, NULL, '', '', NULL, '', 0, NULL, '', NULL, false, NULL, false);


--
-- Data for Name: identities; Type: TABLE DATA; Schema: auth; Owner: supabase_auth_admin
--

INSERT INTO "auth"."identities" ("provider_id", "user_id", "identity_data", "provider", "last_sign_in_at", "created_at", "updated_at", "id") VALUES
	('241d165f-cf6c-4836-97ae-8fe1152583d9', '241d165f-cf6c-4836-97ae-8fe1152583d9', '{"sub": "241d165f-cf6c-4836-97ae-8fe1152583d9", "email": "admin@phoneguys.com", "email_verified": false, "phone_verified": false}', 'email', '2025-09-03 20:41:35.682697+00', '2025-09-03 20:41:35.682728+00', '2025-09-03 20:41:35.682728+00', 'e5b8818a-d28f-49a3-8a7c-d5037a5a4fd3'),
	('9136a7c4-9535-4493-a5bf-c0c403f24ff0', '9136a7c4-9535-4493-a5bf-c0c403f24ff0', '{"sub": "9136a7c4-9535-4493-a5bf-c0c403f24ff0", "email": "hello@aethercms.com", "email_verified": true, "phone_verified": false}', 'email', '2025-09-04 04:11:00.446789+00', '2025-09-04 04:11:00.446896+00', '2025-09-04 04:11:00.446896+00', '3d149507-bf24-47b9-8872-890fcc60da14'),
	('7b61679a-4523-458b-929e-65a1e80efed3', '7b61679a-4523-458b-929e-65a1e80efed3', '{"sub": "7b61679a-4523-458b-929e-65a1e80efed3", "email": "andrew@akhdigital.com", "email_verified": false, "phone_verified": false}', 'email', '2025-09-04 04:16:24.693652+00', '2025-09-04 04:16:24.693703+00', '2025-09-04 04:16:24.693703+00', '59a070e2-ce00-4290-b1b7-38c1c2b9884a');


--
-- Data for Name: instances; Type: TABLE DATA; Schema: auth; Owner: supabase_auth_admin
--



--
-- Data for Name: sessions; Type: TABLE DATA; Schema: auth; Owner: supabase_auth_admin
--

INSERT INTO "auth"."sessions" ("id", "user_id", "created_at", "updated_at", "factor_id", "aal", "not_after", "refreshed_at", "user_agent", "ip", "tag") VALUES
	('0de1ee49-30e5-4019-9f22-eb34fb04321d', '9136a7c4-9535-4493-a5bf-c0c403f24ff0', '2025-09-04 04:11:16.963493+00', '2025-09-04 04:11:16.963493+00', NULL, 'aal1', NULL, NULL, 'Mozilla/5.0 (Windows NT 10.0; Win64; x64) AppleWebKit/537.36 (KHTML, like Gecko) Chrome/141.0.0.0 Safari/537.36', '98.61.150.165', NULL),
	('4f510372-e9aa-481e-abb6-4da7fccb40d0', '241d165f-cf6c-4836-97ae-8fe1152583d9', '2025-09-04 04:01:20.165717+00', '2025-09-04 12:05:29.136006+00', NULL, 'aal1', NULL, '2025-09-04 12:05:29.135925', 'Mozilla/5.0 (Windows NT 10.0; Win64; x64) AppleWebKit/537.36 (KHTML, like Gecko) Chrome/141.0.0.0 Safari/537.36', '98.61.150.165', NULL),
	('9c68da58-8be8-43cd-ba91-ec98d7ad7c48', '241d165f-cf6c-4836-97ae-8fe1152583d9', '2025-09-04 12:06:01.619066+00', '2025-09-04 12:06:01.619066+00', NULL, 'aal1', NULL, NULL, 'Mozilla/5.0 (Windows NT 10.0; Win64; x64) AppleWebKit/537.36 (KHTML, like Gecko) Chrome/141.0.0.0 Safari/537.36', '98.61.150.165', NULL);


--
-- Data for Name: mfa_amr_claims; Type: TABLE DATA; Schema: auth; Owner: supabase_auth_admin
--

INSERT INTO "auth"."mfa_amr_claims" ("session_id", "created_at", "updated_at", "authentication_method", "id") VALUES
	('4f510372-e9aa-481e-abb6-4da7fccb40d0', '2025-09-04 04:01:20.168077+00', '2025-09-04 04:01:20.168077+00', 'password', 'e4926d38-d5b3-4f1b-982d-753abc0ca49e'),
	('0de1ee49-30e5-4019-9f22-eb34fb04321d', '2025-09-04 04:11:16.966279+00', '2025-09-04 04:11:16.966279+00', 'otp', '49aaac5f-4a05-4320-9a0c-c7f9e0f404ff'),
	('9c68da58-8be8-43cd-ba91-ec98d7ad7c48', '2025-09-04 12:06:01.622495+00', '2025-09-04 12:06:01.622495+00', 'password', '7581a476-fe9a-4800-b13b-98a9ff2937aa');


--
-- Data for Name: mfa_factors; Type: TABLE DATA; Schema: auth; Owner: supabase_auth_admin
--



--
-- Data for Name: mfa_challenges; Type: TABLE DATA; Schema: auth; Owner: supabase_auth_admin
--



--
-- Data for Name: oauth_clients; Type: TABLE DATA; Schema: auth; Owner: supabase_auth_admin
--



--
-- Data for Name: one_time_tokens; Type: TABLE DATA; Schema: auth; Owner: supabase_auth_admin
--

INSERT INTO "auth"."one_time_tokens" ("id", "user_id", "token_type", "token_hash", "relates_to", "created_at", "updated_at") VALUES
	('c68f2be5-f37d-4e7d-bf74-b5bd98455c57', '7b61679a-4523-458b-929e-65a1e80efed3', 'confirmation_token', 'e8f5f604ab787205551facb0feb4cdf302cf151faed418a955704d2f', 'andrew@akhdigital.com', '2025-09-04 04:16:25.067986', '2025-09-04 04:16:25.067986');


--
-- Data for Name: refresh_tokens; Type: TABLE DATA; Schema: auth; Owner: supabase_auth_admin
--

INSERT INTO "auth"."refresh_tokens" ("instance_id", "id", "token", "user_id", "revoked", "created_at", "updated_at", "parent", "session_id") VALUES
	('00000000-0000-0000-0000-000000000000', 16, 'oyxppt2oglpi', '9136a7c4-9535-4493-a5bf-c0c403f24ff0', false, '2025-09-04 04:11:16.964444+00', '2025-09-04 04:11:16.964444+00', NULL, '0de1ee49-30e5-4019-9f22-eb34fb04321d'),
	('00000000-0000-0000-0000-000000000000', 12, 'kixqqjmapn4w', '241d165f-cf6c-4836-97ae-8fe1152583d9', true, '2025-09-04 04:01:20.166668+00', '2025-09-04 04:59:32.632541+00', NULL, '4f510372-e9aa-481e-abb6-4da7fccb40d0'),
	('00000000-0000-0000-0000-000000000000', 17, '5vnec5k7gmfb', '241d165f-cf6c-4836-97ae-8fe1152583d9', true, '2025-09-04 04:59:32.634226+00', '2025-09-04 12:05:29.132518+00', 'kixqqjmapn4w', '4f510372-e9aa-481e-abb6-4da7fccb40d0'),
	('00000000-0000-0000-0000-000000000000', 18, 'lreflcpvdkwn', '241d165f-cf6c-4836-97ae-8fe1152583d9', false, '2025-09-04 12:05:29.133319+00', '2025-09-04 12:05:29.133319+00', '5vnec5k7gmfb', '4f510372-e9aa-481e-abb6-4da7fccb40d0'),
	('00000000-0000-0000-0000-000000000000', 19, '6gtxzrivf2sd', '241d165f-cf6c-4836-97ae-8fe1152583d9', false, '2025-09-04 12:06:01.620208+00', '2025-09-04 12:06:01.620208+00', NULL, '9c68da58-8be8-43cd-ba91-ec98d7ad7c48');


--
-- Data for Name: sso_providers; Type: TABLE DATA; Schema: auth; Owner: supabase_auth_admin
--



--
-- Data for Name: saml_providers; Type: TABLE DATA; Schema: auth; Owner: supabase_auth_admin
--



--
-- Data for Name: saml_relay_states; Type: TABLE DATA; Schema: auth; Owner: supabase_auth_admin
--



--
-- Data for Name: sso_domains; Type: TABLE DATA; Schema: auth; Owner: supabase_auth_admin
--



--
-- Data for Name: customers; Type: TABLE DATA; Schema: public; Owner: postgres
--

INSERT INTO "public"."customers" ("id", "name", "email", "phone", "created_at", "updated_at", "address", "city", "state", "zip_code", "notes", "total_orders", "total_spent", "is_active") VALUES
	('aaaaaaaa-aaaa-aaaa-aaaa-aaaaaaaaaaaa', 'Alice Johnson', 'alice.johnson@email.com', '555-0101', '2025-09-03 20:37:32.202521+00', '2025-09-03 20:37:32.202521+00', NULL, NULL, NULL, NULL, NULL, 0, 0.00, true),
	('bbbbbbbb-bbbb-bbbb-bbbb-bbbbbbbbbbbb', 'Bob Smith', 'bob.smith@email.com', '555-0102', '2025-09-03 20:37:32.202521+00', '2025-09-03 20:37:32.202521+00', NULL, NULL, NULL, NULL, NULL, 0, 0.00, true),
	('cccccccc-cccc-cccc-cccc-cccccccccccc', 'Charlie Brown', 'charlie.brown@email.com', '555-0103', '2025-09-03 20:37:32.202521+00', '2025-09-03 20:37:32.202521+00', NULL, NULL, NULL, NULL, NULL, 0, 0.00, true),
	('dddddddd-dddd-dddd-dddd-dddddddddddd', 'Diana Prince', 'diana.prince@email.com', '555-0104', '2025-09-03 20:37:32.202521+00', '2025-09-03 20:37:32.202521+00', NULL, NULL, NULL, NULL, NULL, 0, 0.00, true),
	('eeeeeeee-eeee-eeee-eeee-eeeeeeeeeeee', 'Edward Norton', 'edward.norton@email.com', '555-0105', '2025-09-03 20:37:32.202521+00', '2025-09-03 20:37:32.202521+00', NULL, NULL, NULL, NULL, NULL, 0, 0.00, true),
	('ffffffff-ffff-ffff-ffff-ffffffffffff', 'Fiona Green', 'fiona.green@email.com', '555-0106', '2025-09-03 20:37:32.202521+00', '2025-09-03 20:37:32.202521+00', NULL, NULL, NULL, NULL, NULL, 0, 0.00, true),
	('486abf9d-fe13-4fb1-a05e-38bae0be1bb4', 'Michael Froseth', 'michael@southwellmedia.com', '9455452608', '2025-09-03 21:28:28.892+00', '2025-09-03 21:29:46.477394+00', '805 Bluff Ave E', 'Shakopee', 'MN', '55379', 'Customer has an Apple iPhone 16 Pro Max', 0, 0.00, true);


--
-- Data for Name: manufacturers; Type: TABLE DATA; Schema: public; Owner: postgres
--

INSERT INTO "public"."manufacturers" ("id", "name", "logo_url", "country", "is_active", "total_repairs_count", "created_at", "updated_at") VALUES
	('72985891-6802-4a2f-bbdd-c8e618b78720', 'Samsung', NULL, 'South Korea', true, 0, '2025-09-03 20:37:32.166493+00', '2025-09-03 20:37:32.166493+00'),
	('f5c8fd8c-fe7b-470d-8bb7-48d65f245b93', 'Google', NULL, 'United States', true, 0, '2025-09-03 20:37:32.166493+00', '2025-09-03 20:37:32.166493+00'),
	('7cf66721-2bd7-4477-af09-ab080734c1bd', 'OnePlus', NULL, 'China', true, 0, '2025-09-03 20:37:32.166493+00', '2025-09-03 20:37:32.166493+00'),
	('0c9df595-89d4-452a-a2f3-58a534be1d82', 'Motorola', NULL, 'United States', true, 0, '2025-09-03 20:37:32.166493+00', '2025-09-03 20:37:32.166493+00'),
	('a6a192be-b2b0-4ee6-8043-4d32876c1ab4', 'LG', NULL, 'South Korea', true, 0, '2025-09-03 20:37:32.166493+00', '2025-09-03 20:37:32.166493+00'),
	('2baf0c99-fa0e-45bd-96b1-f6846444d053', 'Nokia', NULL, 'Finland', true, 0, '2025-09-03 20:37:32.166493+00', '2025-09-03 20:37:32.166493+00'),
	('85184b32-e1a5-41f0-aa00-690fe651ae7b', 'Sony', NULL, 'Japan', true, 0, '2025-09-03 20:37:32.166493+00', '2025-09-03 20:37:32.166493+00'),
	('37cfba03-153d-4aea-b354-f7c4d1d0af70', 'Huawei', NULL, 'China', true, 0, '2025-09-03 20:37:32.166493+00', '2025-09-03 20:37:32.166493+00'),
	('f689c4d6-f52f-475a-9c17-0c71a03a5b58', 'Xiaomi', NULL, 'China', true, 0, '2025-09-03 20:37:32.166493+00', '2025-09-03 20:37:32.166493+00'),
	('d2de89aa-1d2f-409e-8d2d-b41b468a7efb', 'Apple', NULL, 'United States', true, 2, '2025-09-03 20:37:32.166493+00', '2025-09-03 21:29:10.730347+00');


--
-- Data for Name: devices; Type: TABLE DATA; Schema: public; Owner: postgres
--

INSERT INTO "public"."devices" ("id", "manufacturer_id", "model_name", "model_number", "device_type", "release_year", "thumbnail_url", "image_url", "description", "specifications", "screen_size", "storage_options", "color_options", "common_issues", "average_repair_cost", "average_repair_time_hours", "parts_availability", "is_active", "total_repairs_count", "created_at", "updated_at") VALUES
	('9c612b2e-7d9f-492b-873c-e6125dc68456', 'd2de89aa-1d2f-409e-8d2d-b41b468a7efb', 'iPhone SE 3rd Gen', NULL, 'smartphone', 2022, NULL, '/images/devices/iphone/iphone-se-3rd-gen.png', NULL, '{}', NULL, '{}', '{}', '{}', NULL, NULL, 'available', true, 0, '2025-09-04 00:51:11.905016+00', '2025-09-04 00:51:11.905016+00'),
	('e66286bf-bc0c-442a-8e84-fd0beee81306', 'd2de89aa-1d2f-409e-8d2d-b41b468a7efb', 'iPhone SE 2nd Gen', NULL, 'smartphone', 2020, NULL, '/images/devices/iphone/iphone-se-2020.png', NULL, '{}', NULL, '{}', '{}', '{}', NULL, NULL, 'available', true, 0, '2025-09-04 00:51:11.912724+00', '2025-09-04 00:51:11.912724+00'),
	('6a2fb5f2-7068-46f5-8673-02112502e4c1', 'd2de89aa-1d2f-409e-8d2d-b41b468a7efb', 'iPhone XS', NULL, 'smartphone', 2018, NULL, '/images/devices/iphone/iphone-xs.png', NULL, '{}', NULL, '{}', '{}', '{}', NULL, NULL, 'limited', true, 0, '2025-09-04 00:51:11.929649+00', '2025-09-04 00:51:11.929649+00'),
	('c813d3e2-9cde-4905-84a3-d3b58aeb6a39', 'd2de89aa-1d2f-409e-8d2d-b41b468a7efb', 'iPhone XR', NULL, 'smartphone', 2018, NULL, '/images/devices/iphone/iphone-xr.png', NULL, '{}', NULL, '{}', '{}', '{}', NULL, NULL, 'limited', true, 0, '2025-09-04 00:51:11.937423+00', '2025-09-04 00:51:11.937423+00'),
	('d737b9c0-2b58-4bb7-a363-e61637fb3c9e', 'd2de89aa-1d2f-409e-8d2d-b41b468a7efb', 'iPhone X', NULL, 'smartphone', 2017, NULL, '/images/devices/iphone/iphone-x.png', NULL, '{}', NULL, '{}', '{}', '{}', NULL, NULL, 'limited', true, 0, '2025-09-04 00:51:11.94669+00', '2025-09-04 00:51:11.94669+00'),
	('8181ce81-f55e-4da7-985c-528575a980bf', 'd2de89aa-1d2f-409e-8d2d-b41b468a7efb', 'iPad Pro 12.9" (6th Gen)', NULL, 'tablet', 2022, NULL, '/images/devices/ipad/ipad-pro-12-9-2022.png', NULL, '{}', NULL, '{}', '{}', '{}', NULL, NULL, 'available', true, 0, '2025-09-04 00:51:11.956662+00', '2025-09-04 00:51:11.956662+00'),
	('3a74b4f7-405f-407b-bb01-74706703163b', 'd2de89aa-1d2f-409e-8d2d-b41b468a7efb', 'iPad Pro 11" (4th Gen)', NULL, 'tablet', 2022, NULL, '/images/devices/ipad/ipad-pro-11-2022.png', NULL, '{}', NULL, '{}', '{}', '{}', NULL, NULL, 'available', true, 0, '2025-09-04 00:51:11.967073+00', '2025-09-04 00:51:11.967073+00'),
	('1c2a5880-7e85-4dc0-8b5d-d9d8b79229d6', 'd2de89aa-1d2f-409e-8d2d-b41b468a7efb', 'iPad Air (5th Gen)', NULL, 'tablet', 2022, NULL, '/images/devices/ipad/ipad-air-5.png', NULL, '{}', NULL, '{}', '{}', '{}', NULL, NULL, 'available', true, 0, '2025-09-04 00:51:11.976823+00', '2025-09-04 00:51:11.976823+00'),
	('b84a0ab0-31fd-442d-8c00-eb2a4719aede', 'd2de89aa-1d2f-409e-8d2d-b41b468a7efb', 'iPad (10th Gen)', NULL, 'tablet', 2022, NULL, '/images/devices/ipad/ipad-10.png', NULL, '{}', NULL, '{}', '{}', '{}', NULL, NULL, 'available', true, 0, '2025-09-04 00:51:11.984812+00', '2025-09-04 00:51:11.984812+00'),
	('68e6a1de-c88c-4d04-b829-400846783518', 'd2de89aa-1d2f-409e-8d2d-b41b468a7efb', 'iPad (9th Gen)', NULL, 'tablet', 2021, NULL, '/images/devices/ipad/ipad-9.png', NULL, '{}', NULL, '{}', '{}', '{}', NULL, NULL, 'available', true, 0, '2025-09-04 00:51:11.993069+00', '2025-09-04 00:51:11.993069+00'),
	('987fe210-2ebe-4142-bd84-f46612e3d6f9', 'd2de89aa-1d2f-409e-8d2d-b41b468a7efb', 'iPad Mini (6th Gen)', NULL, 'tablet', 2021, NULL, '/images/devices/ipad/ipad-mini-6.png', NULL, '{}', NULL, '{}', '{}', '{}', NULL, NULL, 'available', true, 0, '2025-09-04 00:51:12.001235+00', '2025-09-04 00:51:12.001235+00'),
	('1edf20c8-becf-4b2c-9002-598873eec5d4', '72985891-6802-4a2f-bbdd-c8e618b78720', 'Galaxy S24 Ultra', NULL, 'smartphone', 2024, NULL, '/images/devices/samsung/galaxy-s24-ultra.png', NULL, '{}', NULL, '{}', '{}', '{}', NULL, NULL, 'available', true, 0, '2025-09-04 00:51:12.009746+00', '2025-09-04 00:51:12.009746+00'),
	('54fc6df2-6d9d-425f-8b09-ccfde3d62d96', '72985891-6802-4a2f-bbdd-c8e618b78720', 'Galaxy S24+', NULL, 'smartphone', 2024, NULL, '/images/devices/samsung/galaxy-s24-plus.png', NULL, '{}', NULL, '{}', '{}', '{}', NULL, NULL, 'available', true, 0, '2025-09-04 00:51:12.01839+00', '2025-09-04 00:51:12.01839+00'),
	('2f3d59aa-4bac-4077-a164-9c315f0e5a95', '72985891-6802-4a2f-bbdd-c8e618b78720', 'Galaxy S24', NULL, 'smartphone', 2024, NULL, '/images/devices/samsung/galaxy-s24.png', NULL, '{}', NULL, '{}', '{}', '{}', NULL, NULL, 'available', true, 0, '2025-09-04 00:51:12.027737+00', '2025-09-04 00:51:12.027737+00'),
	('e31c0e22-db46-4f01-ada5-db2bb99a7e32', '72985891-6802-4a2f-bbdd-c8e618b78720', 'Galaxy S23 Ultra', NULL, 'smartphone', 2023, NULL, '/images/devices/samsung/galaxy-s23-ultra.png', NULL, '{}', NULL, '{}', '{}', '{}', NULL, NULL, 'available', true, 0, '2025-09-04 00:51:12.036587+00', '2025-09-04 00:51:12.036587+00'),
	('32f0b940-9234-4da4-9f74-621a1db28c2f', '72985891-6802-4a2f-bbdd-c8e618b78720', 'Galaxy S23+', NULL, 'smartphone', 2023, NULL, '/images/devices/samsung/galaxy-s23-plus.png', NULL, '{}', NULL, '{}', '{}', '{}', NULL, NULL, 'available', true, 0, '2025-09-04 00:51:12.045409+00', '2025-09-04 00:51:12.045409+00'),
	('5b017724-1084-4b81-8ca1-a613882c984c', '72985891-6802-4a2f-bbdd-c8e618b78720', 'Galaxy S22 Ultra', NULL, 'smartphone', 2022, NULL, '/images/devices/samsung/galaxy-s22-ultra.png', NULL, '{}', NULL, '{}', '{}', '{}', NULL, NULL, 'available', true, 0, '2025-09-04 00:51:12.06221+00', '2025-09-04 00:51:12.06221+00'),
	('4a2c2b61-d804-4e7f-804a-e246f706ea5c', 'd2de89aa-1d2f-409e-8d2d-b41b468a7efb', 'iPhone 11 Pro', NULL, 'smartphone', 2019, NULL, 'https://egotypldqzdzjclikmeg.supabase.co/storage/v1/object/public/device-images/iphone-11-pro.png', NULL, '{}', NULL, '{}', '{}', '{}', NULL, NULL, 'limited', true, 0, '2025-09-04 00:51:11.889108+00', '2025-09-04 03:31:24.497699+00'),
	('374e9ed4-6394-47e0-98d9-fc0fbfc8744c', 'd2de89aa-1d2f-409e-8d2d-b41b468a7efb', 'iPhone 12', NULL, 'smartphone', 2020, NULL, 'https://egotypldqzdzjclikmeg.supabase.co/storage/v1/object/public/device-images/iphone-12.png', NULL, '{}', NULL, '{}', '{}', '{}', NULL, NULL, 'available', true, 0, '2025-09-04 00:51:11.865114+00', '2025-09-04 03:31:25.14031+00'),
	('df53021d-125a-4a45-ae06-bbcb9a4d0685', 'd2de89aa-1d2f-409e-8d2d-b41b468a7efb', 'iPhone 12 Mini', NULL, 'smartphone', 2020, NULL, 'https://egotypldqzdzjclikmeg.supabase.co/storage/v1/object/public/device-images/iphone-12-mini.png', NULL, '{}', NULL, '{}', '{}', '{}', NULL, NULL, 'available', true, 0, '2025-09-04 00:51:11.873604+00', '2025-09-04 03:31:25.42638+00'),
	('12084372-94ac-4731-bb05-6f0c4e455e9e', 'd2de89aa-1d2f-409e-8d2d-b41b468a7efb', 'iPhone 12 Pro', NULL, 'smartphone', 2020, NULL, 'https://egotypldqzdzjclikmeg.supabase.co/storage/v1/object/public/device-images/iphone-12-pro.png', NULL, '{}', NULL, '{}', '{}', '{}', NULL, NULL, 'available', true, 0, '2025-09-04 00:51:11.857664+00', '2025-09-04 03:31:25.716315+00'),
	('51b9657a-14f5-49f2-9ff7-38da551c6c17', 'd2de89aa-1d2f-409e-8d2d-b41b468a7efb', 'iPhone 12 Pro Max', NULL, 'smartphone', 2020, NULL, 'https://egotypldqzdzjclikmeg.supabase.co/storage/v1/object/public/device-images/iphone-12-pro-max.png', NULL, '{}', NULL, '{}', '{}', '{}', NULL, NULL, 'available', true, 0, '2025-09-04 00:51:11.849873+00', '2025-09-04 03:31:25.935397+00'),
	('353c6276-55a5-40fc-a4c3-4673cb856895', 'd2de89aa-1d2f-409e-8d2d-b41b468a7efb', 'iPhone 13', NULL, 'smartphone', 2021, NULL, 'https://egotypldqzdzjclikmeg.supabase.co/storage/v1/object/public/device-images/iphone-13.png', NULL, '{}', NULL, '{}', '{}', '{}', NULL, NULL, 'available', true, 0, '2025-09-04 00:51:11.83494+00', '2025-09-04 03:31:26.246835+00'),
	('2a19bd4f-46f9-41b5-a06a-927630f0d517', 'd2de89aa-1d2f-409e-8d2d-b41b468a7efb', 'iPhone 13 Pro Max', NULL, 'smartphone', 2021, NULL, 'https://egotypldqzdzjclikmeg.supabase.co/storage/v1/object/public/device-images/iphone-13-pro-max.png', NULL, '{}', NULL, '{}', '{}', '{}', NULL, NULL, 'available', true, 0, '2025-09-04 00:51:11.818855+00', '2025-09-04 03:31:26.792305+00'),
	('e8566206-e592-45e7-9b2a-18ff33551306', 'd2de89aa-1d2f-409e-8d2d-b41b468a7efb', 'iPhone 14', NULL, 'smartphone', 2022, NULL, 'https://egotypldqzdzjclikmeg.supabase.co/storage/v1/object/public/device-images/iphone-14.png', NULL, '{}', NULL, '{}', '{}', '{}', NULL, NULL, 'available', true, 0, '2025-09-04 00:51:11.810843+00', '2025-09-04 03:31:27.040065+00'),
	('6122f4a8-e9ba-41cc-9710-d25ae10364a5', 'd2de89aa-1d2f-409e-8d2d-b41b468a7efb', 'iPhone 13 Pro', NULL, 'smartphone', 2021, 'https://egotypldqzdzjclikmeg.supabase.co/storage/v1/object/public/device-images/iphone-13-pro.png', 'https://egotypldqzdzjclikmeg.supabase.co/storage/v1/object/public/device-images/iphone-13-pro.png', NULL, '{}', NULL, '{}', '{}', '{}', NULL, NULL, 'available', true, 0, '2025-09-04 00:51:11.827269+00', '2025-09-04 04:58:19.743332+00'),
	('b46db08f-b8a1-4f30-9ec8-e426a8233feb', 'd2de89aa-1d2f-409e-8d2d-b41b468a7efb', 'iPhone 15 Plus', NULL, 'smartphone', 2023, 'https://egotypldqzdzjclikmeg.supabase.co/storage/v1/object/public/device-images/gallery-1756959555002.jpg', 'https://egotypldqzdzjclikmeg.supabase.co/storage/v1/object/public/device-images/gallery-1756959555002.jpg', NULL, '{}', NULL, '{}', '{}', '{}', NULL, NULL, 'available', true, 0, '2025-09-04 00:51:11.767021+00', '2025-09-04 04:19:43.279087+00'),
	('7ed6e2c1-5f1b-4043-a42e-5fc2e3e3a80e', '72985891-6802-4a2f-bbdd-c8e618b78720', 'Galaxy S23', NULL, 'smartphone', 2023, 'https://egotypldqzdzjclikmeg.supabase.co/storage/v1/object/public/device-images/galaxy-s23.png', 'https://egotypldqzdzjclikmeg.supabase.co/storage/v1/object/public/device-images/galaxy-s23.png', NULL, '{}', NULL, '{}', '{}', '{}', NULL, NULL, 'available', true, 1, '2025-09-04 00:51:12.053747+00', '2025-09-04 03:55:58.057718+00'),
	('d2ba824d-4590-4348-9992-89b29a87e488', 'd2de89aa-1d2f-409e-8d2d-b41b468a7efb', 'iPhone 15', NULL, 'smartphone', 2023, 'https://egotypldqzdzjclikmeg.supabase.co/storage/v1/object/public/device-images/gallery-1756959555002.jpg', 'https://egotypldqzdzjclikmeg.supabase.co/storage/v1/object/public/device-images/gallery-1756959555002.jpg', NULL, '{}', NULL, '{}', '{}', '{}', NULL, NULL, 'available', true, 0, '2025-09-04 00:51:11.777297+00', '2025-09-04 04:19:52.151305+00'),
	('713b037c-ee80-4980-8626-97b322374765', 'd2de89aa-1d2f-409e-8d2d-b41b468a7efb', 'iPhone 14 Pro Max', NULL, 'smartphone', 2022, NULL, 'https://egotypldqzdzjclikmeg.supabase.co/storage/v1/object/public/device-images/iphone-14-pro-max.png', NULL, '{}', NULL, '{}', '{}', '{}', NULL, NULL, 'available', true, 1, '2025-09-04 00:51:11.785928+00', '2025-09-04 05:10:26.288629+00'),
	('0d162b2a-ef8f-478c-9558-809737b1771f', '72985891-6802-4a2f-bbdd-c8e618b78720', 'Galaxy S22+', NULL, 'smartphone', 2022, NULL, '/images/devices/samsung/galaxy-s22-plus.png', NULL, '{}', NULL, '{}', '{}', '{}', NULL, NULL, 'available', true, 0, '2025-09-04 00:51:12.070637+00', '2025-09-04 00:51:12.070637+00'),
	('9e8fd2f5-dba5-44b1-b791-d0dcbe2b5100', '72985891-6802-4a2f-bbdd-c8e618b78720', 'Galaxy S22', NULL, 'smartphone', 2022, NULL, '/images/devices/samsung/galaxy-s22.png', NULL, '{}', NULL, '{}', '{}', '{}', NULL, NULL, 'available', true, 0, '2025-09-04 00:51:12.078693+00', '2025-09-04 00:51:12.078693+00'),
	('134e8c18-4d9d-411e-a9ec-08afe7f6f4c3', '72985891-6802-4a2f-bbdd-c8e618b78720', 'Galaxy S21+', NULL, 'smartphone', 2021, NULL, '/images/devices/samsung/galaxy-s21-plus.png', NULL, '{}', NULL, '{}', '{}', '{}', NULL, NULL, 'available', true, 0, '2025-09-04 00:51:12.095866+00', '2025-09-04 00:51:12.095866+00'),
	('c58874c4-abc7-4a10-bb59-0de9e3927292', '72985891-6802-4a2f-bbdd-c8e618b78720', 'Galaxy S21', NULL, 'smartphone', 2021, NULL, '/images/devices/samsung/galaxy-s21.png', NULL, '{}', NULL, '{}', '{}', '{}', NULL, NULL, 'available', true, 0, '2025-09-04 00:51:12.104512+00', '2025-09-04 00:51:12.104512+00'),
	('51cfd132-0acc-4d17-8405-dba8dd456470', '72985891-6802-4a2f-bbdd-c8e618b78720', 'Galaxy Z Fold 5', NULL, 'smartphone', 2023, NULL, '/images/devices/samsung/galaxy-z-fold-5.png', NULL, '{}', NULL, '{}', '{}', '{}', NULL, NULL, 'available', true, 0, '2025-09-04 00:51:12.113193+00', '2025-09-04 00:51:12.113193+00'),
	('7311ee43-8267-4c2a-82c3-02a8e6e72c93', '72985891-6802-4a2f-bbdd-c8e618b78720', 'Galaxy Z Flip 5', NULL, 'smartphone', 2023, NULL, '/images/devices/samsung/galaxy-z-flip-5.png', NULL, '{}', NULL, '{}', '{}', '{}', NULL, NULL, 'available', true, 0, '2025-09-04 00:51:12.121962+00', '2025-09-04 00:51:12.121962+00'),
	('4d1b544f-3d7f-4a27-8084-3849eefa871f', '72985891-6802-4a2f-bbdd-c8e618b78720', 'Galaxy A54', NULL, 'smartphone', NULL, NULL, '/images/devices/samsung/galaxy-a54.png', NULL, '{}', NULL, '{}', '{}', '{}', NULL, NULL, 'limited', true, 0, '2025-09-04 00:51:12.130325+00', '2025-09-04 00:51:12.130325+00'),
	('e7920037-f882-4eb3-b3dd-febeb0209156', '72985891-6802-4a2f-bbdd-c8e618b78720', 'Galaxy A34', NULL, 'smartphone', NULL, NULL, '/images/devices/samsung/galaxy-a34.png', NULL, '{}', NULL, '{}', '{}', '{}', NULL, NULL, 'limited', true, 0, '2025-09-04 00:51:12.137978+00', '2025-09-04 00:51:12.137978+00'),
	('eabcc0ae-71dc-491a-b06f-5c81e645568b', '72985891-6802-4a2f-bbdd-c8e618b78720', 'Galaxy A14', NULL, 'smartphone', NULL, NULL, '/images/devices/samsung/galaxy-a14.png', NULL, '{}', NULL, '{}', '{}', '{}', NULL, NULL, 'limited', true, 0, '2025-09-04 00:51:12.145942+00', '2025-09-04 00:51:12.145942+00'),
	('3baa1791-aa95-4bf6-8617-62c5ceac3dce', 'f5c8fd8c-fe7b-470d-8bb7-48d65f245b93', 'Pixel 8 Pro', NULL, 'smartphone', 2023, NULL, '/images/devices/google/pixel-8-pro.png', NULL, '{}', NULL, '{}', '{}', '{}', NULL, NULL, 'available', true, 0, '2025-09-04 00:51:12.15397+00', '2025-09-04 00:51:12.15397+00'),
	('1248daac-dc36-45bf-a33b-fe22f32450d5', 'f5c8fd8c-fe7b-470d-8bb7-48d65f245b93', 'Pixel 8', NULL, 'smartphone', 2023, NULL, '/images/devices/google/pixel-8.png', NULL, '{}', NULL, '{}', '{}', '{}', NULL, NULL, 'available', true, 0, '2025-09-04 00:51:12.16235+00', '2025-09-04 00:51:12.16235+00'),
	('54c6e205-5b07-46fb-8621-8dc5e5974850', 'f5c8fd8c-fe7b-470d-8bb7-48d65f245b93', 'Pixel 7 Pro', NULL, 'smartphone', 2022, NULL, '/images/devices/google/pixel-7-pro.png', NULL, '{}', NULL, '{}', '{}', '{}', NULL, NULL, 'available', true, 0, '2025-09-04 00:51:12.170201+00', '2025-09-04 00:51:12.170201+00'),
	('1e9ef28f-7631-4966-971f-80d9b09650d6', 'f5c8fd8c-fe7b-470d-8bb7-48d65f245b93', 'Pixel 7', NULL, 'smartphone', 2022, NULL, '/images/devices/google/pixel-7.png', NULL, '{}', NULL, '{}', '{}', '{}', NULL, NULL, 'available', true, 0, '2025-09-04 00:51:12.17817+00', '2025-09-04 00:51:12.17817+00'),
	('5eae8aeb-eee0-46b1-905d-772fc89cb375', 'f5c8fd8c-fe7b-470d-8bb7-48d65f245b93', 'Pixel 7a', NULL, 'smartphone', 2022, NULL, '/images/devices/google/pixel-7a.png', NULL, '{}', NULL, '{}', '{}', '{}', NULL, NULL, 'available', true, 0, '2025-09-04 00:51:12.185825+00', '2025-09-04 00:51:12.185825+00'),
	('01aab7f2-e905-4018-9d91-79e02317e7bd', 'f5c8fd8c-fe7b-470d-8bb7-48d65f245b93', 'Pixel 6 Pro', NULL, 'smartphone', 2021, NULL, '/images/devices/google/25-05-2022-1653481380pixel-6-pro.png', NULL, '{}', NULL, '{}', '{}', '{}', NULL, NULL, 'available', true, 0, '2025-09-04 00:51:12.193657+00', '2025-09-04 00:51:12.193657+00'),
	('9d4d69d6-625a-4e6c-9bb1-af9595018733', 'f5c8fd8c-fe7b-470d-8bb7-48d65f245b93', 'Pixel 6', NULL, 'smartphone', 2021, NULL, '/images/devices/google/25-05-2022-1653481364pixel-6.png', NULL, '{}', NULL, '{}', '{}', '{}', NULL, NULL, 'available', true, 0, '2025-09-04 00:51:12.201845+00', '2025-09-04 00:51:12.201845+00'),
	('cce52535-91c0-4a50-b933-7b99159d6ba5', 'f5c8fd8c-fe7b-470d-8bb7-48d65f245b93', 'Pixel 6a', NULL, 'smartphone', 2021, NULL, '/images/devices/google/pixel-6a.png', NULL, '{}', NULL, '{}', '{}', '{}', NULL, NULL, 'available', true, 0, '2025-09-04 00:51:12.209803+00', '2025-09-04 00:51:12.209803+00'),
	('b9256390-92e6-4967-9336-956f0a41fede', 'f5c8fd8c-fe7b-470d-8bb7-48d65f245b93', 'Pixel 5a', NULL, 'smartphone', 2020, NULL, '/images/devices/google/25-05-2022-1653481348pixel-5a.png', NULL, '{}', NULL, '{}', '{}', '{}', NULL, NULL, 'available', true, 0, '2025-09-04 00:51:12.217874+00', '2025-09-04 00:51:12.217874+00'),
	('4b607e22-737c-442f-ba47-d22b42260cb1', 'f5c8fd8c-fe7b-470d-8bb7-48d65f245b93', 'Pixel 5', NULL, 'smartphone', 2020, NULL, '/images/devices/google/25-05-2022-1653481311pixel-5.png', NULL, '{}', NULL, '{}', '{}', '{}', NULL, NULL, 'available', true, 0, '2025-09-04 00:51:12.225376+00', '2025-09-04 00:51:12.225376+00'),
	('25e8a9b2-e94c-4907-b0e2-78a089e9029f', 'f5c8fd8c-fe7b-470d-8bb7-48d65f245b93', 'Pixel 4a', NULL, 'smartphone', 2019, NULL, '/images/devices/google/25-05-2022-1653481274pixel-4a.png', NULL, '{}', NULL, '{}', '{}', '{}', NULL, NULL, 'limited', true, 0, '2025-09-04 00:51:12.233676+00', '2025-09-04 00:51:12.233676+00'),
	('9cbac068-784b-4bcc-b315-c084b45cfcb1', 'f5c8fd8c-fe7b-470d-8bb7-48d65f245b93', 'Pixel 4 XL', NULL, 'smartphone', 2019, NULL, '/images/devices/google/25-05-2022-1653481206pixel-4-xl.png', NULL, '{}', NULL, '{}', '{}', '{}', NULL, NULL, 'limited', true, 0, '2025-09-04 00:51:12.242753+00', '2025-09-04 00:51:12.242753+00'),
	('536f189a-af34-4591-b88a-f6122216c754', '7cf66721-2bd7-4477-af09-ab080734c1bd', 'OnePlus 12', NULL, 'smartphone', 2024, NULL, '/images/devices/oneplus/oneplus-12.png', NULL, '{}', NULL, '{}', '{}', '{}', NULL, NULL, 'available', true, 0, '2025-09-04 00:51:12.251667+00', '2025-09-04 00:51:12.251667+00'),
	('82f1047e-f404-494c-a5c9-7a42d4feebcf', '7cf66721-2bd7-4477-af09-ab080734c1bd', 'OnePlus 11', NULL, 'smartphone', 2023, NULL, '/images/devices/oneplus/oneplus-11.png', NULL, '{}', NULL, '{}', '{}', '{}', NULL, NULL, 'available', true, 0, '2025-09-04 00:51:12.260575+00', '2025-09-04 00:51:12.260575+00'),
	('fa0dce35-0945-49e1-9388-9755acb4bcea', '7cf66721-2bd7-4477-af09-ab080734c1bd', 'OnePlus Nord 3', NULL, 'smartphone', NULL, NULL, '/images/devices/oneplus/oneplus-nord-3.png', NULL, '{}', NULL, '{}', '{}', '{}', NULL, NULL, 'limited', true, 0, '2025-09-04 00:51:12.269318+00', '2025-09-04 00:51:12.269318+00'),
	('4432f6b8-c544-4a59-a975-bd2f1a8f357c', '7cf66721-2bd7-4477-af09-ab080734c1bd', 'OnePlus 10 Pro', NULL, 'smartphone', 2022, NULL, '/images/devices/oneplus/oneplus-10-pro.png', NULL, '{}', NULL, '{}', '{}', '{}', NULL, NULL, 'available', true, 0, '2025-09-04 00:51:12.277819+00', '2025-09-04 00:51:12.277819+00'),
	('28f7a543-aee5-485d-9651-39bac1c70515', '7cf66721-2bd7-4477-af09-ab080734c1bd', 'OnePlus 10T', NULL, 'smartphone', 2022, NULL, '/images/devices/oneplus/oneplus-10t.png', NULL, '{}', NULL, '{}', '{}', '{}', NULL, NULL, 'available', true, 0, '2025-09-04 00:51:12.287399+00', '2025-09-04 00:51:12.287399+00'),
	('3751ce1a-d4e2-46c0-bf2a-8b7b2d16d67a', '72985891-6802-4a2f-bbdd-c8e618b78720', 'Galaxy S21 Ultra', NULL, 'smartphone', 2021, NULL, 'https://egotypldqzdzjclikmeg.supabase.co/storage/v1/object/public/device-images/galaxy-s21-ultra.png', NULL, '{}', NULL, '{}', '{}', '{}', NULL, NULL, 'available', true, 0, '2025-09-04 00:51:12.087367+00', '2025-09-04 03:31:23.807529+00'),
	('35c3b906-c38f-4f23-a91c-19160ef36dbf', 'd2de89aa-1d2f-409e-8d2d-b41b468a7efb', 'iPhone 11', NULL, 'smartphone', 2019, NULL, 'https://egotypldqzdzjclikmeg.supabase.co/storage/v1/object/public/device-images/iphone-11.png', NULL, '{}', NULL, '{}', '{}', '{}', NULL, NULL, 'limited', true, 0, '2025-09-04 00:51:11.897257+00', '2025-09-04 03:31:24.183499+00'),
	('70fead5b-b26e-40be-b30d-f1a22800519d', 'd2de89aa-1d2f-409e-8d2d-b41b468a7efb', 'iPhone 11 Pro Max', NULL, 'smartphone', 2019, NULL, 'https://egotypldqzdzjclikmeg.supabase.co/storage/v1/object/public/device-images/iphone-11-pro-max.png', NULL, '{}', NULL, '{}', '{}', '{}', NULL, NULL, 'limited', true, 0, '2025-09-04 00:51:11.881373+00', '2025-09-04 03:31:24.773882+00'),
	('8fe8860d-a8fb-4bd2-bb61-9c984573304d', 'd2de89aa-1d2f-409e-8d2d-b41b468a7efb', 'iPhone 13 Mini', NULL, 'smartphone', 2021, NULL, 'https://egotypldqzdzjclikmeg.supabase.co/storage/v1/object/public/device-images/iphone-13-mini.png', NULL, '{}', NULL, '{}', '{}', '{}', NULL, NULL, 'available', true, 0, '2025-09-04 00:51:11.842127+00', '2025-09-04 03:31:26.531844+00'),
	('763b4454-ce8d-4a91-8144-ce0bcdf72ce7', 'd2de89aa-1d2f-409e-8d2d-b41b468a7efb', 'iPhone 14 Pro', NULL, 'smartphone', 2022, NULL, 'https://egotypldqzdzjclikmeg.supabase.co/storage/v1/object/public/device-images/iphone-14-pro.png', NULL, '{}', NULL, '{}', '{}', '{}', NULL, NULL, 'available', true, 1, '2025-09-04 00:51:11.794603+00', '2025-09-04 03:31:27.296079+00'),
	('df2e9185-4bb7-431b-9037-99615d92608c', 'd2de89aa-1d2f-409e-8d2d-b41b468a7efb', 'iPhone XS Max', NULL, 'smartphone', 2018, NULL, 'https://egotypldqzdzjclikmeg.supabase.co/storage/v1/object/public/device-images/iphone-xs-max.png', NULL, '{}', NULL, '{}', '{}', '{}', NULL, NULL, 'limited', true, 0, '2025-09-04 00:51:11.921125+00', '2025-09-04 03:31:28.066246+00'),
	('d28974f7-ca7c-4116-985d-8c44dc2b4332', 'd2de89aa-1d2f-409e-8d2d-b41b468a7efb', 'iPhone 15 Pro Max', NULL, 'smartphone', 2023, 'https://egotypldqzdzjclikmeg.supabase.co/storage/v1/object/public/device-images/gallery-1756959555002.jpg', 'https://egotypldqzdzjclikmeg.supabase.co/storage/v1/object/public/device-images/gallery-1756959555002.jpg', NULL, '{}', NULL, '{}', '{}', '{}', NULL, NULL, 'available', true, 0, '2025-09-04 00:51:11.740854+00', '2025-09-04 04:19:29.235227+00'),
	('372358d9-2422-4d30-a6bf-0ac74a393d2c', 'd2de89aa-1d2f-409e-8d2d-b41b468a7efb', 'iPhone 16 Pro Max', '02A0', 'smartphone', 2024, 'https://egotypldqzdzjclikmeg.supabase.co/storage/v1/object/public/device-images/iphone-16-pro-max.jpg', 'https://egotypldqzdzjclikmeg.supabase.co/storage/v1/object/public/device-images/gallery-1756959555002.jpg', NULL, '{}', NULL, '{}', '{}', '{}', NULL, NULL, NULL, true, 2, '2025-09-04 00:56:58.893061+00', '2025-09-04 04:19:17.434818+00'),
	('c5a0aba7-2f69-44bb-af69-76e3d1136c87', 'd2de89aa-1d2f-409e-8d2d-b41b468a7efb', 'iPhone 15 Pro', NULL, 'smartphone', 2023, 'https://egotypldqzdzjclikmeg.supabase.co/storage/v1/object/public/device-images/gallery-1756959555002.jpg', 'https://egotypldqzdzjclikmeg.supabase.co/storage/v1/object/public/device-images/gallery-1756959555002.jpg', NULL, '{}', NULL, '{}', '{}', '{}', NULL, NULL, 'available', true, 0, '2025-09-04 00:51:11.755191+00', '2025-09-04 04:19:36.491009+00'),
	('80c45429-8436-4c9c-ad20-7ae09bd36ebd', 'd2de89aa-1d2f-409e-8d2d-b41b468a7efb', 'iPhone 14 Plus', NULL, 'smartphone', 2022, 'https://egotypldqzdzjclikmeg.supabase.co/storage/v1/object/public/device-images/iphone-14-plus.png', 'https://egotypldqzdzjclikmeg.supabase.co/storage/v1/object/public/device-images/iphone-14-plus.png', NULL, '{}', NULL, '{}', '{}', '{}', NULL, NULL, 'available', true, 0, '2025-09-04 00:51:11.802789+00', '2025-09-04 04:57:56.704733+00');


--
-- Data for Name: customer_devices; Type: TABLE DATA; Schema: public; Owner: postgres
--

INSERT INTO "public"."customer_devices" ("id", "customer_id", "device_id", "serial_number", "imei", "color", "storage_size", "nickname", "purchase_date", "warranty_expires", "condition", "previous_repairs", "notes", "is_primary", "is_active", "created_at", "updated_at") VALUES
	('4da971fa-45eb-4e9b-af33-e03f7a358c6e', '486abf9d-fe13-4fb1-a05e-38bae0be1bb4', '372358d9-2422-4d30-a6bf-0ac74a393d2c', 'SNLORQSAGU', '305087970722198', 'White', '32GB', NULL, NULL, NULL, 'broken', '[]', NULL, true, true, '2025-09-04 01:07:26.902001+00', '2025-09-04 01:30:24.913735+00'),
	('1b7929fc-80f1-44d0-b010-0dd1afabcfee', '486abf9d-fe13-4fb1-a05e-38bae0be1bb4', '372358d9-2422-4d30-a6bf-0ac74a393d2c', 'SND1SIK97J', '918278985913105', 'Silver', '64GB', NULL, NULL, NULL, NULL, '[]', NULL, false, true, '2025-09-04 01:42:13.319289+00', '2025-09-04 01:42:13.319289+00'),
	('a4e4b744-7f2f-4b6d-bc04-5af5699f04fe', 'aaaaaaaa-aaaa-aaaa-aaaa-aaaaaaaaaaaa', '763b4454-ce8d-4a91-8144-ce0bcdf72ce7', 'F2LZK9XJKXF8', '353850109074471', 'Silver', '32GB', NULL, NULL, NULL, 'poor', '[]', NULL, true, true, '2025-09-04 02:00:28.032215+00', '2025-09-04 02:00:46.155025+00'),
	('74947b2d-e133-4bf3-a63d-a16fda417ccf', 'bbbbbbbb-bbbb-bbbb-bbbb-bbbbbbbbbbbb', '7ed6e2c1-5f1b-4043-a42e-5fc2e3e3a80e', 'R3CR40ABCDE', '356938108542179', 'White', '64GB', NULL, NULL, NULL, 'poor', '[]', NULL, true, true, '2025-09-04 03:55:21.906681+00', '2025-09-04 04:35:37.413396+00'),
	('f8eef5d3-cee1-43dc-a213-d35ce733b212', 'cccccccc-cccc-cccc-cccc-cccccccccccc', '713b037c-ee80-4980-8626-97b322374765', 'SNA75Q5ALE', '451542591652440', 'Gold', '32GB', NULL, NULL, NULL, NULL, '[]', NULL, false, true, '2025-09-04 05:10:52.624425+00', '2025-09-04 05:10:52.624425+00'),
	('494aede7-bfae-49b8-8a78-17ada23ed483', 'cccccccc-cccc-cccc-cccc-cccccccccccc', '713b037c-ee80-4980-8626-97b322374765', 'SNKM7FVOI4', '117190356708916', 'White', '32GB', NULL, NULL, NULL, NULL, '[]', NULL, false, true, '2025-09-04 05:11:11.64194+00', '2025-09-04 05:11:11.64194+00'),
	('7e4132a3-6a07-4d88-a697-394be419edef', 'cccccccc-cccc-cccc-cccc-cccccccccccc', '713b037c-ee80-4980-8626-97b322374765', 'SNICANU7CZ', '886192510571788', 'Gold', '32GB', NULL, NULL, NULL, 'poor', '[]', NULL, false, true, '2025-09-04 05:10:36.853289+00', '2025-09-04 05:11:43.752757+00');


--
-- Data for Name: device_models; Type: TABLE DATA; Schema: public; Owner: postgres
--

INSERT INTO "public"."device_models" ("id", "manufacturer_id", "model_name", "model_number", "release_year", "device_type", "is_active", "total_repairs_count", "common_issues", "average_repair_time_hours", "typical_repair_cost", "image_url", "specifications", "created_at", "updated_at") VALUES
	('66a7899c-15d4-416f-9560-1f72b40ab43c', 'd2de89aa-1d2f-409e-8d2d-b41b468a7efb', 'iPad Air', NULL, 2023, 'tablet', true, 0, '{screen_crack,software_issue}', NULL, NULL, NULL, NULL, '2025-09-03 20:37:32.166493+00', '2025-09-03 20:37:32.166493+00'),
	('6dcdfbca-325f-4188-b75b-2af25dfafeb0', 'd2de89aa-1d2f-409e-8d2d-b41b468a7efb', 'iPad Pro 12.9', NULL, 2023, 'tablet', true, 0, '{screen_crack,charging_port}', NULL, NULL, NULL, NULL, '2025-09-03 20:37:32.166493+00', '2025-09-03 20:37:32.166493+00'),
	('ce3433cd-e241-40d0-97d0-dd46fc68625e', 'd2de89aa-1d2f-409e-8d2d-b41b468a7efb', 'iPhone 13', NULL, 2021, 'smartphone', true, 0, '{screen_crack,battery_issue}', NULL, NULL, NULL, NULL, '2025-09-03 20:37:32.166493+00', '2025-09-03 20:37:32.166493+00'),
	('11715faf-2474-4d41-b77c-d2302127282e', 'd2de89aa-1d2f-409e-8d2d-b41b468a7efb', 'iPhone 14', NULL, 2022, 'smartphone', true, 0, '{screen_crack,battery_issue}', NULL, NULL, NULL, NULL, '2025-09-03 20:37:32.166493+00', '2025-09-03 20:37:32.166493+00'),
	('7c2b7bcf-3090-4007-b5b5-8e2d07d73786', 'd2de89aa-1d2f-409e-8d2d-b41b468a7efb', 'iPhone 14 Pro', NULL, 2022, 'smartphone', true, 0, '{screen_crack,battery_issue}', NULL, NULL, NULL, NULL, '2025-09-03 20:37:32.166493+00', '2025-09-03 20:37:32.166493+00'),
	('600eeecd-1527-461d-b4d5-2d14848a9820', 'd2de89aa-1d2f-409e-8d2d-b41b468a7efb', 'iPhone 15', NULL, 2023, 'smartphone', true, 0, '{screen_crack,battery_issue}', NULL, NULL, NULL, NULL, '2025-09-03 20:37:32.166493+00', '2025-09-03 20:37:32.166493+00'),
	('5564edda-b054-4d74-9e38-1fe0c5c22e20', 'd2de89aa-1d2f-409e-8d2d-b41b468a7efb', 'iPhone 15 Pro', NULL, 2023, 'smartphone', true, 0, '{screen_crack,battery_issue}', NULL, NULL, NULL, NULL, '2025-09-03 20:37:32.166493+00', '2025-09-03 20:37:32.166493+00'),
	('f1f5e8ab-7fc7-4956-aa1c-1ead4a1840f9', '72985891-6802-4a2f-bbdd-c8e618b78720', 'Galaxy Z Flip 5', NULL, 2023, 'smartphone', true, 0, '{screen_crack,hinge_issue}', NULL, NULL, NULL, NULL, '2025-09-03 20:37:32.166493+00', '2025-09-03 20:37:32.166493+00'),
	('afda5981-501f-4e6a-9575-22a053c4cfad', '72985891-6802-4a2f-bbdd-c8e618b78720', 'Galaxy Z Fold 5', NULL, 2023, 'smartphone', true, 0, '{screen_crack,hinge_issue}', NULL, NULL, NULL, NULL, '2025-09-03 20:37:32.166493+00', '2025-09-03 20:37:32.166493+00'),
	('e092dc2b-8f13-43af-90ab-46e72652f2c9', '72985891-6802-4a2f-bbdd-c8e618b78720', 'Galaxy S23', NULL, 2023, 'smartphone', true, 0, '{screen_crack,battery_issue}', NULL, NULL, NULL, NULL, '2025-09-03 20:37:32.166493+00', '2025-09-03 20:37:32.166493+00'),
	('9ef9e83b-1e16-4596-9cc7-b5651a288fcd', '72985891-6802-4a2f-bbdd-c8e618b78720', 'Galaxy S23 Ultra', NULL, 2023, 'smartphone', true, 0, '{screen_crack,camera_issue}', NULL, NULL, NULL, NULL, '2025-09-03 20:37:32.166493+00', '2025-09-03 20:37:32.166493+00'),
	('1d3306ce-7ae0-4ee8-9f11-613de8262afd', '72985891-6802-4a2f-bbdd-c8e618b78720', 'Galaxy S24', NULL, 2024, 'smartphone', true, 0, '{screen_crack,battery_issue}', NULL, NULL, NULL, NULL, '2025-09-03 20:37:32.166493+00', '2025-09-03 20:37:32.166493+00'),
	('f0a49171-7270-4c35-867c-593b745be883', '72985891-6802-4a2f-bbdd-c8e618b78720', 'Galaxy S24 Ultra', NULL, 2024, 'smartphone', true, 0, '{screen_crack,camera_issue}', NULL, NULL, NULL, NULL, '2025-09-03 20:37:32.166493+00', '2025-09-03 20:37:32.166493+00'),
	('be61fda1-71f4-4c3b-b615-66f0abf7eaef', 'f5c8fd8c-fe7b-470d-8bb7-48d65f245b93', 'Pixel 7 Pro', NULL, 2022, 'smartphone', true, 0, '{screen_crack,software_issue}', NULL, NULL, NULL, NULL, '2025-09-03 20:37:32.166493+00', '2025-09-03 20:37:32.166493+00'),
	('6e28846c-221a-4f88-9d00-234637ca5ff4', 'f5c8fd8c-fe7b-470d-8bb7-48d65f245b93', 'Pixel 8', NULL, 2023, 'smartphone', true, 0, '{screen_crack,battery_issue}', NULL, NULL, NULL, NULL, '2025-09-03 20:37:32.166493+00', '2025-09-03 20:37:32.166493+00'),
	('fc84bac0-acf1-4ae0-832e-57987522e9fd', 'f5c8fd8c-fe7b-470d-8bb7-48d65f245b93', 'Pixel 8 Pro', NULL, 2023, 'smartphone', true, 0, '{screen_crack,camera_issue}', NULL, NULL, NULL, NULL, '2025-09-03 20:37:32.166493+00', '2025-09-03 20:37:32.166493+00'),
	('fdc386bb-cd6d-48b4-a421-c55ef6a8d35d', '7cf66721-2bd7-4477-af09-ab080734c1bd', '11', NULL, 2023, 'smartphone', true, 0, '{screen_crack,battery_issue}', NULL, NULL, NULL, NULL, '2025-09-03 20:37:32.166493+00', '2025-09-03 20:37:32.166493+00'),
	('81105622-7858-4824-9745-930aadb3b6f1', '7cf66721-2bd7-4477-af09-ab080734c1bd', '12', NULL, 2024, 'smartphone', true, 0, '{screen_crack,charging_port}', NULL, NULL, NULL, NULL, '2025-09-03 20:37:32.166493+00', '2025-09-03 20:37:32.166493+00'),
	('995391bb-032c-4ab4-a5b8-4d42d98ba626', 'd2de89aa-1d2f-409e-8d2d-b41b468a7efb', 'iPhone 14 Pro Max', NULL, 2022, 'smartphone', true, 1, '{screen_crack,battery_issue}', NULL, NULL, NULL, NULL, '2025-09-03 20:37:32.166493+00', '2025-09-03 21:12:02.891693+00'),
	('496ed383-8247-43c8-aa6b-dd0f6afb47f3', 'd2de89aa-1d2f-409e-8d2d-b41b468a7efb', 'iPhone 15 Pro Max', NULL, 2023, 'smartphone', true, 1, '{screen_crack,battery_issue}', NULL, NULL, NULL, NULL, '2025-09-03 20:37:32.166493+00', '2025-09-03 21:29:10.730347+00');


--
-- Data for Name: services; Type: TABLE DATA; Schema: public; Owner: postgres
--

INSERT INTO "public"."services" ("id", "name", "description", "category", "base_price", "estimated_duration_minutes", "requires_parts", "skill_level", "is_active", "sort_order", "created_at", "updated_at") VALUES
	('a69b3f2b-39fb-4840-8605-db8061683a28', 'Screen Replacement', NULL, 'screen_repair', 150.00, 60, true, 'intermediate', true, 1, '2025-09-04 03:18:02.894668+00', '2025-09-04 03:18:02.894668+00'),
	('9df771e2-16d4-45a4-a856-5bd41f07e1ef', 'Battery Replacement', NULL, 'battery_replacement', 80.00, 45, true, 'intermediate', true, 2, '2025-09-04 03:18:02.894668+00', '2025-09-04 03:18:02.894668+00'),
	('1b3e3066-c874-4133-89ff-8876df3469af', 'Charging Port Repair', NULL, 'charging_port', 90.00, 60, true, 'intermediate', true, 3, '2025-09-04 03:18:02.894668+00', '2025-09-04 03:18:02.894668+00'),
	('497bd429-34f2-4f6c-b9b2-2b578faf5871', 'Water Damage Treatment', NULL, 'water_damage', 120.00, 120, false, 'advanced', true, 4, '2025-09-04 03:18:02.894668+00', '2025-09-04 03:18:02.894668+00'),
	('a45f91c3-783f-4ff8-a92b-8ae141519092', 'Diagnostic Service', NULL, 'diagnostic', 40.00, 30, false, 'basic', true, 5, '2025-09-04 03:18:02.894668+00', '2025-09-04 03:18:02.894668+00'),
	('7c955517-be1d-4a2f-a371-73706ea203e8', 'Software Troubleshooting', NULL, 'software_issue', 50.00, 45, false, 'basic', true, 6, '2025-09-04 03:18:02.894668+00', '2025-09-04 03:18:02.894668+00'),
	('661d0597-0c47-4acd-a456-78bcc75b51f1', 'Camera Module Replacement', NULL, 'camera_repair', 100.00, 60, true, 'intermediate', true, 7, '2025-09-04 03:18:02.894668+00', '2025-09-04 03:18:02.894668+00'),
	('c9037a33-7142-483c-b075-f05ffaf0ff9f', 'Speaker Replacement', NULL, 'speaker_repair', 70.00, 45, true, 'intermediate', true, 8, '2025-09-04 03:18:02.894668+00', '2025-09-04 03:18:02.894668+00'),
	('43869371-de56-4c4a-a841-df2b73aad01c', 'Power Button Repair', NULL, 'button_repair', 60.00, 45, true, 'intermediate', true, 9, '2025-09-04 03:18:02.894668+00', '2025-09-04 03:18:02.894668+00'),
	('99db13ff-8e41-42db-85d4-8c6616e47648', 'Volume Button Repair', NULL, 'button_repair', 60.00, 45, true, 'intermediate', true, 10, '2025-09-04 03:18:02.894668+00', '2025-09-04 03:18:02.894668+00'),
	('ddcaf25e-04e3-4992-af55-daa9fd420998', 'Home Button Repair', NULL, 'button_repair', 70.00, 60, true, 'intermediate', true, 11, '2025-09-04 03:18:02.894668+00', '2025-09-04 03:18:02.894668+00'),
	('9def5d24-1e24-4b49-8db5-bb38e7c8e1b5', 'Motherboard Repair', NULL, 'motherboard_repair', 200.00, 180, true, 'expert', true, 12, '2025-09-04 03:18:02.894668+00', '2025-09-04 03:18:02.894668+00'),
	('9f4fa3fb-13e5-4844-9bfe-58c9ca3285db', 'Data Recovery', NULL, 'data_recovery', 150.00, 120, false, 'advanced', true, 13, '2025-09-04 03:18:02.894668+00', '2025-09-04 03:18:02.894668+00'),
	('69790a57-5042-495e-9ee2-1abf33edb3b0', 'Virus Removal', NULL, 'software_issue', 60.00, 60, false, 'basic', true, 14, '2025-09-04 03:18:02.894668+00', '2025-09-04 03:18:02.894668+00'),
	('1c3f9600-ff3f-44c7-9077-3485d90acac8', 'OS Installation', NULL, 'software_issue', 80.00, 90, false, 'intermediate', true, 15, '2025-09-04 03:18:02.894668+00', '2025-09-04 03:18:02.894668+00');


--
-- Data for Name: device_services; Type: TABLE DATA; Schema: public; Owner: postgres
--



--
-- Data for Name: users; Type: TABLE DATA; Schema: public; Owner: postgres
--

INSERT INTO "public"."users" ("id", "email", "full_name", "role", "created_at", "updated_at") VALUES
	('11111111-1111-1111-1111-111111111111', 'admin@phoneguys.com', 'John Admin', 'admin', '2025-09-03 20:37:32.202521+00', '2025-09-03 20:37:32.202521+00'),
	('22222222-2222-2222-2222-222222222222', 'tech1@phoneguys.com', 'Sarah Technician', 'technician', '2025-09-03 20:37:32.202521+00', '2025-09-03 20:37:32.202521+00'),
	('33333333-3333-3333-3333-333333333333', 'tech2@phoneguys.com', 'Mike Repair', 'technician', '2025-09-03 20:37:32.202521+00', '2025-09-03 20:37:32.202521+00'),
	('44444444-4444-4444-4444-444444444444', 'manager@phoneguys.com', 'Lisa Manager', 'manager', '2025-09-03 20:37:32.202521+00', '2025-09-03 20:37:32.202521+00'),
	('9136a7c4-9535-4493-a5bf-c0c403f24ff0', 'hello@aethercms.com', 'Michael John', 'admin', '2025-09-04 04:11:00.432352+00', '2025-09-04 04:11:00.432352+00'),
	('7b61679a-4523-458b-929e-65a1e80efed3', 'andrew@akhdigital.com', 'Andrew Hood', 'admin', '2025-09-04 04:16:24.687806+00', '2025-09-04 04:16:24.687806+00');


--
-- Data for Name: repair_tickets; Type: TABLE DATA; Schema: public; Owner: postgres
--

INSERT INTO "public"."repair_tickets" ("id", "ticket_number", "customer_id", "assigned_to", "device_brand", "device_model", "serial_number", "imei", "repair_issues", "description", "estimated_cost", "actual_cost", "status", "priority", "total_time_minutes", "is_timer_running", "timer_started_at", "date_received", "estimated_completion", "completed_at", "created_at", "updated_at", "deposit_amount", "device_model_id", "customer_device_id", "device_id") VALUES
	('00000003-0000-0000-0000-000000000003', 'TPG0003', 'cccccccc-cccc-cccc-cccc-cccccccccccc', '22222222-2222-2222-2222-222222222222', 'Google', 'Pixel 7', 'GA03924-US', '358240051111110', '{camera_issue,software_issue}', 'Camera app crashes. Needs parts ordered.', 159.99, NULL, 'on_hold', 'medium', 0, false, NULL, '2025-08-31 20:37:32.202521+00', NULL, NULL, '2025-09-03 20:37:32.202521+00', '2025-09-03 20:37:32.202521+00', 0.00, NULL, NULL, NULL),
	('00000005-0000-0000-0000-000000000005', 'TPG0005', 'eeeeeeee-eeee-eeee-eeee-eeeeeeeeeeee', NULL, 'OnePlus', '11', 'OP11-12345', '862012050123456', '{water_damage}', 'Phone fell in water. Not turning on. Customer needs urgent repair for business.', 299.99, NULL, 'new', 'urgent', 0, false, NULL, '2025-09-03 20:07:32.202521+00', NULL, NULL, '2025-09-03 20:37:32.202521+00', '2025-09-03 20:37:32.202521+00', 0.00, NULL, NULL, NULL),
	('00000004-0000-0000-0000-000000000004', 'TPG0004', 'dddddddd-dddd-dddd-dddd-dddddddddddd', '33333333-3333-3333-3333-333333333333', 'Apple', 'iPhone 13', 'G6TZR9XJKXF9', '353850109074472', '{screen_crack}', 'Screen replacement completed successfully.', 199.99, 189.99, 'completed', 'low', 120, false, NULL, '2025-08-29 20:37:32.202521+00', NULL, '2025-09-01 20:37:32.202521+00', '2025-09-03 20:37:32.202521+00', '2025-09-03 20:37:32.202521+00', 0.00, NULL, NULL, NULL),
	('00000006-0000-0000-0000-000000000006', 'TPG0006', 'ffffffff-ffff-ffff-ffff-ffffffffffff', '33333333-3333-3333-3333-333333333333', 'Apple', 'iPad Pro 12.9', 'DMPWK9XJKXF0', NULL, '{screen_crack,battery_issue}', 'iPad screen shattered. Battery also needs replacement.', 399.99, NULL, 'in_progress', 'high', 0, true, '2025-09-03 19:37:32.202521+00', '2025-09-03 16:37:32.202521+00', NULL, NULL, '2025-09-03 20:37:32.202521+00', '2025-09-03 20:37:32.202521+00', 0.00, NULL, NULL, NULL),
	('9216c0e4-6c4b-45a1-a7be-9cc50b7de8ca', 'TPG0008', '486abf9d-fe13-4fb1-a05e-38bae0be1bb4', '11111111-1111-1111-1111-111111111111', 'Apple', 'iPhone 15 Pro Max', NULL, NULL, '{charging_port,battery_issue}', 'Charging port or battery issues.', 179.99, NULL, 'new', 'medium', 0, false, NULL, '2025-09-03 21:29:10.730347+00', NULL, NULL, '2025-09-03 21:29:10.730347+00', '2025-09-03 21:29:10.730347+00', 0.00, '496ed383-8247-43c8-aa6b-dd0f6afb47f3', NULL, NULL),
	('6e2d2fed-f8a5-4c45-ab87-9dc26ac2040e', 'TPG0009', '486abf9d-fe13-4fb1-a05e-38bae0be1bb4', '11111111-1111-1111-1111-111111111111', 'Apple', 'iPhone 16 Pro Max', NULL, NULL, '{screen_crack,battery_issue}', 'Customer dropped phone, broke screen. Also states battery wouldn''t stay charged for long.', 230.00, NULL, 'cancelled', 'medium', 0, false, NULL, '2025-09-04 01:00:46.015029+00', NULL, NULL, '2025-09-04 01:00:46.015029+00', '2025-09-04 01:42:13.32821+00', 0.00, NULL, '1b7929fc-80f1-44d0-b010-0dd1afabcfee', '372358d9-2422-4d30-a6bf-0ac74a393d2c'),
	('00000001-0000-0000-0000-000000000001', 'TPG0001', 'aaaaaaaa-aaaa-aaaa-aaaa-aaaaaaaaaaaa', NULL, 'Apple', 'iPhone 14 Pro', 'F2LZK9XJKXF8', '353850109074471', '{screen_crack,battery_issue}', 'Customer reports screen is cracked in upper right corner. Battery drains quickly.', 249.99, 12.00, 'in_progress', 'high', 12, false, NULL, '2025-09-03 18:37:32.202521+00', NULL, NULL, '2025-09-03 20:37:32.202521+00', '2025-09-04 02:00:28.040867+00', 0.00, NULL, 'a4e4b744-7f2f-4b6d-bc04-5af5699f04fe', '763b4454-ce8d-4a91-8144-ce0bcdf72ce7'),
	('f4096157-df26-4d46-b15b-9b9dd76c96ec', 'TPG0007', 'cccccccc-cccc-cccc-cccc-cccccccccccc', '11111111-1111-1111-1111-111111111111', 'Apple', 'iPhone 14 Pro Max', '', '', '{screen_crack}', 'Screen is cracked. Needs a complete replacement. ', 150.00, 0.00, 'new', 'medium', 0, false, NULL, '2025-09-03 21:12:02.891693+00', NULL, NULL, '2025-09-03 21:12:02.891693+00', '2025-09-04 05:11:11.71001+00', 50.00, '995391bb-032c-4ab4-a5b8-4d42d98ba626', '494aede7-bfae-49b8-8a78-17ada23ed483', '713b037c-ee80-4980-8626-97b322374765'),
	('e4fb826c-764c-447c-a357-2ddb01ce25e1', 'TPG0010', '486abf9d-fe13-4fb1-a05e-38bae0be1bb4', '11111111-1111-1111-1111-111111111111', 'Apple', 'iPhone 16 Pro Max', 'SNLORQSAGU', '305087970722198', '{screen_crack,battery_issue}', 'Customer dropped phone and cracked screen. Reports issues with battery staying charged. Wants us to look into it all. ', 230.00, 437.00, 'in_progress', 'medium', 437, false, NULL, '2025-09-04 01:07:27.326432+00', NULL, NULL, '2025-09-04 01:07:27.326432+00', '2025-09-04 12:15:32.444281+00', 0.00, NULL, NULL, '372358d9-2422-4d30-a6bf-0ac74a393d2c'),
	('00000002-0000-0000-0000-000000000002', 'TPG0002', 'bbbbbbbb-bbbb-bbbb-bbbb-bbbbbbbbbbbb', '22222222-2222-2222-2222-222222222222', 'Samsung', 'Galaxy S23', 'R3CR40ABCDE', '356938108542179', '{charging_port,screen_crack}', 'Charging port not working properly. Phone charges intermittently.', 89.99, 57.00, 'in_progress', 'medium', 57, true, NULL, '2025-09-02 20:37:32.202521+00', NULL, NULL, '2025-09-03 20:37:32.202521+00', '2025-09-04 04:39:20.232463+00', 0.00, NULL, '74947b2d-e133-4bf3-a63d-a16fda417ccf', '7ed6e2c1-5f1b-4043-a42e-5fc2e3e3a80e');


--
-- Data for Name: notifications; Type: TABLE DATA; Schema: public; Owner: postgres
--

INSERT INTO "public"."notifications" ("id", "ticket_id", "notification_type", "recipient_email", "subject", "content", "sent_at", "status", "created_at") VALUES
	('edc56c97-2388-45e5-b29a-a0526a35e9c8', '00000001-0000-0000-0000-000000000001', 'new_ticket', 'admin@phoneguys.com', 'New Repair Ticket: TPG0001', 'A new repair ticket has been created for Alice Johnson - iPhone 14 Pro', '2025-09-03 18:37:32.202521+00', 'sent', '2025-09-03 20:37:32.202521+00'),
	('4cc8a9ab-c8db-4cb0-8022-7ab958510612', '00000004-0000-0000-0000-000000000004', 'completion', 'diana.prince@email.com', 'Your repair is complete!', 'Your iPhone 13 repair has been completed. Please visit our store to pick up your device.', '2025-09-01 20:37:32.202521+00', 'sent', '2025-09-03 20:37:32.202521+00'),
	('7e388daf-b4a1-4dce-a8ba-a10758d07aab', '00000003-0000-0000-0000-000000000003', 'on_hold', 'charlie.brown@email.com', 'Repair Status Update: On Hold', 'Your Pixel 7 repair is currently on hold while we wait for parts. We will update you once parts arrive.', NULL, 'pending', '2025-09-03 20:37:32.202521+00'),
	('75faedf1-65c9-48ab-a82e-17dabaea72b2', '00000005-0000-0000-0000-000000000005', 'new_ticket', 'manager@phoneguys.com', 'URGENT: New Repair Ticket TPG0005', 'An urgent repair ticket has been created for Edward Norton - OnePlus 11 with water damage.', '2025-09-03 20:07:32.202521+00', 'sent', '2025-09-03 20:37:32.202521+00'),
	('b5e13af9-843f-40fd-9b5b-a7d57321c5cf', '6e2d2fed-f8a5-4c45-ab87-9dc26ac2040e', 'status_change', 'michael@southwellmedia.com', 'Repair Status Update - TPG0009', 'Dear Michael Froseth,\n\nYour repair (TPG0009) has been cancelled. If you have any questions, please contact us.', NULL, 'pending', '2025-09-04 01:02:44.704397+00');


--
-- Data for Name: ticket_notes; Type: TABLE DATA; Schema: public; Owner: postgres
--

INSERT INTO "public"."ticket_notes" ("id", "ticket_id", "user_id", "note_type", "content", "is_important", "created_at") VALUES
	('c9517eb5-e533-4ca2-9e13-3e625a013db5', '00000001-0000-0000-0000-000000000001', '11111111-1111-1111-1111-111111111111', 'internal', 'Customer called to check status. Informed parts are being ordered.', false, '2025-09-03 20:37:32.202521+00'),
	('42711dbc-eca6-4397-8fa4-3018c7a79b0b', '00000001-0000-0000-0000-000000000001', '22222222-2222-2222-2222-222222222222', 'customer', 'Sent email update to customer about repair timeline.', false, '2025-09-03 20:37:32.202521+00'),
	('c6e07f5d-55d6-4f89-8da8-7892a0e87830', '00000002-0000-0000-0000-000000000002', '22222222-2222-2222-2222-222222222222', 'internal', 'Diagnosed issue - charging port pins are bent. Starting repair.', true, '2025-09-03 20:37:32.202521+00'),
	('069e9d9a-1a8b-4582-8fb4-21de6f7ec8ed', '00000003-0000-0000-0000-000000000003', '22222222-2222-2222-2222-222222222222', 'internal', 'Camera module needs to be ordered. ETA 3-5 business days.', true, '2025-09-03 20:37:32.202521+00'),
	('fa55b81c-9286-44e0-8ee3-e98d614d802d', '00000003-0000-0000-0000-000000000003', '11111111-1111-1111-1111-111111111111', 'customer', 'Called customer to inform about parts delay. Customer agreed to wait.', false, '2025-09-03 20:37:32.202521+00'),
	('d6980542-98f9-4cc8-ab7f-c3b781ea7e5a', '00000004-0000-0000-0000-000000000004', '33333333-3333-3333-3333-333333333333', 'internal', 'Screen replacement completed. Tested all functions - working perfectly.', false, '2025-09-03 20:37:32.202521+00'),
	('54245819-456d-495a-9acc-5988da872d0d', '00000005-0000-0000-0000-000000000005', '11111111-1111-1111-1111-111111111111', 'internal', 'URGENT: Business customer. Prioritize this repair.', true, '2025-09-03 20:37:32.202521+00'),
	('bc09c73a-d5ed-4f14-93ff-9000e254839c', '6e2d2fed-f8a5-4c45-ab87-9dc26ac2040e', '11111111-1111-1111-1111-111111111111', 'internal', 'Status changed from new to cancelled', true, '2025-09-04 01:02:44.686157+00');


--
-- Data for Name: ticket_photo_shares; Type: TABLE DATA; Schema: public; Owner: postgres
--



--
-- Data for Name: ticket_photos; Type: TABLE DATA; Schema: public; Owner: postgres
--

INSERT INTO "public"."ticket_photos" ("id", "ticket_id", "file_name", "file_path", "file_size", "mime_type", "uploaded_by", "uploaded_at", "description", "is_before_photo", "is_after_photo", "tags", "service_id", "created_at", "updated_at") VALUES
	('2a2b1ab7-399b-43b1-b1e4-022e96f3e3cd', 'e4fb826c-764c-447c-a357-2ddb01ce25e1', '1756957026220-16-pro-max-BGLASS.webp', 'e4fb826c-764c-447c-a357-2ddb01ce25e1/1756957026220-16-pro-max-BGLASS.webp', 115594, 'image/webp', '11111111-1111-1111-1111-111111111111', '2025-09-04 03:37:06.511+00', '', false, false, '{before,screen-damage}', 'a69b3f2b-39fb-4840-8605-db8061683a28', '2025-09-04 03:37:06.533491+00', '2025-09-04 03:37:06.533491+00'),
	('b9acecc3-14a4-4c11-8ecd-21d936367260', '00000002-0000-0000-0000-000000000002', '1756959348136-dropped-my-s23u-back-is-cracked-but-the-screen-is-intact-v0-w7ccpynri6cb1.webp', '00000002-0000-0000-0000-000000000002/1756959348136-dropped-my-s23u-back-is-cracked-but-the-screen-is-intact-v0-w7ccpynri6cb1.webp', 155950, 'image/webp', '11111111-1111-1111-1111-111111111111', '2025-09-04 04:15:48.511+00', '', false, false, '{before,damage,screen-damage}', 'a69b3f2b-39fb-4840-8605-db8061683a28', '2025-09-04 04:15:48.533054+00', '2025-09-04 04:15:48.533054+00');


--
-- Data for Name: ticket_services; Type: TABLE DATA; Schema: public; Owner: postgres
--

INSERT INTO "public"."ticket_services" ("id", "ticket_id", "service_id", "quantity", "unit_price", "technician_notes", "performed_by", "performed_at", "created_at") VALUES
	('5a6053b0-194e-4b8f-952a-060c2b93236a', '6e2d2fed-f8a5-4c45-ab87-9dc26ac2040e', '7049006e-bdf5-4341-9f35-9e29a58bbbf2', 1, NULL, NULL, '11111111-1111-1111-1111-111111111111', NULL, '2025-09-04 01:00:46.026024+00'),
	('9da679b1-fa05-43e7-aad2-67bf37f8f760', '6e2d2fed-f8a5-4c45-ab87-9dc26ac2040e', '867a6e98-bcbb-49c7-b1cf-e2dd05ce0bbc', 1, NULL, NULL, '11111111-1111-1111-1111-111111111111', NULL, '2025-09-04 01:00:46.026024+00'),
	('0fb9e084-349b-4b0f-8cd3-ac46bd5ffeb0', 'e4fb826c-764c-447c-a357-2ddb01ce25e1', 'a69b3f2b-39fb-4840-8605-db8061683a28', 1, NULL, NULL, '11111111-1111-1111-1111-111111111111', NULL, '2025-09-04 03:36:41.064802+00'),
	('8d7ff1a1-a1df-4905-a189-7bfb5884252e', 'e4fb826c-764c-447c-a357-2ddb01ce25e1', '9df771e2-16d4-45a4-a856-5bd41f07e1ef', 1, NULL, NULL, '11111111-1111-1111-1111-111111111111', NULL, '2025-09-04 03:36:41.064802+00'),
	('5c31d150-da08-4d2f-b658-dfba7f25af80', '00000002-0000-0000-0000-000000000002', '1b3e3066-c874-4133-89ff-8876df3469af', 1, NULL, NULL, '11111111-1111-1111-1111-111111111111', NULL, '2025-09-04 04:15:29.305723+00'),
	('e55dc0a9-d0ed-4195-9f6e-bba107648528', '00000002-0000-0000-0000-000000000002', 'a69b3f2b-39fb-4840-8605-db8061683a28', 1, NULL, NULL, '11111111-1111-1111-1111-111111111111', NULL, '2025-09-04 04:15:29.305723+00');


--
-- Data for Name: time_entries; Type: TABLE DATA; Schema: public; Owner: postgres
--

INSERT INTO "public"."time_entries" ("id", "ticket_id", "user_id", "start_time", "end_time", "duration_minutes", "description", "created_at") VALUES
	('82262cb7-135d-447c-a684-a96763a5c496', '00000002-0000-0000-0000-000000000002', '22222222-2222-2222-2222-222222222222', '2025-09-02 20:37:32.202521+00', '2025-09-02 21:22:32.202521+00', 45, 'Initial diagnosis and disassembly', '2025-09-03 20:37:32.202521+00'),
	('eabec814-bf34-45ba-9e23-b3a01d910645', '00000004-0000-0000-0000-000000000004', '33333333-3333-3333-3333-333333333333', '2025-08-31 20:37:32.202521+00', '2025-08-31 22:37:32.202521+00', 120, 'Complete screen replacement', '2025-09-03 20:37:32.202521+00'),
	('36888a69-55bf-432e-9616-9e05d73c7e60', '00000001-0000-0000-0000-000000000001', '11111111-1111-1111-1111-111111111111', '2025-09-03 21:21:20.608+00', '2025-09-03 21:23:09.686+00', 2, 'Initial diagnosis.', '2025-09-03 21:23:09.689899+00'),
	('c742702d-df44-4f7d-b162-6cdf534ab3f5', '00000001-0000-0000-0000-000000000001', '11111111-1111-1111-1111-111111111111', '2025-09-03 21:23:17.872+00', '2025-09-03 21:32:47.473+00', 10, 'Will need to order a new screen. The breaking is the screen, not the protector.', '2025-09-03 21:32:47.477648+00'),
	('863dd819-784e-4cc2-8db9-a1296b123d5e', 'e4fb826c-764c-447c-a357-2ddb01ce25e1', '11111111-1111-1111-1111-111111111111', '2025-09-04 03:44:09.554+00', '2025-09-04 03:45:40.919+00', 2, 'Timer test', '2025-09-04 03:45:40.976847+00'),
	('f7bd81b3-0225-4b62-8fad-f50773afe6a3', '00000002-0000-0000-0000-000000000002', '11111111-1111-1111-1111-111111111111', '2025-09-04 04:27:30.582+00', '2025-09-04 04:39:20.053+00', 12, 'Initial consultation', '2025-09-04 04:39:20.100285+00'),
	('16b30ba1-e613-4f99-9be6-b0a42fffdb78', 'e4fb826c-764c-447c-a357-2ddb01ce25e1', '11111111-1111-1111-1111-111111111111', '2025-09-04 05:01:12.828+00', '2025-09-04 12:15:32.063+00', 435, 'A long session repairing his device.', '2025-09-04 12:15:32.133677+00');


--
-- Data for Name: user_id_mapping; Type: TABLE DATA; Schema: public; Owner: postgres
--

INSERT INTO "public"."user_id_mapping" ("auth_user_id", "app_user_id", "created_at") VALUES
	('241d165f-cf6c-4836-97ae-8fe1152583d9', '11111111-1111-1111-1111-111111111111', '2025-09-03 21:06:24.439251+00');


--
-- Data for Name: buckets; Type: TABLE DATA; Schema: storage; Owner: supabase_storage_admin
--

INSERT INTO "storage"."buckets" ("id", "name", "owner", "created_at", "updated_at", "public", "avif_autodetection", "file_size_limit", "allowed_mime_types", "owner_id", "type") VALUES
	('ticket-photos', 'ticket-photos', NULL, '2025-09-04 00:52:41.102114+00', '2025-09-04 00:52:41.102114+00', false, false, 10485760, '{image/png,image/jpeg,image/jpg,image/webp,image/heic}', NULL, 'STANDARD'),
	('device-images', 'device-images', NULL, '2025-09-04 01:43:39.449705+00', '2025-09-04 01:43:39.449705+00', true, false, 5242880, '{image/png,image/jpeg,image/jpg,image/webp}', NULL, 'STANDARD');


--
-- Data for Name: buckets_analytics; Type: TABLE DATA; Schema: storage; Owner: supabase_storage_admin
--



--
-- Data for Name: objects; Type: TABLE DATA; Schema: storage; Owner: supabase_storage_admin
--

INSERT INTO "storage"."objects" ("id", "bucket_id", "name", "owner", "created_at", "updated_at", "last_accessed_at", "metadata", "version", "owner_id", "user_metadata", "level") VALUES
	('567864e1-47b2-4346-b24f-41695199bc10', 'device-images', 'iphone-12-pro-max.png', NULL, '2025-09-04 01:43:39.73714+00', '2025-09-04 03:38:05.129948+00', '2025-09-04 01:43:39.73714+00', '{"eTag": "\"6fbb09477896dd0bbc14c12cdac4f6c0\"", "size": 29444, "mimetype": "image/png", "cacheControl": "max-age=3600", "lastModified": "2025-09-04T03:38:06.000Z", "contentLength": 29444, "httpStatusCode": 200}', '06c50adb-03ef-4ce9-9487-96a0d913b62a', NULL, '{}', NULL),
	('ab43260d-26c9-43c8-8788-c7c86e524e6c', 'device-images', 'iphone-13-pro-max.png', NULL, '2025-09-04 01:43:39.82494+00', '2025-09-04 03:38:06.312991+00', '2025-09-04 01:43:39.82494+00', '{"eTag": "\"9397ab085043d6969d6de18f052966db\"", "size": 37378, "mimetype": "image/png", "cacheControl": "max-age=3600", "lastModified": "2025-09-04T03:38:07.000Z", "contentLength": 37378, "httpStatusCode": 200}', '029697f6-112d-4b4b-904a-e3e211b4d761', NULL, '{}', NULL),
	('a0837ae8-8fe2-451b-b5c4-b7a1b70d2fb4', 'device-images', 'iphone-12-pro.png', NULL, '2025-09-04 01:43:39.677427+00', '2025-09-04 03:38:05.732118+00', '2025-09-04 01:43:39.677427+00', '{"eTag": "\"d9787247af47fc4ec81f05a325c256c1\"", "size": 36666, "mimetype": "image/png", "cacheControl": "max-age=3600", "lastModified": "2025-09-04T03:38:06.000Z", "contentLength": 36666, "httpStatusCode": 200}', '35d854b1-a25f-4f28-94e4-f2071afd4105', NULL, '{}', NULL),
	('ea96a2de-f4c6-499a-881b-1d4941d78c90', 'device-images', 'iphone-13-mini.png', NULL, '2025-09-04 01:43:39.793645+00', '2025-09-04 03:38:06.115723+00', '2025-09-04 01:43:39.793645+00', '{"eTag": "\"f5cc3ea57e1c7df276b3f1578a8f4824\"", "size": 38570, "mimetype": "image/png", "cacheControl": "max-age=3600", "lastModified": "2025-09-04T03:38:07.000Z", "contentLength": 38570, "httpStatusCode": 200}', 'a07465f9-c644-4c33-9024-89f92eb3ee82', NULL, '{}', NULL),
	('03429c42-53e7-470f-8888-c956ed691ffe', 'device-images', 'iphone-12.png', NULL, '2025-09-04 01:43:39.616091+00', '2025-09-04 03:38:05.908562+00', '2025-09-04 01:43:39.616091+00', '{"eTag": "\"71f08853a963938f92b7812f1e2e2503\"", "size": 42225, "mimetype": "image/png", "cacheControl": "max-age=3600", "lastModified": "2025-09-04T03:38:06.000Z", "contentLength": 42225, "httpStatusCode": 200}', '9dc80f35-18f2-4aef-86aa-bebcbb51d695', NULL, '{}', NULL),
	('54615055-f7de-4ae0-ad1a-5587e8f7359f', 'device-images', 'iphone-14-pro.png', NULL, '2025-09-04 01:43:39.961851+00', '2025-09-04 03:38:07.086288+00', '2025-09-04 01:43:39.961851+00', '{"eTag": "\"467e270cea92a95236a0005da86033f0\"", "size": 37462, "mimetype": "image/png", "cacheControl": "max-age=3600", "lastModified": "2025-09-04T03:38:08.000Z", "contentLength": 37462, "httpStatusCode": 200}', '7c1a2c69-c4af-4b6a-a1cd-47cace7fd8a7', NULL, '{}', NULL),
	('51cc3861-fe90-4bee-b4c4-fe1c8b6b3bc5', 'device-images', 'iphone-13.png', NULL, '2025-09-04 01:43:39.766253+00', '2025-09-04 03:38:06.485554+00', '2025-09-04 01:43:39.766253+00', '{"eTag": "\"c7f6ab74e3630bf291b418d698b18538\"", "size": 37919, "mimetype": "image/png", "cacheControl": "max-age=3600", "lastModified": "2025-09-04T03:38:07.000Z", "contentLength": 37919, "httpStatusCode": 200}', '00e041b1-dd80-47b9-813c-ce7cb2a3bd38', NULL, '{}', NULL),
	('1c6ff40f-16f3-4337-8c65-2bde7fbf096a', 'device-images', 'iphone-14-pro-max.png', NULL, '2025-09-04 01:43:40.008096+00', '2025-09-04 03:38:06.705572+00', '2025-09-04 01:43:40.008096+00', '{"eTag": "\"07ebe5f4541069976ad6d6603e17d4f0\"", "size": 37625, "mimetype": "image/png", "cacheControl": "max-age=3600", "lastModified": "2025-09-04T03:38:07.000Z", "contentLength": 37625, "httpStatusCode": 200}', '459bd96b-d0b8-485c-8e8e-85d837fe27f6', NULL, '{}', NULL),
	('cb112fd9-e616-4597-8aeb-b07d325ce509', 'device-images', 'iphone-16-pro-max.jpg', NULL, '2025-09-04 01:58:47.811904+00', '2025-09-04 04:18:22.729197+00', '2025-09-04 01:58:47.811904+00', '{"eTag": "\"c1dc75a3a9603f3558b8c12672a7046d\"", "size": 61308, "mimetype": "image/jpeg", "cacheControl": "max-age=3600", "lastModified": "2025-09-04T04:18:23.000Z", "contentLength": 61308, "httpStatusCode": 200}', '278910fe-4eaa-4295-ad78-56352fc9bbec', NULL, '{}', NULL),
	('2a86b9b0-d48d-473f-a159-d6f7e133572c', 'device-images', 'iphone-xs-max.png', NULL, '2025-09-04 01:43:40.040494+00', '2025-09-04 03:38:09.755546+00', '2025-09-04 01:43:40.040494+00', '{"eTag": "\"b2575476c1b44e1227173d72f18af28f\"", "size": 42985, "mimetype": "image/png", "cacheControl": "max-age=3600", "lastModified": "2025-09-04T03:38:10.000Z", "contentLength": 42985, "httpStatusCode": 200}', '7d619772-4a5c-442f-ad87-a5c59ba444c0', NULL, '{}', NULL),
	('156fe7ac-9598-4bcf-9609-77fa061bfd51', 'device-images', 'iphone-14.png', NULL, '2025-09-04 01:43:39.929789+00', '2025-09-04 03:38:07.240228+00', '2025-09-04 01:43:39.929789+00', '{"eTag": "\"0bd1d33f9bdaff1fa03e039fecf73e1f\"", "size": 40103, "mimetype": "image/png", "cacheControl": "max-age=3600", "lastModified": "2025-09-04T03:38:08.000Z", "contentLength": 40103, "httpStatusCode": 200}', 'baf58d5a-a5da-45dc-842c-264ac45923a9', NULL, '{}', NULL),
	('a75795de-67f4-4256-b82b-8be0e9d8662b', 'device-images', '25-05-2022-1653481206pixel-4-xl-1.png', NULL, '2025-09-04 01:43:40.068021+00', '2025-09-04 03:38:01.121962+00', '2025-09-04 01:43:40.068021+00', '{"eTag": "\"ed88310e055b40a0e416fabec6c70c9a\"", "size": 35256, "mimetype": "image/png", "cacheControl": "max-age=3600", "lastModified": "2025-09-04T03:38:02.000Z", "contentLength": 35256, "httpStatusCode": 200}', 'a9c089e7-4bca-4e87-8bdb-83bd61cceb0f', NULL, '{}', NULL),
	('9c92db41-ff9b-4c8f-ae77-de1106345aff', 'device-images', 'iphone-11-pro-max.png', NULL, '2025-09-04 01:43:39.58407+00', '2025-09-04 03:38:04.099247+00', '2025-09-04 01:43:39.58407+00', '{"eTag": "\"cba049dac8f2767e7f8bd21913515a16\"", "size": 48803, "mimetype": "image/png", "cacheControl": "max-age=3600", "lastModified": "2025-09-04T03:38:05.000Z", "contentLength": 48803, "httpStatusCode": 200}', '68dae11f-8ef6-49d6-b4a8-18d40b9098a5', NULL, '{}', NULL),
	('4f1daec1-5cca-44d7-bd51-a16446658a3c', 'device-images', 'iphone-11.png', NULL, '2025-09-04 01:43:39.519566+00', '2025-09-04 03:38:04.659007+00', '2025-09-04 01:43:39.519566+00', '{"eTag": "\"27637fd1abd01da6ba2371969002f6be\"", "size": 28474, "mimetype": "image/png", "cacheControl": "max-age=3600", "lastModified": "2025-09-04T03:38:05.000Z", "contentLength": 28474, "httpStatusCode": 200}', 'a5c5dc7b-80bb-4f19-9fda-70c5745dfce8', NULL, '{}', NULL),
	('af17a38d-80e3-43d0-b411-66067faaefa8', 'device-images', 'iphone-12-mini.png', NULL, '2025-09-04 01:43:39.646616+00', '2025-09-04 03:38:04.928842+00', '2025-09-04 01:43:39.646616+00', '{"eTag": "\"c59a4e1ce8d322d518cbec84e23c163b\"", "size": 39869, "mimetype": "image/png", "cacheControl": "max-age=3600", "lastModified": "2025-09-04T03:38:05.000Z", "contentLength": 39869, "httpStatusCode": 200}', 'c41670de-6817-4cea-a86e-e778a12c4d07', NULL, '{}', NULL),
	('46ab6596-6d80-42cd-bd11-4ad15bf069f9', 'device-images', '25-05-2022-1653481311pixel-5.png', NULL, '2025-09-04 01:43:40.149022+00', '2025-09-04 03:38:02.787227+00', '2025-09-04 01:43:40.149022+00', '{"eTag": "\"9210bddd924c39b39c6dbe21f9fe20a0\"", "size": 52130, "mimetype": "image/png", "cacheControl": "max-age=3600", "lastModified": "2025-09-04T03:38:03.000Z", "contentLength": 52130, "httpStatusCode": 200}', '3685db67-3478-4f7e-8678-49ffb3fedec4', NULL, '{}', NULL),
	('6deaee1a-852c-4255-9a33-512d6edf2cac', 'device-images', '25-05-2022-1653481348pixel-5a.png', NULL, '2025-09-04 01:43:40.166959+00', '2025-09-04 03:38:03.148183+00', '2025-09-04 01:43:40.166959+00', '{"eTag": "\"256e718e7f849e2a22c6c0ba4ac0c963\"", "size": 45676, "mimetype": "image/png", "cacheControl": "max-age=3600", "lastModified": "2025-09-04T03:38:04.000Z", "contentLength": 45676, "httpStatusCode": 200}', 'ae0eeebe-e10e-49ce-bc78-0c41c748fa1b', NULL, '{}', NULL),
	('53ae13c1-4fe0-45d5-8729-5e75bb7cbc06', 'device-images', '25-05-2022-1653481364pixel-6.png', NULL, '2025-09-04 01:43:40.187177+00', '2025-09-04 03:38:03.392469+00', '2025-09-04 01:43:40.187177+00', '{"eTag": "\"216f9700fb67a6726564bd3cc6c8abd8\"", "size": 59129, "mimetype": "image/png", "cacheControl": "max-age=3600", "lastModified": "2025-09-04T03:38:04.000Z", "contentLength": 59129, "httpStatusCode": 200}', 'b1e1d44c-4af2-47f9-833c-92e59f184d60', NULL, '{}', NULL),
	('0973ad97-a721-4961-bf0c-f462aad96291', 'device-images', '25-05-2022-1653481380pixel-6-pro.png', NULL, '2025-09-04 01:43:40.206438+00', '2025-09-04 03:38:03.691372+00', '2025-09-04 01:43:40.206438+00', '{"eTag": "\"526edfc605cfea55f06e0cb7ae852854\"", "size": 59041, "mimetype": "image/png", "cacheControl": "max-age=3600", "lastModified": "2025-09-04T03:38:04.000Z", "contentLength": 59041, "httpStatusCode": 200}', 'e0c5f462-b24b-4359-8642-2d005d982641', NULL, '{}', NULL),
	('37181a54-4fc0-4d54-bf98-ec3729ef8c65', 'device-images', 'google-main.png', NULL, '2025-09-04 01:43:40.226033+00', '2025-09-04 03:38:03.850355+00', '2025-09-04 01:43:40.226033+00', '{"eTag": "\"28e75c8382560052cf4aab837c8c0fc4\"", "size": 18491, "mimetype": "image/png", "cacheControl": "max-age=3600", "lastModified": "2025-09-04T03:38:04.000Z", "contentLength": 18491, "httpStatusCode": 200}', '0e5d980f-a03e-4df5-a77b-d77a6717541f', NULL, '{}', NULL),
	('9b753ec5-ddda-4470-ad90-e2131d2bfb15', 'device-images', 'iphone-14-pro-plus.png', NULL, '2025-09-04 01:43:40.4548+00', '2025-09-04 03:38:06.923528+00', '2025-09-04 01:43:40.4548+00', '{"eTag": "\"7f99920c31c4c899d3fccae7b6c9b2e8\"", "size": 44682, "mimetype": "image/png", "cacheControl": "max-age=3600", "lastModified": "2025-09-04T03:38:07.000Z", "contentLength": 44682, "httpStatusCode": 200}', '200cfbaf-93d7-462c-ba15-87e929ae73e9', NULL, '{}', NULL),
	('751e4172-b2d2-4692-ab45-9ec464711c1e', 'device-images', 'iphone-5s.png', NULL, '2025-09-04 01:43:40.515653+00', '2025-09-04 03:38:07.457176+00', '2025-09-04 01:43:40.515653+00', '{"eTag": "\"3a6dc51e7036c6ff0f515de2572f15ca\"", "size": 41486, "mimetype": "image/png", "cacheControl": "max-age=3600", "lastModified": "2025-09-04T03:38:08.000Z", "contentLength": 41486, "httpStatusCode": 200}', '5d0f4161-963a-4f2f-9ca4-3b9ccdf4a891', NULL, '{}', NULL),
	('23241398-a1c6-4bdb-a6db-5d41416c9589', 'device-images', 'iphone-6-plus.png', NULL, '2025-09-04 01:43:40.534643+00', '2025-09-04 03:38:07.673402+00', '2025-09-04 01:43:40.534643+00', '{"eTag": "\"8944aa61398f0c00d2494c5d6452f3bf\"", "size": 8365, "mimetype": "image/png", "cacheControl": "max-age=3600", "lastModified": "2025-09-04T03:38:08.000Z", "contentLength": 8365, "httpStatusCode": 200}', '700e21df-ccbf-4106-9188-c4220ac67f95', NULL, '{}', NULL),
	('0a6bfad9-de2b-4cdf-9ab3-6019bb936fbc', 'device-images', 'iphone-6.png', NULL, '2025-09-04 01:43:40.555362+00', '2025-09-04 03:38:07.885941+00', '2025-09-04 01:43:40.555362+00', '{"eTag": "\"4747149f437720af26cffba3c6ec1cef\"", "size": 51337, "mimetype": "image/png", "cacheControl": "max-age=3600", "lastModified": "2025-09-04T03:38:08.000Z", "contentLength": 51337, "httpStatusCode": 200}', '978d8b4c-8387-4a52-903d-77b04401d63b', NULL, '{}', NULL),
	('e3e1731e-804e-495b-8d50-c0654dcf4863', 'device-images', 'iphone-6s-plus.png', NULL, '2025-09-04 01:43:40.57781+00', '2025-09-04 03:38:08.086136+00', '2025-09-04 01:43:40.57781+00', '{"eTag": "\"cd2096e1ea8a560d1c0163b90e446325\"", "size": 32787, "mimetype": "image/png", "cacheControl": "max-age=3600", "lastModified": "2025-09-04T03:38:09.000Z", "contentLength": 32787, "httpStatusCode": 200}', 'a4e25025-7cab-44f2-b2b3-272bff2d75a1', NULL, '{}', NULL),
	('62aab5f9-d5c0-4f31-8472-663594651c44', 'device-images', 'iphone-6s.png', NULL, '2025-09-04 01:43:40.600079+00', '2025-09-04 03:38:08.279404+00', '2025-09-04 01:43:40.600079+00', '{"eTag": "\"a6b45e6799194ab3c4d5eb219d672bfb\"", "size": 40223, "mimetype": "image/png", "cacheControl": "max-age=3600", "lastModified": "2025-09-04T03:38:09.000Z", "contentLength": 40223, "httpStatusCode": 200}', 'bd6cca05-2061-4df2-b862-17704870346b', NULL, '{}', NULL),
	('842f85e5-47da-4749-a7ab-a81b44a4f1b1', 'device-images', 'iphone-7-plus.png', NULL, '2025-09-04 01:43:40.621156+00', '2025-09-04 03:38:08.501445+00', '2025-09-04 01:43:40.621156+00', '{"eTag": "\"6f567f6bdc398683ec7d59d96638fd80\"", "size": 53113, "mimetype": "image/png", "cacheControl": "max-age=3600", "lastModified": "2025-09-04T03:38:09.000Z", "contentLength": 53113, "httpStatusCode": 200}', 'b9bdb831-d11a-44ec-9184-9fa66413bba0', NULL, '{}', NULL),
	('f75f4895-e0fc-434b-94c3-a0b21cace535', 'device-images', 'iphone-8-plus.png', NULL, '2025-09-04 01:43:40.643165+00', '2025-09-04 03:38:08.671699+00', '2025-09-04 01:43:40.643165+00', '{"eTag": "\"312fb95b175cbf92a7f9cc2d334766ff\"", "size": 41669, "mimetype": "image/png", "cacheControl": "max-age=3600", "lastModified": "2025-09-04T03:38:09.000Z", "contentLength": 41669, "httpStatusCode": 200}', '4f5c5a3e-b104-455e-8c61-ba42319aa028', NULL, '{}', NULL),
	('9d3871cd-7b8b-4e78-88d4-695b41770c89', 'device-images', 'iphone-8.png', NULL, '2025-09-04 01:43:40.664545+00', '2025-09-04 03:38:08.865252+00', '2025-09-04 01:43:40.664545+00', '{"eTag": "\"b10f5e972c4f5d23972d7ba0422a5b00\"", "size": 44021, "mimetype": "image/png", "cacheControl": "max-age=3600", "lastModified": "2025-09-04T03:38:09.000Z", "contentLength": 44021, "httpStatusCode": 200}', 'f8c4dd6a-c75f-483d-9fb5-2eb17031df08', NULL, '{}', NULL),
	('0e17bf73-4287-4f34-875b-e6aa8cfde178', 'device-images', 's7.png', NULL, '2025-09-04 01:43:43.335527+00', '2025-09-04 03:38:38.490779+00', '2025-09-04 01:43:43.335527+00', '{"eTag": "\"3a45dd4d60e6d851abf321f9f1243681\"", "size": 56004, "mimetype": "image/png", "cacheControl": "max-age=3600", "lastModified": "2025-09-04T03:38:39.000Z", "contentLength": 56004, "httpStatusCode": 200}', '8a868f15-4e4d-4116-a2b4-185664a1d476', NULL, '{}', NULL),
	('25388383-ecf2-4acf-8d43-06ec9c57d1fb', 'device-images', '25-05-2022-1653481274pixel-4a.png', NULL, '2025-09-04 01:43:40.12888+00', '2025-09-04 03:38:02.367776+00', '2025-09-04 01:43:40.12888+00', '{"eTag": "\"84684a1563d23cc69db40a8c51eadbfa\"", "size": 37071, "mimetype": "image/png", "cacheControl": "max-age=3600", "lastModified": "2025-09-04T03:38:03.000Z", "contentLength": 37071, "httpStatusCode": 200}', '912de027-0e81-4478-a7d0-5889e96692fc', NULL, '{}', NULL),
	('4bbbc923-15db-4461-adb0-96d005ebe1c3', 'device-images', 'iphone-se-2022.png', NULL, '2025-09-04 01:43:40.727613+00', '2025-09-04 03:38:09.596629+00', '2025-09-04 01:43:40.727613+00', '{"eTag": "\"e1de78a89cea4125f40ddb34c72c5d44\"", "size": 38262, "mimetype": "image/png", "cacheControl": "max-age=3600", "lastModified": "2025-09-04T03:38:10.000Z", "contentLength": 38262, "httpStatusCode": 200}', '836f47a4-17ad-4692-a7cf-4c854d2bac20', NULL, '{}', NULL),
	('dab3fdb7-d4fb-4c99-8d94-2778ac36a699', 'device-images', 'ipone-x.png', NULL, '2025-09-04 01:43:40.763379+00', '2025-09-04 03:38:09.925916+00', '2025-09-04 01:43:40.763379+00', '{"eTag": "\"e8917e9a7de7973c7c9ab7092acef873\"", "size": 34083, "mimetype": "image/png", "cacheControl": "max-age=3600", "lastModified": "2025-09-04T03:38:10.000Z", "contentLength": 34083, "httpStatusCode": 200}', 'a70b3747-5d03-43ac-af69-26391e124a70', NULL, '{}', NULL),
	('8fba765f-7257-4c21-b33b-f1b67a1797ce', 'device-images', 'iphone-main.png', NULL, '2025-09-04 01:43:40.781049+00', '2025-09-04 03:38:10.111195+00', '2025-09-04 01:43:40.781049+00', '{"eTag": "\"93ababb3a3eb049dc39c2eedc9191d19\"", "size": 15403, "mimetype": "image/png", "cacheControl": "max-age=3600", "lastModified": "2025-09-04T03:38:11.000Z", "contentLength": 15403, "httpStatusCode": 200}', 'ba1d836a-2b99-4578-a350-1ffd1f52ba55', NULL, '{}', NULL),
	('a8b74409-f82b-406d-a29c-af4d239c5c8c', 'device-images', '25-05-2022-1653476710g4.png', NULL, '2025-09-04 01:43:40.799845+00', '2025-09-04 03:38:10.279184+00', '2025-09-04 01:43:40.799845+00', '{"eTag": "\"41e205ab840df72778cbf4aa2f54b08c\"", "size": 47468, "mimetype": "image/png", "cacheControl": "max-age=3600", "lastModified": "2025-09-04T03:38:11.000Z", "contentLength": 47468, "httpStatusCode": 200}', 'b94cf765-e757-4edc-9aaa-40e8648bfecf', NULL, '{}', NULL),
	('217881f3-75b3-463b-84c2-fc11bfa097de', 'device-images', '25-05-2022-1653476734g5.png', NULL, '2025-09-04 01:43:40.819686+00', '2025-09-04 03:38:10.466929+00', '2025-09-04 01:43:40.819686+00', '{"eTag": "\"b7c32dca64b3c74cd0d83a8027c3742b\"", "size": 40635, "mimetype": "image/png", "cacheControl": "max-age=3600", "lastModified": "2025-09-04T03:38:11.000Z", "contentLength": 40635, "httpStatusCode": 200}', '387b5ba9-5998-4a74-8f74-63e84e990bf9', NULL, '{}', NULL),
	('e52e9612-3e56-4ffc-ad52-c6a29815eb7f', 'device-images', '25-05-2022-1653476754g6.png', NULL, '2025-09-04 01:43:40.838585+00', '2025-09-04 03:38:10.622208+00', '2025-09-04 01:43:40.838585+00', '{"eTag": "\"2673d8d16072e7e43eebe8419012c58c\"", "size": 46200, "mimetype": "image/png", "cacheControl": "max-age=3600", "lastModified": "2025-09-04T03:38:11.000Z", "contentLength": 46200, "httpStatusCode": 200}', '5e847e98-4f8a-40b8-a026-441dd06cd1aa', NULL, '{}', NULL),
	('8be2f18d-28d7-4ed6-9079-77d399fb0b4d', 'device-images', '25-05-2022-1653476772g7.png', NULL, '2025-09-04 01:43:40.861012+00', '2025-09-04 03:38:10.822778+00', '2025-09-04 01:43:40.861012+00', '{"eTag": "\"a4c093f1a7edd01ab9677f883a10bdd2\"", "size": 49792, "mimetype": "image/png", "cacheControl": "max-age=3600", "lastModified": "2025-09-04T03:38:11.000Z", "contentLength": 49792, "httpStatusCode": 200}', '6d95aab7-0bed-4551-a24c-aa8f553cfd16', NULL, '{}', NULL),
	('18999233-6a9a-4085-a943-301bb55b02ac', 'device-images', '25-05-2022-1653476800g8.png', NULL, '2025-09-04 01:43:40.879135+00', '2025-09-04 03:38:11.001616+00', '2025-09-04 01:43:40.879135+00', '{"eTag": "\"4dff37da3b8e239c95e84f80dbc455b2\"", "size": 57136, "mimetype": "image/png", "cacheControl": "max-age=3600", "lastModified": "2025-09-04T03:38:11.000Z", "contentLength": 57136, "httpStatusCode": 200}', 'ec15c8ac-516e-479b-a46f-c9aaccab7cbb', NULL, '{}', NULL),
	('7fe810da-a902-442a-8441-6b04fba31c0b', 'device-images', '25-05-2022-1653476836g8.png', NULL, '2025-09-04 01:43:40.896868+00', '2025-09-04 03:38:11.212185+00', '2025-09-04 01:43:40.896868+00', '{"eTag": "\"4dff37da3b8e239c95e84f80dbc455b2\"", "size": 57136, "mimetype": "image/png", "cacheControl": "max-age=3600", "lastModified": "2025-09-04T03:38:12.000Z", "contentLength": 57136, "httpStatusCode": 200}', '2ee78ffd-bbbe-48b0-b17d-5abc2f95d213', NULL, '{}', NULL),
	('4425ba5f-cf84-4bee-8fe1-8924d3151f47', 'device-images', '25-05-2022-1653476850g8x.png', NULL, '2025-09-04 01:43:40.915407+00', '2025-09-04 03:38:11.428836+00', '2025-09-04 01:43:40.915407+00', '{"eTag": "\"c4a6a58493d85b8bd2ad6048db794ecf\"", "size": 58304, "mimetype": "image/png", "cacheControl": "max-age=3600", "lastModified": "2025-09-04T03:38:12.000Z", "contentLength": 58304, "httpStatusCode": 200}', '2c860ea5-3e96-4625-a1a1-eba99c6d1368', NULL, '{}', NULL),
	('1d4c99f2-9436-43c4-8cdc-1fea1ef1757a', 'device-images', '25-05-2022-1653476886lg-velvet.png', NULL, '2025-09-04 01:43:40.933214+00', '2025-09-04 03:38:11.599143+00', '2025-09-04 01:43:40.933214+00', '{"eTag": "\"d144e418bc0e784f79290cd41d4dd98c\"", "size": 42522, "mimetype": "image/png", "cacheControl": "max-age=3600", "lastModified": "2025-09-04T03:38:12.000Z", "contentLength": 42522, "httpStatusCode": 200}', 'f443a08e-620f-4862-86e3-4ea816648737', NULL, '{}', NULL),
	('12f03a01-cf5e-4e27-8f7c-b75902ac9925', 'device-images', '25-05-2022-1653476916k-30.png', NULL, '2025-09-04 01:43:40.950312+00', '2025-09-04 03:38:11.805788+00', '2025-09-04 01:43:40.950312+00', '{"eTag": "\"944cd0afd03ee53e0d99db4fc441adbe\"", "size": 57648, "mimetype": "image/png", "cacheControl": "max-age=3600", "lastModified": "2025-09-04T03:38:12.000Z", "contentLength": 57648, "httpStatusCode": 200}', '10f55d15-928c-471b-b31f-29b8a560bc78', NULL, '{}', NULL),
	('acf0182d-5ec5-491f-a51a-2c3ab8c4a45f', 'device-images', '25-05-2022-1653478838k31.png', NULL, '2025-09-04 01:43:40.968648+00', '2025-09-04 03:38:12.041824+00', '2025-09-04 01:43:40.968648+00', '{"eTag": "\"2c37ecc71bebfcf34f9b92762b81e316\"", "size": 45822, "mimetype": "image/png", "cacheControl": "max-age=3600", "lastModified": "2025-09-04T03:38:12.000Z", "contentLength": 45822, "httpStatusCode": 200}', 'e12484ee-84fa-4228-961c-6795e58019fc', NULL, '{}', NULL),
	('31fe5a5a-5c40-4be8-9275-c9e473305b4e', 'device-images', '25-05-2022-1653478866k40.png', NULL, '2025-09-04 01:43:40.98707+00', '2025-09-04 03:38:12.22951+00', '2025-09-04 01:43:40.98707+00', '{"eTag": "\"57fd64c1f9315368c1de9edc84c1900a\"", "size": 58596, "mimetype": "image/png", "cacheControl": "max-age=3600", "lastModified": "2025-09-04T03:38:13.000Z", "contentLength": 58596, "httpStatusCode": 200}', '495c541a-c189-4fe8-afe9-d745804aeb2b', NULL, '{}', NULL),
	('70545a54-a3c6-4149-8bf9-e7a8d6c32b23', 'device-images', '25-05-2022-1653478883k50.png', NULL, '2025-09-04 01:43:41.004827+00', '2025-09-04 03:38:12.441639+00', '2025-09-04 01:43:41.004827+00', '{"eTag": "\"0290ef163401fd1d5e26ec4cf1fd63e5\"", "size": 57522, "mimetype": "image/png", "cacheControl": "max-age=3600", "lastModified": "2025-09-04T03:38:13.000Z", "contentLength": 57522, "httpStatusCode": 200}', '30178800-959a-46eb-a397-e7e91a57fc47', NULL, '{}', NULL),
	('9ffa7cdc-d243-4f83-8d0f-8d8e217aec94', 'device-images', 'iphone-se-2020.png', NULL, '2025-09-04 01:43:40.706431+00', '2025-09-04 03:38:09.215959+00', '2025-09-04 01:43:40.706431+00', '{"eTag": "\"ee708b0a106341060e5c51e4bce96722\"", "size": 50338, "mimetype": "image/png", "cacheControl": "max-age=3600", "lastModified": "2025-09-04T03:38:10.000Z", "contentLength": 50338, "httpStatusCode": 200}', 'd54772e5-d3bf-411d-93b9-361551d9d7b8', NULL, '{}', NULL),
	('c9ee8da7-7496-4998-a1b6-abc97247e275', 'device-images', '25-05-2022-1653478950k-62.png', NULL, '2025-09-04 01:43:41.061051+00', '2025-09-04 03:38:12.98332+00', '2025-09-04 01:43:41.061051+00', '{"eTag": "\"b45725c237207eb76e0bc6dd34ce0605\"", "size": 50309, "mimetype": "image/png", "cacheControl": "max-age=3600", "lastModified": "2025-09-04T03:38:13.000Z", "contentLength": 50309, "httpStatusCode": 200}', '70ec5dde-5bf4-46d4-a7d3-62a564ea9833', NULL, '{}', NULL),
	('fa3e303c-e8b8-4728-91ec-77b70f3a31fd', 'device-images', '25-05-2022-1653478985k-92-1.png', NULL, '2025-09-04 01:43:41.079805+00', '2025-09-04 03:38:13.146484+00', '2025-09-04 01:43:41.079805+00', '{"eTag": "\"46b45f6d4608f4320af7ed0ce6a9a5e4\"", "size": 53198, "mimetype": "image/png", "cacheControl": "max-age=3600", "lastModified": "2025-09-04T03:38:14.000Z", "contentLength": 53198, "httpStatusCode": 200}', '19156ae4-680c-4093-b11f-a518d6d74165', NULL, '{}', NULL),
	('6c0b7c1f-9c7d-479a-8128-5c02f3d8b1d2', 'device-images', '25-05-2022-1653478985k-92.png', NULL, '2025-09-04 01:43:41.097249+00', '2025-09-04 03:38:13.372636+00', '2025-09-04 01:43:41.097249+00', '{"eTag": "\"46b45f6d4608f4320af7ed0ce6a9a5e4\"", "size": 53198, "mimetype": "image/png", "cacheControl": "max-age=3600", "lastModified": "2025-09-04T03:38:14.000Z", "contentLength": 53198, "httpStatusCode": 200}', '86864050-02fd-48af-bc25-a08321bde128', NULL, '{}', NULL),
	('91d032e6-db6f-4057-a296-78633368c3cf', 'device-images', '25-05-2022-1653479120stylo-4.png', NULL, '2025-09-04 01:43:41.114824+00', '2025-09-04 03:38:13.56661+00', '2025-09-04 01:43:41.114824+00', '{"eTag": "\"26180399663bc1e8c586c2a5a5d1a426\"", "size": 52358, "mimetype": "image/png", "cacheControl": "max-age=3600", "lastModified": "2025-09-04T03:38:14.000Z", "contentLength": 52358, "httpStatusCode": 200}', '4cb7a869-22da-420b-9334-7a0cae82d43e', NULL, '{}', NULL),
	('b4529ba3-2782-4c86-b680-df725a58baf8', 'device-images', '25-05-2022-1653479160stylo-4-plus.png', NULL, '2025-09-04 01:43:41.131849+00', '2025-09-04 03:38:13.730333+00', '2025-09-04 01:43:41.131849+00', '{"eTag": "\"03abca4630d0d80f314b25a2b792b898\"", "size": 46640, "mimetype": "image/png", "cacheControl": "max-age=3600", "lastModified": "2025-09-04T03:38:14.000Z", "contentLength": 46640, "httpStatusCode": 200}', '1c3efa25-a561-422e-aeb8-0d7b9c402c67', NULL, '{}', NULL),
	('d539d2c7-249a-474d-9497-f121597cbf42', 'device-images', '25-05-2022-1653479179stylo-5.png', NULL, '2025-09-04 01:43:41.148405+00', '2025-09-04 03:38:14.201792+00', '2025-09-04 01:43:41.148405+00', '{"eTag": "\"342d6602b3961179485e29a70af1c8ae\"", "size": 42483, "mimetype": "image/png", "cacheControl": "max-age=3600", "lastModified": "2025-09-04T03:38:15.000Z", "contentLength": 42483, "httpStatusCode": 200}', 'a9b55792-832d-4d5f-b374-d773acbd732d', NULL, '{}', NULL),
	('23427b7a-8c41-42d3-bdd6-6f13d587e70f', 'device-images', '25-05-2022-1653479193stylo-6.png', NULL, '2025-09-04 01:43:41.164551+00', '2025-09-04 03:38:14.414019+00', '2025-09-04 01:43:41.164551+00', '{"eTag": "\"fa0c6ab6c1c46d145422c7e069c3554b\"", "size": 56537, "mimetype": "image/png", "cacheControl": "max-age=3600", "lastModified": "2025-09-04T03:38:15.000Z", "contentLength": 56537, "httpStatusCode": 200}', 'e5e0cd1c-1533-4176-9e06-7f25b82add12', NULL, '{}', NULL),
	('474552cf-fb37-4ce9-912e-4201b6193495', 'device-images', '25-05-2022-1653479332stylo-7.png', NULL, '2025-09-04 01:43:41.181245+00', '2025-09-04 03:38:14.592358+00', '2025-09-04 01:43:41.181245+00', '{"eTag": "\"edbfebfca3cd9c22c8a9dce10a7490c4\"", "size": 30692, "mimetype": "image/png", "cacheControl": "max-age=3600", "lastModified": "2025-09-04T03:38:15.000Z", "contentLength": 30692, "httpStatusCode": 200}', '3d138869-35df-4f98-a40d-844ba7a68f40', NULL, '{}', NULL),
	('d0686baa-874b-4c9d-a086-81c7f719b178', 'device-images', '30-05-2022-1653918882lg-v30.png', NULL, '2025-09-04 01:43:41.20008+00', '2025-09-04 03:38:14.766819+00', '2025-09-04 01:43:41.20008+00', '{"eTag": "\"d7799c4e98614cda4f9f3700352ac23b\"", "size": 64808, "mimetype": "image/png", "cacheControl": "max-age=3600", "lastModified": "2025-09-04T03:38:15.000Z", "contentLength": 64808, "httpStatusCode": 200}', '263ec5e5-bf72-4a0b-b10b-a501f3492f30', NULL, '{}', NULL),
	('6c667713-2d57-4cbf-8b0c-b24522782f66', 'device-images', '30-05-2022-1653919086lg-v30-thin-q.png', NULL, '2025-09-04 01:43:41.220208+00', '2025-09-04 03:38:14.99224+00', '2025-09-04 01:43:41.220208+00', '{"eTag": "\"c62e45ec4f910a43e87d52b7a49bf582\"", "size": 70230, "mimetype": "image/png", "cacheControl": "max-age=3600", "lastModified": "2025-09-04T03:38:15.000Z", "contentLength": 70230, "httpStatusCode": 200}', '2743b0d5-ebe9-4a1e-afdc-9b4f4701e6b3', NULL, '{}', NULL),
	('a92004d2-1911-49c4-a01b-7da9148d59a9', 'device-images', '30-05-2022-1653919144lg-v35.png', NULL, '2025-09-04 01:43:41.240325+00', '2025-09-04 03:38:15.222594+00', '2025-09-04 01:43:41.240325+00', '{"eTag": "\"26a9164d01db032a5fd2770345bf45a5\"", "size": 75266, "mimetype": "image/png", "cacheControl": "max-age=3600", "lastModified": "2025-09-04T03:38:16.000Z", "contentLength": 75266, "httpStatusCode": 200}', '267a8bd6-8786-4600-9c68-3d9f6acdbd5d', NULL, '{}', NULL),
	('938076cc-eb07-4798-8468-c8fe17c20c85', 'device-images', '30-05-2022-1653919178lg-v40.png', NULL, '2025-09-04 01:43:41.257575+00', '2025-09-04 03:38:15.41039+00', '2025-09-04 01:43:41.257575+00', '{"eTag": "\"234f3fef25e125ce83eedfd60e7bbe98\"", "size": 67193, "mimetype": "image/png", "cacheControl": "max-age=3600", "lastModified": "2025-09-04T03:38:16.000Z", "contentLength": 67193, "httpStatusCode": 200}', '32468c02-e9f5-401d-ad1c-379286915d2c', NULL, '{}', NULL),
	('846b79fe-8124-42ed-b1b4-ea15b566f041', 'device-images', '30-05-2022-1653919211lg-v50.png', NULL, '2025-09-04 01:43:41.275885+00', '2025-09-04 03:38:15.646828+00', '2025-09-04 01:43:41.275885+00', '{"eTag": "\"0918884610ec9fcb2fd5988b017f36d0\"", "size": 70539, "mimetype": "image/png", "cacheControl": "max-age=3600", "lastModified": "2025-09-04T03:38:16.000Z", "contentLength": 70539, "httpStatusCode": 200}', '11473a4b-1d19-4ff5-ab8e-f54a9250cbe8', NULL, '{}', NULL),
	('3ef020cf-93c0-406b-a8a2-afa7288cbf72', 'device-images', '30-05-2022-1653919238lg-50s.png', NULL, '2025-09-04 01:43:41.296227+00', '2025-09-04 03:38:15.889596+00', '2025-09-04 01:43:41.296227+00', '{"eTag": "\"e3ae909345cb556b2fbaec734ca1a6a7\"", "size": 91627, "mimetype": "image/png", "cacheControl": "max-age=3600", "lastModified": "2025-09-04T03:38:16.000Z", "contentLength": 91627, "httpStatusCode": 200}', '43d7ad3b-5e89-44f0-b688-c6d40d38996a', NULL, '{}', NULL),
	('0f38f9f3-daf2-41be-ba17-d2314e4eac37', 'device-images', '30-05-2022-1653919277lg-60.png', NULL, '2025-09-04 01:43:41.316859+00', '2025-09-04 03:38:16.061903+00', '2025-09-04 01:43:41.316859+00', '{"eTag": "\"b2fab72b3923df72b29e432cc9a2c67c\"", "size": 51468, "mimetype": "image/png", "cacheControl": "max-age=3600", "lastModified": "2025-09-04T03:38:17.000Z", "contentLength": 51468, "httpStatusCode": 200}', '79eb8127-668d-4380-b14c-5998b00e41c1', NULL, '{}', NULL),
	('563e0e2a-f1b7-4a6c-8abb-4948d950d738', 'device-images', '25-05-2022-1653478928k-61.png', NULL, '2025-09-04 01:43:41.044797+00', '2025-09-04 03:38:12.779199+00', '2025-09-04 01:43:41.044797+00', '{"eTag": "\"a49dff2739c80908e740298762d77331\"", "size": 52782, "mimetype": "image/png", "cacheControl": "max-age=3600", "lastModified": "2025-09-04T03:38:13.000Z", "contentLength": 52782, "httpStatusCode": 200}', '28068d60-ae89-49c7-aa93-23a4dbd8c9aa', NULL, '{}', NULL),
	('2477bb13-ceb9-4d83-a2cd-bb1bbef41abc', 'device-images', 'motorola-edge30-fusion.jpg', NULL, '2025-09-04 01:43:41.373016+00', '2025-09-04 03:38:16.565837+00', '2025-09-04 01:43:41.373016+00', '{"eTag": "\"ea3e677bd21dc5652d348f28e5933b4d\"", "size": 8034, "mimetype": "image/jpeg", "cacheControl": "max-age=3600", "lastModified": "2025-09-04T03:38:17.000Z", "contentLength": 8034, "httpStatusCode": 200}', 'd0ece925-e409-4b4b-b478-545250cb2cf2', NULL, '{}', NULL),
	('0a80beaa-dd28-4f3d-a628-ed304264333a', 'device-images', 'motorola-edge30-neo-.jpg', NULL, '2025-09-04 01:43:41.391909+00', '2025-09-04 03:38:16.708413+00', '2025-09-04 01:43:41.391909+00', '{"eTag": "\"1b8c375f73f39e306fdfae3c84e038a7\"", "size": 8220, "mimetype": "image/jpeg", "cacheControl": "max-age=3600", "lastModified": "2025-09-04T03:38:17.000Z", "contentLength": 8220, "httpStatusCode": 200}', '0beb689d-7750-4cd2-89e9-42e058c67bb9', NULL, '{}', NULL),
	('49e5804f-a3b8-4a5b-a0f8-5582e8aeab21', 'device-images', 'motorola-edge30-ultra.jpg', NULL, '2025-09-04 01:43:41.411266+00', '2025-09-04 03:38:16.864638+00', '2025-09-04 01:43:41.411266+00', '{"eTag": "\"b80a604a16564dea43bfa26a50f28e66\"", "size": 7274, "mimetype": "image/jpeg", "cacheControl": "max-age=3600", "lastModified": "2025-09-04T03:38:17.000Z", "contentLength": 7274, "httpStatusCode": 200}', '14a2939c-bc23-44db-934a-8271c37d3e77', NULL, '{}', NULL),
	('a104f976-58f7-49e8-8761-eb18843f14fd', 'device-images', 'motorola-moto-e22.jpg', NULL, '2025-09-04 01:43:41.430568+00', '2025-09-04 03:38:17.013418+00', '2025-09-04 01:43:41.430568+00', '{"eTag": "\"eacd23b4d1c86f035b6051513ec9d93d\"", "size": 9148, "mimetype": "image/jpeg", "cacheControl": "max-age=3600", "lastModified": "2025-09-04T03:38:17.000Z", "contentLength": 9148, "httpStatusCode": 200}', '650914ed-f8f6-418d-b32f-9918f5926676', NULL, '{}', NULL),
	('95ab6d6c-029d-4668-8281-b9cd27d41b66', 'device-images', 'motorola-moto-e22i.jpg', NULL, '2025-09-04 01:43:41.450711+00', '2025-09-04 03:38:17.142975+00', '2025-09-04 01:43:41.450711+00', '{"eTag": "\"e6ef8f768498ff7af9abe285f07b24bc\"", "size": 6473, "mimetype": "image/jpeg", "cacheControl": "max-age=3600", "lastModified": "2025-09-04T03:38:18.000Z", "contentLength": 6473, "httpStatusCode": 200}', '95204025-6e17-40e4-872e-c67a850566da', NULL, '{}', NULL),
	('89e50e70-eb8e-4bf8-9268-b52eb386443a', 'device-images', 'motorola-moto-e32-1.jpg', NULL, '2025-09-04 01:43:41.494975+00', '2025-09-04 03:38:17.460126+00', '2025-09-04 01:43:41.494975+00', '{"eTag": "\"eb61fcac6c53ee4897a1d057fd506bbe\"", "size": 14519, "mimetype": "image/jpeg", "cacheControl": "max-age=3600", "lastModified": "2025-09-04T03:38:18.000Z", "contentLength": 14519, "httpStatusCode": 200}', '9a0a82ea-aa12-45b6-aa04-134ddc8f4298', NULL, '{}', NULL),
	('0223ef75-5b7a-47ba-b0aa-1c1c6f0651f2', 'device-images', 'motorola-moto-e32.jpg', NULL, '2025-09-04 01:43:41.513095+00', '2025-09-04 03:38:17.595025+00', '2025-09-04 01:43:41.513095+00', '{"eTag": "\"eb61fcac6c53ee4897a1d057fd506bbe\"", "size": 14519, "mimetype": "image/jpeg", "cacheControl": "max-age=3600", "lastModified": "2025-09-04T03:38:18.000Z", "contentLength": 14519, "httpStatusCode": 200}', 'a3eac17b-c5a1-4702-9cf4-655660dba89d', NULL, '{}', NULL),
	('d2de38ff-be0a-4931-809d-ddb83cf462db', 'device-images', 'motorola-moto-g32.jpg', NULL, '2025-09-04 01:43:41.530322+00', '2025-09-04 03:38:17.770042+00', '2025-09-04 01:43:41.530322+00', '{"eTag": "\"2953aee96fd3fa69562517e435c59344\"", "size": 20134, "mimetype": "image/jpeg", "cacheControl": "max-age=3600", "lastModified": "2025-09-04T03:38:18.000Z", "contentLength": 20134, "httpStatusCode": 200}', '5687265a-2a8d-42ad-8086-2032ee182394', NULL, '{}', NULL),
	('2588d4ec-900d-466a-81d0-275d202fdee1', 'device-images', 'motorola-moto-g42-r.jpg', NULL, '2025-09-04 01:43:41.554606+00', '2025-09-04 03:38:17.943269+00', '2025-09-04 01:43:41.554606+00', '{"eTag": "\"9603e85d182c7e2897f71697f972f4b6\"", "size": 10938, "mimetype": "image/jpeg", "cacheControl": "max-age=3600", "lastModified": "2025-09-04T03:38:18.000Z", "contentLength": 10938, "httpStatusCode": 200}', 'b20e0303-a86c-4d10-80ee-31672410a31b', NULL, '{}', NULL),
	('0fd8b431-edef-444e-b3bd-e1365a283fc3', 'device-images', 'motorola-moto-g62.jpg', NULL, '2025-09-04 01:43:41.578633+00', '2025-09-04 03:38:18.142299+00', '2025-09-04 01:43:41.578633+00', '{"eTag": "\"b118d595c0248e399e503cfe5f6330ce\"", "size": 10635, "mimetype": "image/jpeg", "cacheControl": "max-age=3600", "lastModified": "2025-09-04T03:38:19.000Z", "contentLength": 10635, "httpStatusCode": 200}', 'd9b125f1-11a5-4b9a-8426-e6fb54503401', NULL, '{}', NULL),
	('c2a300c4-fa87-4070-b2df-62e81b51c423', 'device-images', 'motorola-moto-g71s.jpg', NULL, '2025-09-04 01:43:41.594269+00', '2025-09-04 03:38:18.336275+00', '2025-09-04 01:43:41.594269+00', '{"eTag": "\"0cb64330d17b7d1346888b191a534b00\"", "size": 6612, "mimetype": "image/jpeg", "cacheControl": "max-age=3600", "lastModified": "2025-09-04T03:38:19.000Z", "contentLength": 6612, "httpStatusCode": 200}', '8d461511-2b4f-46b0-bc04-71c24c48e1f3', NULL, '{}', NULL),
	('d275c750-3fcd-4aed-832a-b7957011d0ce', 'device-images', 'motorola-moto-g72-5g-.jpg', NULL, '2025-09-04 01:43:41.609982+00', '2025-09-04 03:38:18.472723+00', '2025-09-04 01:43:41.609982+00', '{"eTag": "\"b99fff54b57219dca83c646191353321\"", "size": 9728, "mimetype": "image/jpeg", "cacheControl": "max-age=3600", "lastModified": "2025-09-04T03:38:19.000Z", "contentLength": 9728, "httpStatusCode": 200}', '6d03ccfa-4806-4698-be15-2ada1941254a', NULL, '{}', NULL),
	('0b940c7c-c652-49a1-a5d2-8494f0796861', 'device-images', 'motorola-moto-g82.jpg', NULL, '2025-09-04 01:43:41.625346+00', '2025-09-04 03:38:18.807955+00', '2025-09-04 01:43:41.625346+00', '{"eTag": "\"ddfcd165fa33386d93a93c346df94782\"", "size": 16486, "mimetype": "image/jpeg", "cacheControl": "max-age=3600", "lastModified": "2025-09-04T03:38:19.000Z", "contentLength": 16486, "httpStatusCode": 200}', '4b5b9533-cdb8-4fc4-9dba-dab48a6bf273', NULL, '{}', NULL),
	('6c93fb05-3ea1-4b68-8b50-df3aee1a4fa5', 'device-images', 'motorola-moto-s30-pro.jpg', NULL, '2025-09-04 01:43:41.641316+00', '2025-09-04 03:38:19.002265+00', '2025-09-04 01:43:41.641316+00', '{"eTag": "\"0c0cb1ff565ccd20298a8e5fd1ca8fbb\"", "size": 7584, "mimetype": "image/jpeg", "cacheControl": "max-age=3600", "lastModified": "2025-09-04T03:38:19.000Z", "contentLength": 7584, "httpStatusCode": 200}', 'b132cc4d-b945-46f3-95e5-f6427a19c58f', NULL, '{}', NULL),
	('b5d11ad9-3e68-4c4d-9c36-0d218f0f6fec', 'device-images', 'motorola-moto-x30-pro.jpg', NULL, '2025-09-04 01:43:41.659934+00', '2025-09-04 03:38:19.249598+00', '2025-09-04 01:43:41.659934+00', '{"eTag": "\"46a9a32659efd20752cdf6f2bbe5a2e6\"", "size": 5909, "mimetype": "image/jpeg", "cacheControl": "max-age=3600", "lastModified": "2025-09-04T03:38:20.000Z", "contentLength": 5909, "httpStatusCode": 200}', '309ed108-a1b4-4422-9fe5-a1483075e67e', NULL, '{}', NULL),
	('9a9e3637-d76a-4ae0-9eee-4a35003b4b61', 'device-images', 'motorola-edge-2022.jpg', NULL, '2025-09-04 01:43:41.35072+00', '2025-09-04 03:38:16.379292+00', '2025-09-04 01:43:41.35072+00', '{"eTag": "\"e2a45851e3e0482d8ab0e2ca849fabd2\"", "size": 8113, "mimetype": "image/jpeg", "cacheControl": "max-age=3600", "lastModified": "2025-09-04T03:38:17.000Z", "contentLength": 8113, "httpStatusCode": 200}', '856ba53a-a32b-4165-9f33-0f0d70ca207b', NULL, '{}', NULL),
	('55b0e29d-8e36-4f1d-a7f6-3315db72e540', 'device-images', '1224723-oneplus-8.jpg', NULL, '2025-09-04 01:43:41.711234+00', '2025-09-04 03:38:19.767324+00', '2025-09-04 01:43:41.711234+00', '{"eTag": "\"d2580edce5b250a98b5590a32bcef94f\"", "size": 8460, "mimetype": "image/jpeg", "cacheControl": "max-age=3600", "lastModified": "2025-09-04T03:38:20.000Z", "contentLength": 8460, "httpStatusCode": 200}', '1e4f4b66-fd6e-46e1-a254-f10c69f0c723', NULL, '{}', NULL),
	('a52238f3-f614-4151-b128-5251f11a134c', 'device-images', '150117oneplus8.jpg', NULL, '2025-09-04 01:43:41.727487+00', '2025-09-04 03:38:19.93503+00', '2025-09-04 01:43:41.727487+00', '{"eTag": "\"1d2b0d5d2f07025db2c714077a3cafe0\"", "size": 5798, "mimetype": "image/jpeg", "cacheControl": "max-age=3600", "lastModified": "2025-09-04T03:38:20.000Z", "contentLength": 5798, "httpStatusCode": 200}', '25fc3cec-5692-4dc7-856e-d568ded6afcf', NULL, '{}', NULL),
	('0d7fdcd8-6f89-43e1-8512-41a559bec756', 'device-images', '212238646w200h200zamena-stekla-ekrana.webp', NULL, '2025-09-04 01:43:41.744952+00', '2025-09-04 03:38:20.081587+00', '2025-09-04 01:43:41.744952+00', '{"eTag": "\"7a6fa64b988829b81616ae83ad262149\"", "size": 3726, "mimetype": "image/jpeg", "cacheControl": "max-age=3600", "lastModified": "2025-09-04T03:38:21.000Z", "contentLength": 3726, "httpStatusCode": 200}', '2b511116-0ea2-4e09-87e0-832b6650ab16', NULL, '{}', NULL),
	('89f8a774-f026-4ab6-a62d-41255f7813a6', 'device-images', '2f35a125ad466b8727d72e1f09a7aa39-1.jpg', NULL, '2025-09-04 01:43:41.766248+00', '2025-09-04 03:38:20.226679+00', '2025-09-04 01:43:41.766248+00', '{"eTag": "\"dce3c0a4f2f7d71f6437bbc1b9acd666\"", "size": 7905, "mimetype": "image/jpeg", "cacheControl": "max-age=3600", "lastModified": "2025-09-04T03:38:21.000Z", "contentLength": 7905, "httpStatusCode": 200}', '1c1b7d52-98d9-4a88-991b-d0075e42c6c4', NULL, '{}', NULL),
	('98733ea7-c0d8-486d-99f5-c08cc8337278', 'device-images', '2f35a125ad466b8727d72e1f09a7aa39.jpg', NULL, '2025-09-04 01:43:41.786171+00', '2025-09-04 03:38:20.507009+00', '2025-09-04 01:43:41.786171+00', '{"eTag": "\"dce3c0a4f2f7d71f6437bbc1b9acd666\"", "size": 7905, "mimetype": "image/jpeg", "cacheControl": "max-age=3600", "lastModified": "2025-09-04T03:38:21.000Z", "contentLength": 7905, "httpStatusCode": 200}', 'e7662d6c-eb6b-4175-aa96-06070758d2f4', NULL, '{}', NULL),
	('3a3c34f1-8519-4559-a254-354a1fbebd8b', 'device-images', '6085036498.jpg', NULL, '2025-09-04 01:43:41.805718+00', '2025-09-04 03:38:20.658948+00', '2025-09-04 01:43:41.805718+00', '{"eTag": "\"c5dc4d1dfb9ccf5fbea401bd6c976989\"", "size": 12133, "mimetype": "image/jpeg", "cacheControl": "max-age=3600", "lastModified": "2025-09-04T03:38:21.000Z", "contentLength": 12133, "httpStatusCode": 200}', '0c76a2db-c072-4357-9b22-576988f51443', NULL, '{}', NULL),
	('016a35f9-7041-4445-8bd5-38df3a8ffb43', 'device-images', '61p6u9swzrlacul200sr200200.jpg', NULL, '2025-09-04 01:43:41.824827+00', '2025-09-04 03:38:20.774617+00', '2025-09-04 01:43:41.824827+00', '{"eTag": "\"df2a6f566fa0b04ce3f63967cfdfcc95\"", "size": 5546, "mimetype": "image/jpeg", "cacheControl": "max-age=3600", "lastModified": "2025-09-04T03:38:21.000Z", "contentLength": 5546, "httpStatusCode": 200}', '47344cdc-e972-4186-9099-3114b758f4be', NULL, '{}', NULL),
	('f4d75ec7-304c-47af-84f1-4314951a9fa1', 'device-images', '866original.webp', NULL, '2025-09-04 01:43:41.841576+00', '2025-09-04 03:38:21.081167+00', '2025-09-04 01:43:41.841576+00', '{"eTag": "\"a88548aa247f294e5068012e3aeced19\"", "size": 7206, "mimetype": "image/jpeg", "cacheControl": "max-age=3600", "lastModified": "2025-09-04T03:38:22.000Z", "contentLength": 7206, "httpStatusCode": 200}', '61ee0333-d9b3-49cd-a7a0-e2083e064c92', NULL, '{}', NULL),
	('3d8fb63b-d887-40a1-a2c1-bf2a4cae71b0', 'device-images', 'coolpad-cool-3-plus.jpg', NULL, '2025-09-04 01:43:41.863149+00', '2025-09-04 03:38:21.233145+00', '2025-09-04 01:43:41.863149+00', '{"eTag": "\"d53638ec1918d8f3070f09f4edae9f8b\"", "size": 27900, "mimetype": "image/jpeg", "cacheControl": "max-age=3600", "lastModified": "2025-09-04T03:38:22.000Z", "contentLength": 27900, "httpStatusCode": 200}', 'fd940a17-9bd8-4777-8e1c-88c5f01df664', NULL, '{}', NULL),
	('b166d66c-10a7-4474-9960-5dcd3cbe6881', 'device-images', 'i-1-1.webp', NULL, '2025-09-04 01:43:41.882583+00', '2025-09-04 03:38:21.372244+00', '2025-09-04 01:43:41.882583+00', '{"eTag": "\"f55d4f60b6e8dd6bebd5a105393adb8a\"", "size": 2908, "mimetype": "image/jpeg", "cacheControl": "max-age=3600", "lastModified": "2025-09-04T03:38:22.000Z", "contentLength": 2908, "httpStatusCode": 200}', '455567c8-773e-4f19-891f-38972cb18731', NULL, '{}', NULL),
	('76f844dd-05dd-4b0c-bd30-0d056b2733ca', 'device-images', 'i-2-1.webp', NULL, '2025-09-04 01:43:41.900862+00', '2025-09-04 03:38:21.561969+00', '2025-09-04 01:43:41.900862+00', '{"eTag": "\"5e9aa899c4bb708a0b4c9aa489f4e405\"", "size": 3988, "mimetype": "image/jpeg", "cacheControl": "max-age=3600", "lastModified": "2025-09-04T03:38:22.000Z", "contentLength": 3988, "httpStatusCode": 200}', '75f1c349-0639-4715-afd9-4a83642884eb', NULL, '{}', NULL),
	('c86cc9b0-53f2-4693-86b8-16290ae0e361', 'device-images', 'i-3-1.webp', NULL, '2025-09-04 01:43:41.92079+00', '2025-09-04 03:38:21.719803+00', '2025-09-04 01:43:41.92079+00', '{"eTag": "\"fc390cfc24677386d305e12a36cfa466\"", "size": 3202, "mimetype": "image/jpeg", "cacheControl": "max-age=3600", "lastModified": "2025-09-04T03:38:22.000Z", "contentLength": 3202, "httpStatusCode": 200}', '49a2d1f5-21ce-47d2-9157-23cb39caee61', NULL, '{}', NULL),
	('98ec20b7-5125-4950-8ac1-e6de527595ab', 'device-images', 'i-3.webp', NULL, '2025-09-04 01:43:41.942312+00', '2025-09-04 03:38:21.868162+00', '2025-09-04 01:43:41.942312+00', '{"eTag": "\"4c8ef620c36316deb6132d9376f36bc7\"", "size": 2636, "mimetype": "image/jpeg", "cacheControl": "max-age=3600", "lastModified": "2025-09-04T03:38:22.000Z", "contentLength": 2636, "httpStatusCode": 200}', '2e1d8b47-29eb-4e6a-a8cd-7aa9bde584bf', NULL, '{}', NULL),
	('70cc9053-8b31-47dd-9898-b61161a7b934', 'device-images', 'i-4.webp', NULL, '2025-09-04 01:43:41.967102+00', '2025-09-04 03:38:22.059538+00', '2025-09-04 01:43:41.967102+00', '{"eTag": "\"73f1375d2d94d5595201a1ba0e92335d\"", "size": 2606, "mimetype": "image/jpeg", "cacheControl": "max-age=3600", "lastModified": "2025-09-04T03:38:22.000Z", "contentLength": 2606, "httpStatusCode": 200}', 'b7ba484d-b626-4b80-bc41-4659f9820158', NULL, '{}', NULL),
	('ec76df5e-a9f6-4e00-b42f-60b60fec1f75', 'device-images', 'i-5.webp', NULL, '2025-09-04 01:43:41.987108+00', '2025-09-04 03:38:22.219298+00', '2025-09-04 01:43:41.987108+00', '{"eTag": "\"e2d59c25114e6a4fbfc6b6ce725633c4\"", "size": 4340, "mimetype": "image/jpeg", "cacheControl": "max-age=3600", "lastModified": "2025-09-04T03:38:23.000Z", "contentLength": 4340, "httpStatusCode": 200}', '791736c5-4f02-48a5-862e-23e11d881ae8', NULL, '{}', NULL),
	('5fcfe7b1-b3f2-43d2-87db-0e6675f2fc71', 'device-images', 'i-6.webp', NULL, '2025-09-04 01:43:42.005394+00', '2025-09-04 03:38:22.371131+00', '2025-09-04 01:43:42.005394+00', '{"eTag": "\"c3f3445780d36c127b3091672b8b28b1\"", "size": 2916, "mimetype": "image/jpeg", "cacheControl": "max-age=3600", "lastModified": "2025-09-04T03:38:23.000Z", "contentLength": 2916, "httpStatusCode": 200}', '323799b0-ffb3-46be-95cc-fdd569d67819', NULL, '{}', NULL),
	('5090afbf-a145-46b2-ad24-e2d4c3de72df', 'device-images', '101834photos0.jpeg', NULL, '2025-09-04 01:43:41.693686+00', '2025-09-04 03:38:19.585165+00', '2025-09-04 01:43:41.693686+00', '{"eTag": "\"d767632e9c42a36e5bb7f34fc2fb3f54\"", "size": 6002, "mimetype": "image/jpeg", "cacheControl": "max-age=3600", "lastModified": "2025-09-04T03:38:20.000Z", "contentLength": 6002, "httpStatusCode": 200}', '6f8b00d5-ac47-42c4-b324-5fe76b16c1d2', NULL, '{}', NULL),
	('4dbb57f3-6d28-4ecf-9b7b-4b11ec25e13f', 'device-images', 'i-8.webp', NULL, '2025-09-04 01:43:42.056425+00', '2025-09-04 03:38:22.928634+00', '2025-09-04 01:43:42.056425+00', '{"eTag": "\"3cf9c4d42d8dc3a6b9e74686ad27a7e2\"", "size": 2920, "mimetype": "image/jpeg", "cacheControl": "max-age=3600", "lastModified": "2025-09-04T03:38:23.000Z", "contentLength": 2920, "httpStatusCode": 200}', '64e263d3-32e0-4613-8fdf-09dff429fc77', NULL, '{}', NULL),
	('02b224d3-4035-4cf0-a939-2e543d0882b8', 'device-images', 'i-9.webp', NULL, '2025-09-04 01:43:42.072675+00', '2025-09-04 03:38:23.065401+00', '2025-09-04 01:43:42.072675+00', '{"eTag": "\"15dc91a2032a7659ab67607dbe331fe5\"", "size": 3336, "mimetype": "image/jpeg", "cacheControl": "max-age=3600", "lastModified": "2025-09-04T03:38:24.000Z", "contentLength": 3336, "httpStatusCode": 200}', '519935a2-8d17-4a59-876c-df03e8d7bb57', NULL, '{}', NULL),
	('52b6a5a5-5c77-429d-a231-3fa9512e4919', 'device-images', 'oneplus-6t.jpg', NULL, '2025-09-04 01:43:42.091798+00', '2025-09-04 03:38:23.251708+00', '2025-09-04 01:43:42.091798+00', '{"eTag": "\"0ae54dc080b65e78ef598937a4abfc90\"", "size": 25965, "mimetype": "image/jpeg", "cacheControl": "max-age=3600", "lastModified": "2025-09-04T03:38:24.000Z", "contentLength": 25965, "httpStatusCode": 200}', '5fcfc323-1107-4662-bfbc-eb8ff9336155', NULL, '{}', NULL),
	('cd36b224-a12a-4af9-b185-a46dcd9fa506', 'device-images', 'oneplus-9-prothumb.jpg', NULL, '2025-09-04 01:43:42.111924+00', '2025-09-04 03:38:23.430077+00', '2025-09-04 01:43:42.111924+00', '{"eTag": "\"dc9334b68ddc8672e5994ac7e9269302\"", "size": 21659, "mimetype": "image/jpeg", "cacheControl": "max-age=3600", "lastModified": "2025-09-04T03:38:24.000Z", "contentLength": 21659, "httpStatusCode": 200}', '703903ac-de91-44fb-bb9b-33cfc172ee50', NULL, '{}', NULL),
	('d9543a68-8ceb-4b38-aad2-e1a6e5fd200c', 'device-images', 'orig.webp', NULL, '2025-09-04 01:43:42.131505+00', '2025-09-04 03:38:23.669825+00', '2025-09-04 01:43:42.131505+00', '{"eTag": "\"5eda340d78a85ddc396602319e060ce7\"", "size": 76378, "mimetype": "image/jpeg", "cacheControl": "max-age=3600", "lastModified": "2025-09-04T03:38:24.000Z", "contentLength": 76378, "httpStatusCode": 200}', '5791fcea-3584-43cb-b52b-86b36dd80930', NULL, '{}', NULL),
	('190f600c-2182-4c10-9892-0fffe2050442', 'device-images', 's-l200.jpg', NULL, '2025-09-04 01:43:42.148452+00', '2025-09-04 03:38:23.943535+00', '2025-09-04 01:43:42.148452+00', '{"eTag": "\"61df7fc4f5439e4347db0a96208a9a43\"", "size": 7976, "mimetype": "image/jpeg", "cacheControl": "max-age=3600", "lastModified": "2025-09-04T03:38:24.000Z", "contentLength": 7976, "httpStatusCode": 200}', '3c26c943-7f06-4ff8-a30a-d55d98712071', NULL, '{}', NULL),
	('c09cca8c-3cb8-4877-8dbd-22295a365659', 'device-images', 'oneplus-main.png', NULL, '2025-09-04 01:43:42.168258+00', '2025-09-04 03:38:24.117014+00', '2025-09-04 01:43:42.168258+00', '{"eTag": "\"811a9c9c751cfce324fbd52eadc29ffe\"", "size": 23435, "mimetype": "image/png", "cacheControl": "max-age=3600", "lastModified": "2025-09-04T03:38:25.000Z", "contentLength": 23435, "httpStatusCode": 200}', '4a827bc7-6564-4ece-bd91-241bace52514', NULL, '{}', NULL),
	('5ba9c3d1-eb44-4f3e-8541-32b8f1d1a693', 'device-images', '24-05-2022-1653398658a-01.png', NULL, '2025-09-04 01:43:42.187735+00', '2025-09-04 03:38:24.307281+00', '2025-09-04 01:43:42.187735+00', '{"eTag": "\"b77bdb58d3d73eacd469d54545563b21\"", "size": 60324, "mimetype": "image/png", "cacheControl": "max-age=3600", "lastModified": "2025-09-04T03:38:25.000Z", "contentLength": 60324, "httpStatusCode": 200}', 'eb9cf1e1-f9a4-427a-be63-b6045860b8f6', NULL, '{}', NULL),
	('d47cf382-f683-418e-9b89-6eb2c71f4557', 'device-images', '24-05-2022-1653398683a-02.png', NULL, '2025-09-04 01:43:42.208364+00', '2025-09-04 03:38:24.603795+00', '2025-09-04 01:43:42.208364+00', '{"eTag": "\"d62ad6b8491edce84c7cece643975f44\"", "size": 72361, "mimetype": "image/png", "cacheControl": "max-age=3600", "lastModified": "2025-09-04T03:38:25.000Z", "contentLength": 72361, "httpStatusCode": 200}', '954ee40a-75e1-40a7-93e3-a10cbcd7bbc8', NULL, '{}', NULL),
	('676fd5c2-477b-4be5-a4f5-933a2a5ad48f', 'device-images', '24-05-2022-1653398704a-02-s.png', NULL, '2025-09-04 01:43:42.228704+00', '2025-09-04 03:38:24.805518+00', '2025-09-04 01:43:42.228704+00', '{"eTag": "\"e22328149d0eb66e46a4b9edd68a5a0f\"", "size": 76222, "mimetype": "image/png", "cacheControl": "max-age=3600", "lastModified": "2025-09-04T03:38:25.000Z", "contentLength": 76222, "httpStatusCode": 200}', '8aec1a92-afe5-4a23-9048-5a5db95767aa', NULL, '{}', NULL),
	('4d4fc9e5-4d87-40d8-925d-d6f430a79e5e', 'device-images', '24-05-2022-1653398765a-03.png', NULL, '2025-09-04 01:43:42.24885+00', '2025-09-04 03:38:25.056336+00', '2025-09-04 01:43:42.24885+00', '{"eTag": "\"01152adbf40e2bd916e3e7b420ece726\"", "size": 58581, "mimetype": "image/png", "cacheControl": "max-age=3600", "lastModified": "2025-09-04T03:38:25.000Z", "contentLength": 58581, "httpStatusCode": 200}', 'c8e41882-fd90-46ab-b050-7a40e7c04dab', NULL, '{}', NULL),
	('8bf74231-4999-4210-8caf-99aeba260d2c', 'device-images', '24-05-2022-1653398807a-10.png', NULL, '2025-09-04 01:43:42.283853+00', '2025-09-04 03:38:25.49953+00', '2025-09-04 01:43:42.283853+00', '{"eTag": "\"b2ac9a08efe256a014fb19d06377b43b\"", "size": 69580, "mimetype": "image/png", "cacheControl": "max-age=3600", "lastModified": "2025-09-04T03:38:26.000Z", "contentLength": 69580, "httpStatusCode": 200}', 'a404c746-37cb-4846-b44e-1b766da17417', NULL, '{}', NULL),
	('7cf78ab7-2706-44f2-814e-24a2fa10d99e', 'device-images', '24-05-2022-1653398865a-10-e.png', NULL, '2025-09-04 01:43:42.304429+00', '2025-09-04 03:38:25.6574+00', '2025-09-04 01:43:42.304429+00', '{"eTag": "\"d7f5c183b149500f26fb69c95da10fa3\"", "size": 43295, "mimetype": "image/png", "cacheControl": "max-age=3600", "lastModified": "2025-09-04T03:38:26.000Z", "contentLength": 43295, "httpStatusCode": 200}', '66a3908a-e897-490d-91df-47c0ef23f51e', NULL, '{}', NULL),
	('89f00962-6db6-4eee-a53d-4750e6640652', 'device-images', '24-05-2022-1653398889a-10-s.png', NULL, '2025-09-04 01:43:42.322389+00', '2025-09-04 03:38:25.875024+00', '2025-09-04 01:43:42.322389+00', '{"eTag": "\"a011e5445835e5fea54e46816c79e4a3\"", "size": 68876, "mimetype": "image/png", "cacheControl": "max-age=3600", "lastModified": "2025-09-04T03:38:26.000Z", "contentLength": 68876, "httpStatusCode": 200}', '9f52528c-66b4-4bb1-86d2-4f014ec0a30e', NULL, '{}', NULL),
	('a9aee132-ce5e-4111-a538-d77b273003ee', 'device-images', '24-05-2022-1653398910a-11.png', NULL, '2025-09-04 01:43:42.340803+00', '2025-09-04 03:38:26.02357+00', '2025-09-04 01:43:42.340803+00', '{"eTag": "\"c710f1045c53b2ba9570f8ad55c7545f\"", "size": 57001, "mimetype": "image/png", "cacheControl": "max-age=3600", "lastModified": "2025-09-04T03:38:26.000Z", "contentLength": 57001, "httpStatusCode": 200}', 'da440ba5-cce4-4ad4-b6e5-63a996613061', NULL, '{}', NULL),
	('650468b0-0fa4-4700-9b12-0d0d5de01379', 'device-images', 'i-7.webp', NULL, '2025-09-04 01:43:42.039594+00', '2025-09-04 03:38:22.759292+00', '2025-09-04 01:43:42.039594+00', '{"eTag": "\"8a0c8a5cb1bb4e3a7193be336a6a0219\"", "size": 3834, "mimetype": "image/jpeg", "cacheControl": "max-age=3600", "lastModified": "2025-09-04T03:38:23.000Z", "contentLength": 3834, "httpStatusCode": 200}', 'bebdad35-7297-4d6b-a7d0-c30539bd7d6a', NULL, '{}', NULL),
	('e1deb40f-6d2e-4d25-97b2-d468613d7587', 'device-images', '25-05-2022-1653473337j3-j-337.png', NULL, '2025-09-04 01:43:42.393195+00', '2025-09-04 03:38:26.571208+00', '2025-09-04 01:43:42.393195+00', '{"eTag": "\"1ae55a52cad80e114eb780352acac927\"", "size": 42876, "mimetype": "image/png", "cacheControl": "max-age=3600", "lastModified": "2025-09-04T03:38:27.000Z", "contentLength": 42876, "httpStatusCode": 200}', '4a67b4b3-b05f-4927-8754-3fc3a730df92', NULL, '{}', NULL),
	('3b5b36e7-17ae-4e16-8417-0aca7d42a3df', 'device-images', '25-05-2022-1653473369j7-j-727-1.png', NULL, '2025-09-04 01:43:42.409009+00', '2025-09-04 03:38:26.780986+00', '2025-09-04 01:43:42.409009+00', '{"eTag": "\"717a25d8ee9909cf9d23680cc529c7b5\"", "size": 38510, "mimetype": "image/png", "cacheControl": "max-age=3600", "lastModified": "2025-09-04T03:38:27.000Z", "contentLength": 38510, "httpStatusCode": 200}', 'a714fd57-a4de-4f7a-b966-d788e8718f96', NULL, '{}', NULL),
	('62d907eb-8637-4cc3-ad1b-6c5ac5aa9be5', 'device-images', '25-05-2022-1653473401samsung-j7-pro-j730.png', NULL, '2025-09-04 01:43:42.425964+00', '2025-09-04 03:38:26.938779+00', '2025-09-04 01:43:42.425964+00', '{"eTag": "\"49474d6882e77341d74a5f26f0e2a773\"", "size": 40234, "mimetype": "image/png", "cacheControl": "max-age=3600", "lastModified": "2025-09-04T03:38:27.000Z", "contentLength": 40234, "httpStatusCode": 200}', 'c628dc8f-f0b3-48c3-a3c3-907211ffdeab', NULL, '{}', NULL),
	('e43fe7bb-6cd8-40df-95f9-41d0b0919ad4', 'device-images', '25-05-2022-1653473427j7-refine-j-737.png', NULL, '2025-09-04 01:43:42.442465+00', '2025-09-04 03:38:27.101273+00', '2025-09-04 01:43:42.442465+00', '{"eTag": "\"d248a98dd2893c5a06f9089f1c7d90bf\"", "size": 47111, "mimetype": "image/png", "cacheControl": "max-age=3600", "lastModified": "2025-09-04T03:38:28.000Z", "contentLength": 47111, "httpStatusCode": 200}', '70062ea0-a781-4667-b387-9af2606a3068', NULL, '{}', NULL),
	('2e0df72d-a074-42f0-90b8-07514b045575', 'device-images', '25-05-2022-1653473450j8-plus-j-805.png', NULL, '2025-09-04 01:43:42.458646+00', '2025-09-04 03:38:27.386304+00', '2025-09-04 01:43:42.458646+00', '{"eTag": "\"40f78508d6d066830877b169593f1967\"", "size": 42872, "mimetype": "image/png", "cacheControl": "max-age=3600", "lastModified": "2025-09-04T03:38:28.000Z", "contentLength": 42872, "httpStatusCode": 200}', 'a873b943-44d4-46af-a305-26a3d1fd3593', NULL, '{}', NULL),
	('6e1af937-0f20-41da-a28d-42f17a5b33ea', 'device-images', '25-05-2022-1653474606a-20.png', NULL, '2025-09-04 01:43:42.477246+00', '2025-09-04 03:38:27.644199+00', '2025-09-04 01:43:42.477246+00', '{"eTag": "\"fe68bd2788a7eb404e3797c1e72ee800\"", "size": 77387, "mimetype": "image/png", "cacheControl": "max-age=3600", "lastModified": "2025-09-04T03:38:28.000Z", "contentLength": 77387, "httpStatusCode": 200}', '0d887ec3-9cb3-4cb5-a79e-eb869c2b1aa5', NULL, '{}', NULL),
	('6215bd42-dd24-4fbb-9bc0-cf2ea54f7f12', 'device-images', '25-05-2022-1653474633a-20-e-1.png', NULL, '2025-09-04 01:43:42.495757+00', '2025-09-04 03:38:27.908634+00', '2025-09-04 01:43:42.495757+00', '{"eTag": "\"72d00019dba3ffa92ccef9abe7fcb618\"", "size": 75996, "mimetype": "image/png", "cacheControl": "max-age=3600", "lastModified": "2025-09-04T03:38:28.000Z", "contentLength": 75996, "httpStatusCode": 200}', 'cc77b761-575e-4dbf-93da-6ea9ebec8709', NULL, '{}', NULL),
	('d20d42bd-3da9-47a3-8434-b5ba86c36816', 'device-images', '25-05-2022-1653474650a-21.png', NULL, '2025-09-04 01:43:42.515621+00', '2025-09-04 03:38:28.094061+00', '2025-09-04 01:43:42.515621+00', '{"eTag": "\"72ca60a6e3c7bee5cffb1dd19c92a518\"", "size": 57037, "mimetype": "image/png", "cacheControl": "max-age=3600", "lastModified": "2025-09-04T03:38:29.000Z", "contentLength": 57037, "httpStatusCode": 200}', '0f4519ab-e6d1-41a3-9920-69992ef0a671', NULL, '{}', NULL),
	('690c9709-ad6f-4950-b275-28cb63f6819f', 'device-images', '25-05-2022-1653474670a-21-s.png', NULL, '2025-09-04 01:43:42.535971+00', '2025-09-04 03:38:28.280228+00', '2025-09-04 01:43:42.535971+00', '{"eTag": "\"f000d9db311b6ccb642b2c1d0043592f\"", "size": 58488, "mimetype": "image/png", "cacheControl": "max-age=3600", "lastModified": "2025-09-04T03:38:29.000Z", "contentLength": 58488, "httpStatusCode": 200}', 'a9bdef65-12ae-4f91-9f66-f7d5e24123ec', NULL, '{}', NULL),
	('0f510aaa-be2d-4cbc-85aa-15e5d50138a8', 'device-images', '25-05-2022-1653474687a-22.png', NULL, '2025-09-04 01:43:42.558273+00', '2025-09-04 03:38:28.686515+00', '2025-09-04 01:43:42.558273+00', '{"eTag": "\"ed1cb93b6c883bb3d365b1a25f7be287\"", "size": 56612, "mimetype": "image/png", "cacheControl": "max-age=3600", "lastModified": "2025-09-04T03:38:29.000Z", "contentLength": 56612, "httpStatusCode": 200}', '251f3275-debb-4fc5-96e0-f4d726e3a7f2', NULL, '{}', NULL),
	('1bb907cf-7e1a-4b0f-8fbf-f5664ee18e7b', 'device-images', '25-05-2022-1653474716a-32-5g.png', NULL, '2025-09-04 01:43:42.576708+00', '2025-09-04 03:38:28.894912+00', '2025-09-04 01:43:42.576708+00', '{"eTag": "\"052402fcd3e636092fc6b92e96d73cad\"", "size": 65701, "mimetype": "image/png", "cacheControl": "max-age=3600", "lastModified": "2025-09-04T03:38:29.000Z", "contentLength": 65701, "httpStatusCode": 200}', '7ec6ec2d-7e78-498b-a96e-3a9407978ecd', NULL, '{}', NULL),
	('2cd6f416-3d13-49e1-8761-331be59a6906', 'device-images', '25-05-2022-1653474742a-33-5g.png', NULL, '2025-09-04 01:43:42.592343+00', '2025-09-04 03:38:29.072795+00', '2025-09-04 01:43:42.592343+00', '{"eTag": "\"649d907a148d72a2547e40f789811156\"", "size": 44765, "mimetype": "image/png", "cacheControl": "max-age=3600", "lastModified": "2025-09-04T03:38:30.000Z", "contentLength": 44765, "httpStatusCode": 200}', '3a75dfb9-f518-40e5-baad-57d501f8d9c6', NULL, '{}', NULL),
	('6e2c116a-7dab-4481-b32f-179249551d0e', 'device-images', '25-05-2022-1653474760a-40.png', NULL, '2025-09-04 01:43:42.609263+00', '2025-09-04 03:38:29.292929+00', '2025-09-04 01:43:42.609263+00', '{"eTag": "\"80480dfd1b428929d48600370a330b38\"", "size": 86612, "mimetype": "image/png", "cacheControl": "max-age=3600", "lastModified": "2025-09-04T03:38:30.000Z", "contentLength": 86612, "httpStatusCode": 200}', 'f1139b7d-d934-4730-b7d2-23d5c9507e61', NULL, '{}', NULL),
	('90f2ac8a-6c58-4b90-b53b-76288f1f2140', 'device-images', '25-05-2022-1653474776a-40-s.png', NULL, '2025-09-04 01:43:42.626373+00', '2025-09-04 03:38:29.504285+00', '2025-09-04 01:43:42.626373+00', '{"eTag": "\"8a2df8fde6af8f77368ca43b6ac7b8ab\"", "size": 74842, "mimetype": "image/png", "cacheControl": "max-age=3600", "lastModified": "2025-09-04T03:38:30.000Z", "contentLength": 74842, "httpStatusCode": 200}', 'ec87bb07-1532-4548-895c-18b19764154e', NULL, '{}', NULL),
	('bc7582a1-cbd2-455e-8030-90dc611d9572', 'device-images', '25-05-2022-1653474799a-42-5g.png', NULL, '2025-09-04 01:43:42.6483+00', '2025-09-04 03:38:29.66797+00', '2025-09-04 01:43:42.6483+00', '{"eTag": "\"f0f1ebc1c0471d024353ddd3741ad8cc\"", "size": 72003, "mimetype": "image/png", "cacheControl": "max-age=3600", "lastModified": "2025-09-04T03:38:30.000Z", "contentLength": 72003, "httpStatusCode": 200}', 'f2d60271-f686-4196-ab68-4f886b256eaf', NULL, '{}', NULL),
	('9758486d-7458-4193-8c58-9135375e2e25', 'device-images', '25-05-2022-1653473285j3-327.png', NULL, '2025-09-04 01:43:42.376559+00', '2025-09-04 03:38:26.402703+00', '2025-09-04 01:43:42.376559+00', '{"eTag": "\"370e31fd949eb5a7225e762014fcd06f\"", "size": 38967, "mimetype": "image/png", "cacheControl": "max-age=3600", "lastModified": "2025-09-04T03:38:27.000Z", "contentLength": 38967, "httpStatusCode": 200}', '21bc78ec-55cb-418e-9e5c-feb6105f5752', NULL, '{}', NULL),
	('e50845db-e61a-429b-8ef6-d3be9d10e3d7', 'device-images', '25-05-2022-1653474908a-52-4g.png', NULL, '2025-09-04 01:43:42.701867+00', '2025-09-04 03:38:30.470994+00', '2025-09-04 01:43:42.701867+00', '{"eTag": "\"f27f685100fb4fdf3c1dd3fa44d8db1e\"", "size": 55324, "mimetype": "image/png", "cacheControl": "max-age=3600", "lastModified": "2025-09-04T03:38:31.000Z", "contentLength": 55324, "httpStatusCode": 200}', '8a633415-c3ef-47dc-8d6b-04a4ba3595ed', NULL, '{}', NULL),
	('90c9e714-af07-45cd-abaa-1f3694dccb50', 'device-images', '28-05-2022-1653746293a-13.png', NULL, '2025-09-04 01:43:42.720524+00', '2025-09-04 03:38:30.659169+00', '2025-09-04 01:43:42.720524+00', '{"eTag": "\"85fd45f9d830e8cf2f18530b4c1d0580\"", "size": 75558, "mimetype": "image/png", "cacheControl": "max-age=3600", "lastModified": "2025-09-04T03:38:31.000Z", "contentLength": 75558, "httpStatusCode": 200}', '92bd6cd0-342b-44a4-b6b5-a92347dc28fa', NULL, '{}', NULL),
	('a41c7c1f-77e8-4978-b436-f5b40705a35e', 'device-images', 'a-52-5g.png', NULL, '2025-09-04 01:43:42.738169+00', '2025-09-04 03:38:30.858432+00', '2025-09-04 01:43:42.738169+00', '{"eTag": "\"41fc8c9809aa79ee8e4e6cfd0ccf9654\"", "size": 79368, "mimetype": "image/png", "cacheControl": "max-age=3600", "lastModified": "2025-09-04T03:38:31.000Z", "contentLength": 79368, "httpStatusCode": 200}', 'f3a1bffb-b680-4279-9b3c-a569e60b3762', NULL, '{}', NULL),
	('79e5f76d-1c2b-4845-b51b-056115d6a10b', 'device-images', 'a-52-s.png', NULL, '2025-09-04 01:43:42.756185+00', '2025-09-04 03:38:31.057254+00', '2025-09-04 01:43:42.756185+00', '{"eTag": "\"c30e7a9c07b3248ce095caddb9ff1c20\"", "size": 73243, "mimetype": "image/png", "cacheControl": "max-age=3600", "lastModified": "2025-09-04T03:38:31.000Z", "contentLength": 73243, "httpStatusCode": 200}', '58ddd467-4d64-422e-bb19-7b4dc162c90e', NULL, '{}', NULL),
	('7b480f6c-cf7c-484c-b2e8-4a71b499a3af', 'device-images', 'a-71-5g.png', NULL, '2025-09-04 01:43:42.773801+00', '2025-09-04 03:38:31.225541+00', '2025-09-04 01:43:42.773801+00', '{"eTag": "\"b8c20a6a798119a120dfe030dc9e4f9f\"", "size": 71103, "mimetype": "image/png", "cacheControl": "max-age=3600", "lastModified": "2025-09-04T03:38:32.000Z", "contentLength": 71103, "httpStatusCode": 200}', '3300e241-c124-4e5d-a05f-f7091a69f701', NULL, '{}', NULL),
	('c84b03bc-40e8-411d-9613-8b4a38e8d8fa', 'device-images', 'a-71.png', NULL, '2025-09-04 01:43:42.789562+00', '2025-09-04 03:38:31.420903+00', '2025-09-04 01:43:42.789562+00', '{"eTag": "\"09ba6ce754f94e8138d813a9189d84a7\"", "size": 65462, "mimetype": "image/png", "cacheControl": "max-age=3600", "lastModified": "2025-09-04T03:38:32.000Z", "contentLength": 65462, "httpStatusCode": 200}', '2a7647fc-4621-4b6e-8ecb-228b0f03d404', NULL, '{}', NULL),
	('d9e31b6f-e67d-4edb-93ba-31aaccbb88fe', 'device-images', 'a-72.png', NULL, '2025-09-04 01:43:42.806747+00', '2025-09-04 03:38:31.69055+00', '2025-09-04 01:43:42.806747+00', '{"eTag": "\"5aca6ca5bcbef071cb1cdaf710bb8315\"", "size": 55155, "mimetype": "image/png", "cacheControl": "max-age=3600", "lastModified": "2025-09-04T03:38:32.000Z", "contentLength": 55155, "httpStatusCode": 200}', 'c62d3ea8-5a93-4060-8ece-bb3361f398d3', NULL, '{}', NULL),
	('ed5ad2a8-056b-4e54-b198-3665da8300e1', 'device-images', 'note-10-lite.png', NULL, '2025-09-04 01:43:42.825468+00', '2025-09-04 03:38:32.370918+00', '2025-09-04 01:43:42.825468+00', '{"eTag": "\"95676d010e09cb4278236b847df80cb1\"", "size": 27002, "mimetype": "image/png", "cacheControl": "max-age=3600", "lastModified": "2025-09-04T03:38:33.000Z", "contentLength": 27002, "httpStatusCode": 200}', 'd0352ecf-048e-4577-81c4-fe514e472be5', NULL, '{}', NULL),
	('f30355db-aa7d-4ba2-9f07-b29bbac966ed', 'device-images', 'note-10-plus.png', NULL, '2025-09-04 01:43:42.845199+00', '2025-09-04 03:38:32.807357+00', '2025-09-04 01:43:42.845199+00', '{"eTag": "\"cd4ac22570fbdd8bb6912ec582afe472\"", "size": 57286, "mimetype": "image/png", "cacheControl": "max-age=3600", "lastModified": "2025-09-04T03:38:33.000Z", "contentLength": 57286, "httpStatusCode": 200}', '79af4736-55d7-446c-b2f8-d7874307d164', NULL, '{}', NULL),
	('408b849d-ac63-41b9-9201-0bd71a5d8bcc', 'device-images', 'note-10.png', NULL, '2025-09-04 01:43:42.869329+00', '2025-09-04 03:38:32.996881+00', '2025-09-04 01:43:42.869329+00', '{"eTag": "\"038e9db747724062fa04e1e30fdfc0fc\"", "size": 52269, "mimetype": "image/png", "cacheControl": "max-age=3600", "lastModified": "2025-09-04T03:38:33.000Z", "contentLength": 52269, "httpStatusCode": 200}', 'a1b318c5-cbb5-4e7b-baf8-f24d05e84938', NULL, '{}', NULL),
	('9b0cff92-0e2e-464e-a0ae-72f8ce2657bb', 'device-images', 'note-20-5g.png', NULL, '2025-09-04 01:43:42.888511+00', '2025-09-04 03:38:33.16535+00', '2025-09-04 01:43:42.888511+00', '{"eTag": "\"491ef0f74e0f8933d7f822fe1eb4a61b\"", "size": 67112, "mimetype": "image/png", "cacheControl": "max-age=3600", "lastModified": "2025-09-04T03:38:34.000Z", "contentLength": 67112, "httpStatusCode": 200}', 'a28a73a8-9dc8-4a86-8c3b-b1303b74ee8e', NULL, '{}', NULL),
	('24b0cac4-226e-4b37-a86b-22cdbb6d15ea', 'device-images', 'note-20-ultra-5g.png', NULL, '2025-09-04 01:43:42.905011+00', '2025-09-04 03:38:33.369399+00', '2025-09-04 01:43:42.905011+00', '{"eTag": "\"997201924c62ff95925dd6d7907e10c7\"", "size": 60270, "mimetype": "image/png", "cacheControl": "max-age=3600", "lastModified": "2025-09-04T03:38:34.000Z", "contentLength": 60270, "httpStatusCode": 200}', 'c6cddc16-43dd-4e24-8ba3-b2dda833725d', NULL, '{}', NULL),
	('642d99a1-fcbf-4f8c-a0f7-dafa5ea322d2', 'device-images', 'note-4.png', NULL, '2025-09-04 01:43:42.922442+00', '2025-09-04 03:38:33.624972+00', '2025-09-04 01:43:42.922442+00', '{"eTag": "\"58cf90e9f6a87d3b5771b974c774a361\"", "size": 82814, "mimetype": "image/png", "cacheControl": "max-age=3600", "lastModified": "2025-09-04T03:38:34.000Z", "contentLength": 82814, "httpStatusCode": 200}', '60e91f5a-ecaf-4eb1-9e1c-f3102c542056', NULL, '{}', NULL),
	('9dc2f1a6-9fb4-4eeb-a9ae-4cf0f1a2e782', 'device-images', 'note-5.png', NULL, '2025-09-04 01:43:42.939446+00', '2025-09-04 03:38:33.775711+00', '2025-09-04 01:43:42.939446+00', '{"eTag": "\"63c005190a3244960700f31f235aee02\"", "size": 59748, "mimetype": "image/png", "cacheControl": "max-age=3600", "lastModified": "2025-09-04T03:38:34.000Z", "contentLength": 59748, "httpStatusCode": 200}', 'c2403462-8aa0-4805-9663-8fabd84f5543', NULL, '{}', NULL),
	('2f1649ee-eb32-49ed-8c54-8fb54dbdc06f', 'device-images', 'note-8.png', NULL, '2025-09-04 01:43:42.955166+00', '2025-09-04 03:38:34.137027+00', '2025-09-04 01:43:42.955166+00', '{"eTag": "\"5984d62403aeeec072b42bccdd71957a\"", "size": 34891, "mimetype": "image/png", "cacheControl": "max-age=3600", "lastModified": "2025-09-04T03:38:35.000Z", "contentLength": 34891, "httpStatusCode": 200}', 'beeb214e-8d06-49e0-aae5-7f8d435e5fc6', NULL, '{}', NULL),
	('29309c6a-b1ab-4e73-952a-277d3702719f', 'device-images', 'note-9.png', NULL, '2025-09-04 01:43:42.975767+00', '2025-09-04 03:38:34.357622+00', '2025-09-04 01:43:42.975767+00', '{"eTag": "\"fac786da7d718eb2d6aeab138e8286c5\"", "size": 57609, "mimetype": "image/png", "cacheControl": "max-age=3600", "lastModified": "2025-09-04T03:38:35.000Z", "contentLength": 57609, "httpStatusCode": 200}', '86f58aa8-8f36-4974-b90a-42f10b81a633', NULL, '{}', NULL),
	('776d32bb-ffda-4653-9c62-83940d2a49ff', 'device-images', '25-05-2022-1653474874a-51.png', NULL, '2025-09-04 01:43:42.684069+00', '2025-09-04 03:38:30.286209+00', '2025-09-04 01:43:42.684069+00', '{"eTag": "\"3255c1758e6fa8c0435ed5c27160d5f5\"", "size": 76835, "mimetype": "image/png", "cacheControl": "max-age=3600", "lastModified": "2025-09-04T03:38:31.000Z", "contentLength": 76835, "httpStatusCode": 200}', '4dd7c592-a866-4399-bf65-93e5a6221787', NULL, '{}', NULL),
	('129d9167-00bd-4708-bfe4-547d524d6ae2', 'device-images', 's10-5g.png', NULL, '2025-09-04 01:43:43.029687+00', '2025-09-04 03:38:34.944234+00', '2025-09-04 01:43:43.029687+00', '{"eTag": "\"c52b9d3be6f040208dfb7df3d0edf886\"", "size": 59039, "mimetype": "image/png", "cacheControl": "max-age=3600", "lastModified": "2025-09-04T03:38:35.000Z", "contentLength": 59039, "httpStatusCode": 200}', 'd3f34624-3c2f-4854-b4a5-b42893548040', NULL, '{}', NULL),
	('03bcf80e-a04c-4785-8cc7-19aac51ed6cd', 'device-images', 's10-lite.png', NULL, '2025-09-04 01:43:43.047723+00', '2025-09-04 03:38:35.138661+00', '2025-09-04 01:43:43.047723+00', '{"eTag": "\"de7c41f5dc50635687760d1af6eed695\"", "size": 43766, "mimetype": "image/png", "cacheControl": "max-age=3600", "lastModified": "2025-09-04T03:38:36.000Z", "contentLength": 43766, "httpStatusCode": 200}', '54d72a7b-ae62-410f-8358-0f1e9dede51d', NULL, '{}', NULL),
	('e4b33031-5993-4e88-bfac-4bbffb7e9620', 'device-images', 's10-plus-1.png', NULL, '2025-09-04 01:43:43.071736+00', '2025-09-04 03:38:35.31189+00', '2025-09-04 01:43:43.071736+00', '{"eTag": "\"46220580edeb2de4a8c2cec1c4bcca14\"", "size": 46609, "mimetype": "image/png", "cacheControl": "max-age=3600", "lastModified": "2025-09-04T03:38:36.000Z", "contentLength": 46609, "httpStatusCode": 200}', 'ed3647d1-cd15-4d44-a019-36df1ccf587b', NULL, '{}', NULL),
	('383a2a44-c379-44b9-9700-83ee3c9dc00d', 'device-images', 's10e.png', NULL, '2025-09-04 01:43:43.104924+00', '2025-09-04 03:38:35.784907+00', '2025-09-04 01:43:43.104924+00', '{"eTag": "\"d3187fc11fa43dfee1dea893d531220a\"", "size": 64648, "mimetype": "image/png", "cacheControl": "max-age=3600", "lastModified": "2025-09-04T03:38:36.000Z", "contentLength": 64648, "httpStatusCode": 200}', '8bf6ba39-90af-4d98-8f8c-2dc2a89cabfa', NULL, '{}', NULL),
	('21d21f46-3230-4e37-b4ea-5245404910f9', 'device-images', 's10.png', NULL, '2025-09-04 01:43:43.088317+00', '2025-09-04 03:32:00.850387+00', '2025-09-04 01:43:43.088317+00', '{"eTag": "\"ecb6d89a65676a4ba6937aa893bcffa1\"", "size": 54715, "mimetype": "image/png", "cacheControl": "max-age=3600", "lastModified": "2025-09-04T03:32:01.000Z", "contentLength": 54715, "httpStatusCode": 200}', '86ef49e2-6598-48b9-b239-1180e74dcee8', NULL, '{}', NULL),
	('84feaac7-2f44-494a-b969-88314f78a720', 'device-images', 's20-plus.png', NULL, '2025-09-04 01:43:43.121086+00', '2025-09-04 03:38:36.001182+00', '2025-09-04 01:43:43.121086+00', '{"eTag": "\"bfb4aeb01dd1ad830e75f648625d8d9c\"", "size": 46284, "mimetype": "image/png", "cacheControl": "max-age=3600", "lastModified": "2025-09-04T03:38:36.000Z", "contentLength": 46284, "httpStatusCode": 200}', '1526b43d-d5ff-4a4e-898e-b2d1374362c7', NULL, '{}', NULL),
	('b6cfb4b5-af14-4433-825c-df404a0e4eb9', 'device-images', 's20-ultra.png', NULL, '2025-09-04 01:43:43.139612+00', '2025-09-04 03:38:36.228595+00', '2025-09-04 01:43:43.139612+00', '{"eTag": "\"e60a7dd1c4238c91f4fc4ef1c1e9b3c8\"", "size": 50371, "mimetype": "image/png", "cacheControl": "max-age=3600", "lastModified": "2025-09-04T03:38:37.000Z", "contentLength": 50371, "httpStatusCode": 200}', '7292fb29-9ea7-4ff5-bbf1-586ea9e8e24f', NULL, '{}', NULL),
	('a49682eb-549e-4749-be37-0b1a0ba84c7b', 'device-images', 's20.png', NULL, '2025-09-04 01:43:43.157882+00', '2025-09-04 03:38:36.433998+00', '2025-09-04 01:43:43.157882+00', '{"eTag": "\"43f39c275e8fd9150e449478e0e5ae76\"", "size": 67666, "mimetype": "image/png", "cacheControl": "max-age=3600", "lastModified": "2025-09-04T03:38:37.000Z", "contentLength": 67666, "httpStatusCode": 200}', 'c66baa5c-c2cc-4b68-b8ed-82f40dcb4416', NULL, '{}', NULL),
	('01888507-e4de-455f-8f38-9452b33979f0', 'device-images', 's21-plus.png', NULL, '2025-09-04 01:43:43.178266+00', '2025-09-04 03:38:36.654781+00', '2025-09-04 01:43:43.178266+00', '{"eTag": "\"926d614f17f42e0d13cddcbe0a6bcb61\"", "size": 52737, "mimetype": "image/png", "cacheControl": "max-age=3600", "lastModified": "2025-09-04T03:38:37.000Z", "contentLength": 52737, "httpStatusCode": 200}', '26a04c2c-00f3-497a-95f2-de267de8b07a', NULL, '{}', NULL),
	('68c29024-99fc-463c-bb8b-0b1c66fd688b', 'device-images', 's21-ultra.png', NULL, '2025-09-04 01:43:43.198025+00', '2025-09-04 03:38:36.90903+00', '2025-09-04 01:43:43.198025+00', '{"eTag": "\"735fc8f9222dfb8c6c8307a8ea52ce4b\"", "size": 73948, "mimetype": "image/png", "cacheControl": "max-age=3600", "lastModified": "2025-09-04T03:38:37.000Z", "contentLength": 73948, "httpStatusCode": 200}', '11f9a087-4a33-431b-811b-23c0a414c4d6', NULL, '{}', NULL),
	('97593e31-5af2-4885-af72-eaa9372a0dc7', 'device-images', 's21.png', NULL, '2025-09-04 01:43:43.224746+00', '2025-09-04 03:38:37.193883+00', '2025-09-04 01:43:43.224746+00', '{"eTag": "\"5afc19c604b8c46e5b1894dac94581db\"", "size": 77447, "mimetype": "image/png", "cacheControl": "max-age=3600", "lastModified": "2025-09-04T03:38:38.000Z", "contentLength": 77447, "httpStatusCode": 200}', '72e6ec81-784d-4aea-afe3-387bf308fa5a', NULL, '{}', NULL),
	('94e3e65d-9f49-4498-9209-f8ac316eda99', 'device-images', 's22-plus.png', NULL, '2025-09-04 01:43:43.245416+00', '2025-09-04 03:38:37.399146+00', '2025-09-04 01:43:43.245416+00', '{"eTag": "\"ad5e68d0aba8632c7c4364654e750f7f\"", "size": 73352, "mimetype": "image/png", "cacheControl": "max-age=3600", "lastModified": "2025-09-04T03:38:38.000Z", "contentLength": 73352, "httpStatusCode": 200}', '0d0c6716-8498-4709-b760-1895c2c595f4', NULL, '{}', NULL),
	('b4867e21-b49e-4747-b562-555d91f6efe0', 'device-images', 's22.png', NULL, '2025-09-04 01:43:43.263714+00', '2025-09-04 03:38:37.644725+00', '2025-09-04 01:43:43.263714+00', '{"eTag": "\"d09fdff57d1dc76f13fd11fd06c09e91\"", "size": 72904, "mimetype": "image/png", "cacheControl": "max-age=3600", "lastModified": "2025-09-04T03:38:38.000Z", "contentLength": 72904, "httpStatusCode": 200}', '52cdb323-7783-4e96-ae2d-e7386a22b4b6', NULL, '{}', NULL),
	('1684649e-ba83-42f0-9163-42b12e6e0ec5', 'device-images', 's6-edge-1.png', NULL, '2025-09-04 01:43:43.282464+00', '2025-09-04 03:38:37.834697+00', '2025-09-04 01:43:43.282464+00', '{"eTag": "\"83e5b659bac534c1768bafa7f997078f\"", "size": 62280, "mimetype": "image/png", "cacheControl": "max-age=3600", "lastModified": "2025-09-04T03:38:38.000Z", "contentLength": 62280, "httpStatusCode": 200}', '084465d9-b2e7-4d2f-a8d5-836389410357', NULL, '{}', NULL),
	('c64308ec-e543-4b1b-855e-8eefb62a3f6f', 'device-images', 's7-active.png', NULL, '2025-09-04 01:43:43.30138+00', '2025-09-04 03:38:38.089593+00', '2025-09-04 01:43:43.30138+00', '{"eTag": "\"c575f2ac3abdae27042d4e3e23e66d02\"", "size": 66264, "mimetype": "image/png", "cacheControl": "max-age=3600", "lastModified": "2025-09-04T03:38:39.000Z", "contentLength": 66264, "httpStatusCode": 200}', 'c936b7a6-e9c2-4812-aaf0-5c95ee25c655', NULL, '{}', NULL),
	('a2b7b672-8e9f-441a-9d07-6c0c6303fbce', 'device-images', 's7-edge.png', NULL, '2025-09-04 01:43:43.318354+00', '2025-09-04 03:38:38.252519+00', '2025-09-04 01:43:43.318354+00', '{"eTag": "\"b25f08708ce3c4bee5644987a1783bd7\"", "size": 34516, "mimetype": "image/png", "cacheControl": "max-age=3600", "lastModified": "2025-09-04T03:38:39.000Z", "contentLength": 34516, "httpStatusCode": 200}', 'bc3c3c8e-6820-48f9-87e6-0711859a288d', NULL, '{}', NULL),
	('9a2f042a-0609-4a54-a909-e50c0d6204f7', 'device-images', 's-21-fe.png', NULL, '2025-09-04 01:43:43.012893+00', '2025-09-04 03:38:34.76248+00', '2025-09-04 01:43:43.012893+00', '{"eTag": "\"ab2d16304b02b1d8dc2f104c47f5e4eb\"", "size": 67614, "mimetype": "image/png", "cacheControl": "max-age=3600", "lastModified": "2025-09-04T03:38:35.000Z", "contentLength": 67614, "httpStatusCode": 200}', '0df8647c-5c27-405f-8843-68893fe3a671', NULL, '{}', NULL),
	('01da4d94-2236-44c6-bd58-f73dd765da88', 'device-images', 'galaxy-s21-ultra.png', NULL, '2025-09-04 01:43:39.486273+00', '2025-09-04 03:31:23.68999+00', '2025-09-04 01:43:39.486273+00', '{"eTag": "\"ea43238fbd0489eab011a8fc1dfbbe1e\"", "size": 6882, "mimetype": "image/png", "cacheControl": "max-age=3600", "lastModified": "2025-09-04T03:31:24.000Z", "contentLength": 6882, "httpStatusCode": 200}', '0c7fa941-2d4b-4dc2-941b-bc26471d3107', NULL, '{}', NULL),
	('29c642af-f85f-41b0-b329-b40cc292ca93', 'device-images', 'iphone-se-1st-gen.png', NULL, '2025-09-04 01:43:40.685935+00', '2025-09-04 03:38:09.019635+00', '2025-09-04 01:43:40.685935+00', '{"eTag": "\"5d07a4428516b97afdfd6615f7a4a5e5\"", "size": 30073, "mimetype": "image/png", "cacheControl": "max-age=3600", "lastModified": "2025-09-04T03:38:09.000Z", "contentLength": 30073, "httpStatusCode": 200}', 'eb4bc27e-283f-4293-9d80-8cca4c1d571b', NULL, '{}', NULL),
	('a23897ef-6d18-4288-b608-dcecf45ab68b', 'device-images', 's8-edge.png', NULL, '2025-09-04 01:43:43.37558+00', '2025-09-04 03:38:38.872199+00', '2025-09-04 01:43:43.37558+00', '{"eTag": "\"ebea6001274ebe0fc322a493c2c4a2a2\"", "size": 64532, "mimetype": "image/png", "cacheControl": "max-age=3600", "lastModified": "2025-09-04T03:38:39.000Z", "contentLength": 64532, "httpStatusCode": 200}', '9c88d381-a795-44b2-b27b-755c4fae5759', NULL, '{}', NULL),
	('3b995a1f-9352-4668-83aa-7f2dc58afdd1', 'device-images', 's8-plus.png', NULL, '2025-09-04 01:43:43.394075+00', '2025-09-04 03:38:39.149+00', '2025-09-04 01:43:43.394075+00', '{"eTag": "\"61a4a697fa1d12d4c84a8c58fae19874\"", "size": 60752, "mimetype": "image/png", "cacheControl": "max-age=3600", "lastModified": "2025-09-04T03:38:40.000Z", "contentLength": 60752, "httpStatusCode": 200}', 'cb6f33a4-fbc1-4feb-8325-ef19e6e3e7f6', NULL, '{}', NULL),
	('2d386778-1042-4abc-8443-4480847a7d86', 'device-images', 's9.png', NULL, '2025-09-04 01:43:43.415393+00', '2025-09-04 03:38:39.326055+00', '2025-09-04 01:43:43.415393+00', '{"eTag": "\"c8147da62ee0c327e4eca6978ca3070a\"", "size": 42934, "mimetype": "image/png", "cacheControl": "max-age=3600", "lastModified": "2025-09-04T03:38:40.000Z", "contentLength": 42934, "httpStatusCode": 200}', '7675b39c-a121-411c-b18c-60136129e266', NULL, '{}', NULL),
	('e8fd59af-eb58-42f1-b072-38946dcab9da', 'device-images', 's9plus.png', NULL, '2025-09-04 01:43:43.441584+00', '2025-09-04 03:38:39.507056+00', '2025-09-04 01:43:43.441584+00', '{"eTag": "\"63d960f05fed7578a0a2719c2807d688\"", "size": 35260, "mimetype": "image/png", "cacheControl": "max-age=3600", "lastModified": "2025-09-04T03:38:40.000Z", "contentLength": 35260, "httpStatusCode": 200}', 'f1a67e66-4679-4e28-a566-3518ea7655e6', NULL, '{}', NULL),
	('de804e71-0325-41cd-a16e-cdcec50a8ece', 'device-images', 'samsung-galaxy-a53-5g.png', NULL, '2025-09-04 01:43:43.4734+00', '2025-09-04 03:38:39.68843+00', '2025-09-04 01:43:43.4734+00', '{"eTag": "\"4772deb2e494bc3f713bf461bdc334a7\"", "size": 58655, "mimetype": "image/png", "cacheControl": "max-age=3600", "lastModified": "2025-09-04T03:38:40.000Z", "contentLength": 58655, "httpStatusCode": 200}', 'ef27a97a-d3fd-4ffe-9078-cb87c2e2f434', NULL, '{}', NULL),
	('55b17fff-5597-4d95-baa8-3cbd8123b7c1', 'device-images', 'samsung-galaxy-s21-ultra.png', NULL, '2025-09-04 01:43:43.494591+00', '2025-09-04 03:38:40.088043+00', '2025-09-04 01:43:43.494591+00', '{"eTag": "\"ea43238fbd0489eab011a8fc1dfbbe1e\"", "size": 6882, "mimetype": "image/png", "cacheControl": "max-age=3600", "lastModified": "2025-09-04T03:38:40.000Z", "contentLength": 6882, "httpStatusCode": 200}', 'ee709e6c-31a9-4b93-ad9f-17fee102902d', NULL, '{}', NULL),
	('adef7683-fb43-4b86-8953-ea9d60f1ba63', 'device-images', 'samsung-main.png', NULL, '2025-09-04 01:43:43.513567+00', '2025-09-04 03:38:40.287923+00', '2025-09-04 01:43:43.513567+00', '{"eTag": "\"651dee088cb7a234d02f28fbaecda7ae\"", "size": 22688, "mimetype": "image/png", "cacheControl": "max-age=3600", "lastModified": "2025-09-04T03:38:41.000Z", "contentLength": 22688, "httpStatusCode": 200}', 'dc22659d-40f0-4964-bc25-d2ff16c01f58', NULL, '{}', NULL),
	('aae7de1c-2874-4ca3-9327-bcc3a183feb8', 'device-images', '25-05-2022-1653481206pixel-4-xl.png', NULL, '2025-09-04 01:43:40.086834+00', '2025-09-04 03:38:01.442389+00', '2025-09-04 01:43:40.086834+00', '{"eTag": "\"ed88310e055b40a0e416fabec6c70c9a\"", "size": 35256, "mimetype": "image/png", "cacheControl": "max-age=3600", "lastModified": "2025-09-04T03:38:02.000Z", "contentLength": 35256, "httpStatusCode": 200}', '8ce777da-747d-4b1d-b384-d8fd70f2614a', NULL, '{}', NULL),
	('4d43f3e3-7775-4d9f-9d7f-cd48e2361a03', 'device-images', '25-05-2022-1653481274pixel-4a-1.png', NULL, '2025-09-04 01:43:40.106806+00', '2025-09-04 03:38:01.911799+00', '2025-09-04 01:43:40.106806+00', '{"eTag": "\"84684a1563d23cc69db40a8c51eadbfa\"", "size": 37071, "mimetype": "image/png", "cacheControl": "max-age=3600", "lastModified": "2025-09-04T03:38:02.000Z", "contentLength": 37071, "httpStatusCode": 200}', 'de083884-17c1-48ad-a3f0-10b4a3a57a6b', NULL, '{}', NULL),
	('b58ef88f-eb55-4b86-90e6-58d1c423affa', 'device-images', 'iphone-11-pro.png', NULL, '2025-09-04 01:43:39.554017+00', '2025-09-04 03:38:04.387769+00', '2025-09-04 01:43:39.554017+00', '{"eTag": "\"72d0d6426772fa6bdc9f0c2da0ecf421\"", "size": 53876, "mimetype": "image/png", "cacheControl": "max-age=3600", "lastModified": "2025-09-04T03:38:05.000Z", "contentLength": 53876, "httpStatusCode": 200}', 'dbbbd889-e66d-4b57-a3ee-7773e956c7a2', NULL, '{}', NULL),
	('3039d29c-52ef-4f1f-ac08-2ce8b46c4655', 'device-images', '25-05-2022-1653478907k51.png', NULL, '2025-09-04 01:43:41.025469+00', '2025-09-04 03:38:12.629224+00', '2025-09-04 01:43:41.025469+00', '{"eTag": "\"cc12000cf00ad4230483a092912e907d\"", "size": 50635, "mimetype": "image/png", "cacheControl": "max-age=3600", "lastModified": "2025-09-04T03:38:13.000Z", "contentLength": 50635, "httpStatusCode": 200}', 'ad6c6b41-0aab-4d8d-a85f-64d469042299', NULL, '{}', NULL),
	('a60b539e-767c-4417-9e0f-61d60b95ad35', 'device-images', 'lg-main.png', NULL, '2025-09-04 01:43:41.333863+00', '2025-09-04 03:38:16.250879+00', '2025-09-04 01:43:41.333863+00', '{"eTag": "\"f2bd1282c9df3cd7c13a07072be4c68f\"", "size": 27030, "mimetype": "image/png", "cacheControl": "max-age=3600", "lastModified": "2025-09-04T03:38:17.000Z", "contentLength": 27030, "httpStatusCode": 200}', '4ac3a9de-7431-47e0-890f-0e5a2349e8aa', NULL, '{}', NULL),
	('f7f09b21-ec0c-42ef-a6ff-0032b6c2954b', 'device-images', 'motorola-moto-e22s.jpg', NULL, '2025-09-04 01:43:41.473299+00', '2025-09-04 03:38:17.316163+00', '2025-09-04 01:43:41.473299+00', '{"eTag": "\"18f695fe2998cfd23dd2f19d62d6f4b5\"", "size": 8576, "mimetype": "image/jpeg", "cacheControl": "max-age=3600", "lastModified": "2025-09-04T03:38:18.000Z", "contentLength": 8576, "httpStatusCode": 200}', '05a84075-0b5c-4820-8795-1b6d4ca971dd', NULL, '{}', NULL),
	('acd5332b-e1bb-48af-9faf-e83c0b6cfbc1', 'device-images', 's8-active.png', NULL, '2025-09-04 01:43:43.355506+00', '2025-09-04 03:38:38.681466+00', '2025-09-04 01:43:43.355506+00', '{"eTag": "\"5fcba192010c0349ba5615caa0974809\"", "size": 55905, "mimetype": "image/png", "cacheControl": "max-age=3600", "lastModified": "2025-09-04T03:38:39.000Z", "contentLength": 55905, "httpStatusCode": 200}', 'ae6eeff0-21b4-40aa-9869-cb316ff1fecd', NULL, '{}', NULL),
	('0f38bc8e-6396-44f1-89b6-e56e7717f4be', 'device-images', 'test-iphone-11.png', NULL, '2025-09-04 03:34:22.106207+00', '2025-09-04 03:34:22.106207+00', '2025-09-04 03:34:22.106207+00', '{"eTag": "\"27637fd1abd01da6ba2371969002f6be\"", "size": 28474, "mimetype": "image/png", "cacheControl": "max-age=3600", "lastModified": "2025-09-04T03:34:23.000Z", "contentLength": 28474, "httpStatusCode": 200}', '3e552317-940d-4400-b686-20f20b87f2d9', NULL, '{}', 1),
	('7966df15-4aa2-44ed-b4b2-ecf6883da0de', 'ticket-photos', 'e4fb826c-764c-447c-a357-2ddb01ce25e1/1756957026220-16-pro-max-BGLASS.webp', NULL, '2025-09-04 03:37:06.424428+00', '2025-09-04 03:37:06.424428+00', '2025-09-04 03:37:06.424428+00', '{"eTag": "\"6b665742b0627f01406efd0508aa9bed\"", "size": 115594, "mimetype": "image/webp", "cacheControl": "max-age=3600", "lastModified": "2025-09-04T03:37:07.000Z", "contentLength": 115594, "httpStatusCode": 200}', '68a5f706-e646-4fda-b631-1f381350debc', NULL, '{}', 2),
	('9b009871-948d-4376-a621-c2d69e5a35c1', 'device-images', '24-05-2022-1653398922a-12.png', NULL, '2025-09-04 01:43:42.359639+00', '2025-09-04 03:38:26.211188+00', '2025-09-04 01:43:42.359639+00', '{"eTag": "\"45325bf01705af567b4627d785c4ab99\"", "size": 85994, "mimetype": "image/png", "cacheControl": "max-age=3600", "lastModified": "2025-09-04T03:38:27.000Z", "contentLength": 85994, "httpStatusCode": 200}', '5dc96784-6bef-475b-b261-0b77486e00e1', NULL, '{}', NULL),
	('31b907a6-272b-4a6b-9922-46974f3095ec', 'device-images', 'motorola-main.png', NULL, '2025-09-04 01:43:41.675828+00', '2025-09-04 03:38:19.437379+00', '2025-09-04 01:43:41.675828+00', '{"eTag": "\"b914d0ea69608dcfc5e6f6535100403d\"", "size": 31729, "mimetype": "image/png", "cacheControl": "max-age=3600", "lastModified": "2025-09-04T03:38:20.000Z", "contentLength": 31729, "httpStatusCode": 200}', '30a9b2a0-d571-4cbf-97fc-da2731848adb', NULL, '{}', NULL),
	('abc97e4f-aa3e-4e7c-beea-e70385979195', 'device-images', 'i-7-1.webp', NULL, '2025-09-04 01:43:42.022879+00', '2025-09-04 03:38:22.549322+00', '2025-09-04 01:43:42.022879+00', '{"eTag": "\"8a0c8a5cb1bb4e3a7193be336a6a0219\"", "size": 3834, "mimetype": "image/jpeg", "cacheControl": "max-age=3600", "lastModified": "2025-09-04T03:38:23.000Z", "contentLength": 3834, "httpStatusCode": 200}', 'eab6d7cd-31db-4fd9-838b-cf06c9817823', NULL, '{}', NULL),
	('9f5533ec-09ab-4c8d-8426-31c305b022e8', 'device-images', '25-05-2022-1653474817a-50.png', NULL, '2025-09-04 01:43:42.666971+00', '2025-09-04 03:38:30.079533+00', '2025-09-04 01:43:42.666971+00', '{"eTag": "\"60f3643af8454260cb8214780663936b\"", "size": 77674, "mimetype": "image/png", "cacheControl": "max-age=3600", "lastModified": "2025-09-04T03:38:30.000Z", "contentLength": 77674, "httpStatusCode": 200}', 'afa2aae0-d11e-4077-a258-41cf84f17467', NULL, '{}', NULL),
	('eeefd8c8-01fc-4b54-aff8-7acce14a3318', 'device-images', '24-05-2022-1653398781a-03s.png', NULL, '2025-09-04 01:43:42.266379+00', '2025-09-04 03:38:25.291707+00', '2025-09-04 01:43:42.266379+00', '{"eTag": "\"11463e2beab14a94191595943c8af9e2\"", "size": 62643, "mimetype": "image/png", "cacheControl": "max-age=3600", "lastModified": "2025-09-04T03:38:26.000Z", "contentLength": 62643, "httpStatusCode": 200}', '081395b1-e916-4cb7-9d3a-c6c044b61576', NULL, '{}', NULL),
	('98b45cad-364c-4e78-a1e3-ce47612e5330', 'ticket-photos', '00000002-0000-0000-0000-000000000002/1756959348136-dropped-my-s23u-back-is-cracked-but-the-screen-is-intact-v0-w7ccpynri6cb1.webp', NULL, '2025-09-04 04:15:48.39113+00', '2025-09-04 04:15:48.39113+00', '2025-09-04 04:15:48.39113+00', '{"eTag": "\"110628246971dae9d7e2e5dd60df53b9\"", "size": 155950, "mimetype": "image/webp", "cacheControl": "max-age=3600", "lastModified": "2025-09-04T04:15:49.000Z", "contentLength": 155950, "httpStatusCode": 200}', '8e04a61f-0057-4d29-995b-75b7581e2b97', NULL, '{}', 2),
	('18541aaa-b2bb-47f9-bdd9-f93dcadc3421', 'device-images', 's-20-fe-5g.png', NULL, '2025-09-04 01:43:42.995333+00', '2025-09-04 03:38:34.55349+00', '2025-09-04 01:43:42.995333+00', '{"eTag": "\"fdb1d591b05f5a754b26d566082df60e\"", "size": 66509, "mimetype": "image/png", "cacheControl": "max-age=3600", "lastModified": "2025-09-04T03:38:35.000Z", "contentLength": 66509, "httpStatusCode": 200}', '6cefb4a5-5e26-4aa9-aafa-b09d5589127f', NULL, '{}', NULL),
	('e0df5bd8-35ca-4fb6-b6cb-91f8399e58f6', 'device-images', 'galaxy-s23.png', NULL, '2025-09-04 03:55:57.932433+00', '2025-09-04 03:55:57.932433+00', '2025-09-04 03:55:57.932433+00', '{"eTag": "\"4772deb2e494bc3f713bf461bdc334a7\"", "size": 58655, "mimetype": "image/png", "cacheControl": "max-age=3600", "lastModified": "2025-09-04T03:55:58.000Z", "contentLength": 58655, "httpStatusCode": 200}', '82f81c6f-73b3-404b-a883-3439c6624042', NULL, '{}', 1),
	('4dcfbdf4-0cce-4f7f-b5ed-b96c1d52f6b7', 'device-images', 'gallery-1756959555002.jpg', NULL, '2025-09-04 04:19:15.202024+00', '2025-09-04 04:19:15.202024+00', '2025-09-04 04:19:15.202024+00', '{"eTag": "\"c1dc75a3a9603f3558b8c12672a7046d\"", "size": 61308, "mimetype": "image/jpeg", "cacheControl": "max-age=3600", "lastModified": "2025-09-04T04:19:16.000Z", "contentLength": 61308, "httpStatusCode": 200}', '882110df-4c47-460d-9ef4-ea421e0feeed', NULL, '{}', 1),
	('917515b7-fdfe-41d2-b1e9-c1faae4475e9', 'device-images', 'iphone-14-plus.png', NULL, '2025-09-04 04:57:56.63441+00', '2025-09-04 04:57:56.63441+00', '2025-09-04 04:57:56.63441+00', '{"eTag": "\"7f99920c31c4c899d3fccae7b6c9b2e8\"", "size": 44682, "mimetype": "image/png", "cacheControl": "max-age=3600", "lastModified": "2025-09-04T04:57:57.000Z", "contentLength": 44682, "httpStatusCode": 200}', '01953723-f011-4a62-9f97-41f18a13a439', NULL, '{}', 1),
	('a20aaa67-b6a7-41b7-9b92-dda2e5d3ade5', 'device-images', 'iphone-13-pro.png', NULL, '2025-09-04 04:58:19.660702+00', '2025-09-04 04:58:19.660702+00', '2025-09-04 04:58:19.660702+00', '{"eTag": "\"9397ab085043d6969d6de18f052966db\"", "size": 37378, "mimetype": "image/png", "cacheControl": "max-age=3600", "lastModified": "2025-09-04T04:58:20.000Z", "contentLength": 37378, "httpStatusCode": 200}', 'ee125d9d-4160-41c6-ae5e-00ce81f3ff6e', NULL, '{}', 1);


--
-- Data for Name: prefixes; Type: TABLE DATA; Schema: storage; Owner: supabase_storage_admin
--

INSERT INTO "storage"."prefixes" ("bucket_id", "name", "created_at", "updated_at") VALUES
	('ticket-photos', 'e4fb826c-764c-447c-a357-2ddb01ce25e1', '2025-09-04 03:37:06.424428+00', '2025-09-04 03:37:06.424428+00'),
	('ticket-photos', '00000002-0000-0000-0000-000000000002', '2025-09-04 04:15:48.39113+00', '2025-09-04 04:15:48.39113+00');


--
-- Data for Name: s3_multipart_uploads; Type: TABLE DATA; Schema: storage; Owner: supabase_storage_admin
--



--
-- Data for Name: s3_multipart_uploads_parts; Type: TABLE DATA; Schema: storage; Owner: supabase_storage_admin
--



--
-- Name: refresh_tokens_id_seq; Type: SEQUENCE SET; Schema: auth; Owner: supabase_auth_admin
--

SELECT pg_catalog.setval('"auth"."refresh_tokens_id_seq"', 19, true);


--
-- PostgreSQL database dump complete
--

RESET ALL;
