-- Script to sync local database with production data
-- This clears local data and replaces it with production

-- Disable triggers to avoid foreign key issues
SET session_replication_role = replica;

-- Clear existing data in reverse dependency order
TRUNCATE TABLE 
  public.user_activity_logs,
  public.user_statistics,
  public.time_entries,
  public.ticket_services,
  public.ticket_photos,
  public.ticket_notes,
  public.notifications,
  public.repair_tickets,
  public.appointments,
  public.appointment_slots,
  public.customer_devices,
  public.customers,
  public.services,
  public.device_services,
  public.devices,
  public.device_models,
  public.manufacturers,
  public.user_id_mapping,
  public.users,
  public.business_hours,
  auth.sessions,
  auth.refresh_tokens,
  auth.mfa_amr_claims,
  auth.mfa_challenges,
  auth.mfa_factors,
  auth.identities,
  auth.users
CASCADE;

-- Re-enable triggers
SET session_replication_role = origin;SET session_replication_role = replica;

--
-- PostgreSQL database dump
--

-- Dumped from database version 17.4
-- Dumped by pg_dump version 17.4

SET statement_timeout = 0;
SET lock_timeout = 0;
SET idle_in_transaction_session_timeout = 0;
SET transaction_timeout = 0;
SET client_encoding = 'UTF8';
SET standard_conforming_strings = on;
SELECT pg_catalog.set_config('search_path', '', false);
SET check_function_bodies = false;
SET xmloption = content;
SET client_min_messages = warning;
SET row_security = off;

--
-- Data for Name: audit_log_entries; Type: TABLE DATA; Schema: auth; Owner: supabase_auth_admin
--

INSERT INTO "auth"."audit_log_entries" ("instance_id", "id", "payload", "created_at", "ip_address") VALUES
	('00000000-0000-0000-0000-000000000000', '754e757f-f6ee-4f0e-976d-78b6df832b8e', '{"action":"user_signedup","actor_id":"00000000-0000-0000-0000-000000000000","actor_username":"service_role","actor_via_sso":false,"log_type":"team","traits":{"provider":"email","user_email":"admin@phoneguys.com","user_id":"241d165f-cf6c-4836-97ae-8fe1152583d9","user_phone":""}}', '2025-09-03 20:41:35.684113+00', ''),
	('00000000-0000-0000-0000-000000000000', '32f910c4-0183-4879-a24c-55da99bb32a3', '{"action":"login","actor_id":"241d165f-cf6c-4836-97ae-8fe1152583d9","actor_username":"admin@phoneguys.com","actor_via_sso":false,"log_type":"account","traits":{"provider":"email"}}', '2025-09-03 20:41:45.942838+00', ''),
	('00000000-0000-0000-0000-000000000000', 'c1237e6e-12b2-4cd1-abe3-de27eb126d58', '{"action":"token_refreshed","actor_id":"241d165f-cf6c-4836-97ae-8fe1152583d9","actor_username":"admin@phoneguys.com","actor_via_sso":false,"log_type":"token"}', '2025-09-03 21:40:12.621464+00', ''),
	('00000000-0000-0000-0000-000000000000', '98b7dfc1-a88f-47cb-9893-4ddf05e654a3', '{"action":"token_revoked","actor_id":"241d165f-cf6c-4836-97ae-8fe1152583d9","actor_username":"admin@phoneguys.com","actor_via_sso":false,"log_type":"token"}', '2025-09-03 21:40:12.623712+00', ''),
	('00000000-0000-0000-0000-000000000000', '8dc19039-1e4a-4a24-8b51-b9df4b8a9502', '{"action":"login","actor_id":"241d165f-cf6c-4836-97ae-8fe1152583d9","actor_username":"admin@phoneguys.com","actor_via_sso":false,"log_type":"account","traits":{"provider":"email"}}', '2025-09-04 00:50:48.708752+00', ''),
	('00000000-0000-0000-0000-000000000000', '9537c206-f1e5-4b66-86c5-45b717499c9e', '{"action":"token_refreshed","actor_id":"241d165f-cf6c-4836-97ae-8fe1152583d9","actor_username":"admin@phoneguys.com","actor_via_sso":false,"log_type":"token"}', '2025-09-04 01:55:25.692607+00', ''),
	('00000000-0000-0000-0000-000000000000', 'a29d7ce0-00ef-4d18-89e8-f6a3e5e4d61c', '{"action":"token_revoked","actor_id":"241d165f-cf6c-4836-97ae-8fe1152583d9","actor_username":"admin@phoneguys.com","actor_via_sso":false,"log_type":"token"}', '2025-09-04 01:55:25.69548+00', ''),
	('00000000-0000-0000-0000-000000000000', 'fd28e4d0-cb11-4bac-a638-1dd7da709117', '{"action":"login","actor_id":"241d165f-cf6c-4836-97ae-8fe1152583d9","actor_username":"admin@phoneguys.com","actor_via_sso":false,"log_type":"account","traits":{"provider":"email"}}', '2025-09-04 03:18:32.494814+00', ''),
	('00000000-0000-0000-0000-000000000000', '6081235d-786a-480b-b4b1-86c3e785d23e', '{"action":"user_invited","actor_id":"00000000-0000-0000-0000-000000000000","actor_username":"service_role","actor_via_sso":false,"log_type":"team","traits":{"user_email":"hello@aethercms.com","user_id":"0f5a2789-1365-4576-b849-0a21c48a87ac"}}', '2025-09-04 03:19:19.699237+00', ''),
	('00000000-0000-0000-0000-000000000000', '99376356-3065-4bc0-8eb1-24d8e01d5535', '{"action":"user_signedup","actor_id":"0f5a2789-1365-4576-b849-0a21c48a87ac","actor_name":"Michael John","actor_username":"hello@aethercms.com","actor_via_sso":false,"log_type":"team","traits":{"provider":"email"}}', '2025-09-04 03:25:12.757821+00', ''),
	('00000000-0000-0000-0000-000000000000', '2b5ab7ba-aacf-4aaa-af0a-2d17a2db32c3', '{"action":"user_deleted","actor_id":"00000000-0000-0000-0000-000000000000","actor_username":"service_role","actor_via_sso":false,"log_type":"team","traits":{"user_email":"hello@aethercms.com","user_id":"0f5a2789-1365-4576-b849-0a21c48a87ac","user_phone":""}}', '2025-09-04 03:27:42.324222+00', ''),
	('00000000-0000-0000-0000-000000000000', '3bc227ec-c89a-49e3-ae3e-6df3fd4ac8ad', '{"action":"user_invited","actor_id":"00000000-0000-0000-0000-000000000000","actor_username":"service_role","actor_via_sso":false,"log_type":"team","traits":{"user_email":"hello@aethercms.com","user_id":"ae2ccc94-276c-4372-8d0f-fcda42f9f8b3"}}', '2025-09-04 03:27:55.699252+00', ''),
	('00000000-0000-0000-0000-000000000000', 'd263cd25-5119-44bc-b05d-e8e1d52caac5', '{"action":"user_signedup","actor_id":"ae2ccc94-276c-4372-8d0f-fcda42f9f8b3","actor_name":"Michael John","actor_username":"hello@aethercms.com","actor_via_sso":false,"log_type":"team","traits":{"provider":"email"}}', '2025-09-04 03:28:02.994335+00', ''),
	('00000000-0000-0000-0000-000000000000', '37f7467e-6bf3-4d64-bfcc-99c2650a7517', '{"action":"user_deleted","actor_id":"00000000-0000-0000-0000-000000000000","actor_username":"service_role","actor_via_sso":false,"log_type":"team","traits":{"user_email":"hello@aethercms.com","user_id":"ae2ccc94-276c-4372-8d0f-fcda42f9f8b3","user_phone":""}}', '2025-09-04 03:28:31.056795+00', ''),
	('00000000-0000-0000-0000-000000000000', '7e965944-d0c4-4dc7-a99f-be39bc06f142', '{"action":"user_invited","actor_id":"00000000-0000-0000-0000-000000000000","actor_username":"service_role","actor_via_sso":false,"log_type":"team","traits":{"user_email":"hello@aethercms.com","user_id":"b8a268bb-da40-4e1e-94a9-0cf6e257f30f"}}', '2025-09-04 03:29:59.68242+00', ''),
	('00000000-0000-0000-0000-000000000000', '7a3d2a62-f70c-4409-a288-573fc01d08eb', '{"action":"user_signedup","actor_id":"b8a268bb-da40-4e1e-94a9-0cf6e257f30f","actor_name":"Michael John","actor_username":"hello@aethercms.com","actor_via_sso":false,"log_type":"team","traits":{"provider":"email"}}', '2025-09-04 03:30:13.996709+00', ''),
	('00000000-0000-0000-0000-000000000000', '953c20fd-4308-47c8-9a12-c0562f2e7b99', '{"action":"login","actor_id":"241d165f-cf6c-4836-97ae-8fe1152583d9","actor_username":"admin@phoneguys.com","actor_via_sso":false,"log_type":"account","traits":{"provider":"email"}}', '2025-09-04 03:32:26.486213+00', ''),
	('00000000-0000-0000-0000-000000000000', '81a21847-9b12-47ea-ba1b-ef156c87b523', '{"action":"user_deleted","actor_id":"00000000-0000-0000-0000-000000000000","actor_username":"service_role","actor_via_sso":false,"log_type":"team","traits":{"user_email":"hello@aethercms.com","user_id":"b8a268bb-da40-4e1e-94a9-0cf6e257f30f","user_phone":""}}', '2025-09-04 03:41:58.77409+00', ''),
	('00000000-0000-0000-0000-000000000000', '1d050478-6d95-4025-92a1-638805860a7d', '{"action":"login","actor_id":"241d165f-cf6c-4836-97ae-8fe1152583d9","actor_username":"admin@phoneguys.com","actor_via_sso":false,"log_type":"account","traits":{"provider":"email"}}', '2025-09-04 03:44:32.187558+00', ''),
	('00000000-0000-0000-0000-000000000000', 'c790ee9d-cdd3-473a-a3a7-dfedc8d0afcc', '{"action":"user_invited","actor_id":"00000000-0000-0000-0000-000000000000","actor_username":"service_role","actor_via_sso":false,"log_type":"team","traits":{"user_email":"hello@aethercms.com","user_id":"7a29510a-7878-426c-b73b-5bd844025d92"}}', '2025-09-04 03:58:02.676231+00', ''),
	('00000000-0000-0000-0000-000000000000', 'fc1696aa-f934-4298-86bf-c1942d544ea2', '{"action":"user_signedup","actor_id":"7a29510a-7878-426c-b73b-5bd844025d92","actor_name":"Michael John","actor_username":"hello@aethercms.com","actor_via_sso":false,"log_type":"team","traits":{"provider":"email"}}', '2025-09-04 03:58:11.271695+00', ''),
	('00000000-0000-0000-0000-000000000000', '168f168c-61f5-4fe8-bb4d-c3762763e005', '{"action":"user_deleted","actor_id":"00000000-0000-0000-0000-000000000000","actor_username":"service_role","actor_via_sso":false,"log_type":"team","traits":{"user_email":"hello@aethercms.com","user_id":"7a29510a-7878-426c-b73b-5bd844025d92","user_phone":""}}', '2025-09-04 03:58:36.722456+00', ''),
	('00000000-0000-0000-0000-000000000000', '223e2939-7cb7-4649-bc89-8e7f621bb2c1', '{"action":"logout","actor_id":"241d165f-cf6c-4836-97ae-8fe1152583d9","actor_username":"admin@phoneguys.com","actor_via_sso":false,"log_type":"account"}', '2025-09-04 04:01:10.05703+00', ''),
	('00000000-0000-0000-0000-000000000000', '22927914-7207-4f1c-ad4b-b301565da56b', '{"action":"login","actor_id":"241d165f-cf6c-4836-97ae-8fe1152583d9","actor_username":"admin@phoneguys.com","actor_via_sso":false,"log_type":"account","traits":{"provider":"email"}}', '2025-09-04 04:01:20.164873+00', ''),
	('00000000-0000-0000-0000-000000000000', '13f7a6c7-f74f-4841-946f-f04deac9f31d', '{"action":"user_invited","actor_id":"00000000-0000-0000-0000-000000000000","actor_username":"service_role","actor_via_sso":false,"log_type":"team","traits":{"user_email":"hello@aethercms.com","user_id":"2647fddc-94ee-4e99-b065-efa0a56882ae"}}', '2025-09-04 04:01:37.666466+00', ''),
	('00000000-0000-0000-0000-000000000000', '311dc1f8-ce28-4620-9a9a-0c49acb17b02', '{"action":"user_signedup","actor_id":"2647fddc-94ee-4e99-b065-efa0a56882ae","actor_name":"Michael John","actor_username":"hello@aethercms.com","actor_via_sso":false,"log_type":"team","traits":{"provider":"email"}}', '2025-09-04 04:01:43.660082+00', ''),
	('00000000-0000-0000-0000-000000000000', '071f8c43-f9f3-4b88-9093-eafbf8a976c6', '{"action":"user_deleted","actor_id":"00000000-0000-0000-0000-000000000000","actor_username":"service_role","actor_via_sso":false,"log_type":"team","traits":{"user_email":"hello@aethercms.com","user_id":"2647fddc-94ee-4e99-b065-efa0a56882ae","user_phone":""}}', '2025-09-04 04:02:03.826824+00', ''),
	('00000000-0000-0000-0000-000000000000', '94611fad-55ae-4ed0-ae41-ced6e45fd6f5', '{"action":"user_invited","actor_id":"00000000-0000-0000-0000-000000000000","actor_username":"service_role","actor_via_sso":false,"log_type":"team","traits":{"user_email":"hello@aethercms.com","user_id":"738f0eb1-b7c8-408d-bd0b-cfd9d8e6e2e3"}}', '2025-09-04 04:02:14.064935+00', ''),
	('00000000-0000-0000-0000-000000000000', '43f5b1a7-c105-4181-8c80-da29402c597b', '{"action":"user_signedup","actor_id":"738f0eb1-b7c8-408d-bd0b-cfd9d8e6e2e3","actor_name":"Michael John","actor_username":"hello@aethercms.com","actor_via_sso":false,"log_type":"team","traits":{"provider":"email"}}', '2025-09-04 04:02:23.661758+00', ''),
	('00000000-0000-0000-0000-000000000000', 'a327d4f2-65b3-4ec5-80ca-948e81efd385', '{"action":"user_deleted","actor_id":"00000000-0000-0000-0000-000000000000","actor_username":"service_role","actor_via_sso":false,"log_type":"team","traits":{"user_email":"hello@aethercms.com","user_id":"738f0eb1-b7c8-408d-bd0b-cfd9d8e6e2e3","user_phone":""}}', '2025-09-04 04:05:36.521236+00', ''),
	('00000000-0000-0000-0000-000000000000', 'b956a1e0-d1a8-4df8-8e6e-14105bcbb541', '{"action":"user_invited","actor_id":"00000000-0000-0000-0000-000000000000","actor_username":"service_role","actor_via_sso":false,"log_type":"team","traits":{"user_email":"hello@aethercms.com","user_id":"70454fee-c349-412f-81ef-d1ebf9b77f64"}}', '2025-09-04 04:05:48.60281+00', ''),
	('00000000-0000-0000-0000-000000000000', '7cfa94bc-4538-43ee-964a-6daf11e77eeb', '{"action":"user_signedup","actor_id":"70454fee-c349-412f-81ef-d1ebf9b77f64","actor_name":"Michael John","actor_username":"hello@aethercms.com","actor_via_sso":false,"log_type":"team","traits":{"provider":"email"}}', '2025-09-04 04:06:06.09561+00', ''),
	('00000000-0000-0000-0000-000000000000', 'b78edf45-2461-4361-a4ab-9891a0daecb5', '{"action":"user_deleted","actor_id":"00000000-0000-0000-0000-000000000000","actor_username":"service_role","actor_via_sso":false,"log_type":"team","traits":{"user_email":"hello@aethercms.com","user_id":"70454fee-c349-412f-81ef-d1ebf9b77f64","user_phone":""}}', '2025-09-04 04:09:33.131764+00', ''),
	('00000000-0000-0000-0000-000000000000', '14450089-cdba-453f-9813-874b535d171b', '{"action":"user_invited","actor_id":"00000000-0000-0000-0000-000000000000","actor_username":"service_role","actor_via_sso":false,"log_type":"team","traits":{"user_email":"hello@aethercms.com","user_id":"9136a7c4-9535-4493-a5bf-c0c403f24ff0"}}', '2025-09-04 04:11:00.44841+00', ''),
	('00000000-0000-0000-0000-000000000000', 'b6246b40-6344-4230-99ab-631441d6d16b', '{"action":"user_signedup","actor_id":"9136a7c4-9535-4493-a5bf-c0c403f24ff0","actor_name":"Michael John","actor_username":"hello@aethercms.com","actor_via_sso":false,"log_type":"team","traits":{"provider":"email"}}', '2025-09-04 04:11:16.958439+00', ''),
	('00000000-0000-0000-0000-000000000000', '25ca2d35-7b8d-43f8-958a-aa9cb74c3311', '{"action":"user_updated_password","actor_id":"9136a7c4-9535-4493-a5bf-c0c403f24ff0","actor_name":"Michael John","actor_username":"hello@aethercms.com","actor_via_sso":false,"log_type":"user"}', '2025-09-04 04:11:25.197275+00', ''),
	('00000000-0000-0000-0000-000000000000', 'fb15fb76-32d0-47fa-832a-8ed83675301e', '{"action":"user_modified","actor_id":"9136a7c4-9535-4493-a5bf-c0c403f24ff0","actor_name":"Michael John","actor_username":"hello@aethercms.com","actor_via_sso":false,"log_type":"user"}', '2025-09-04 04:11:25.198071+00', ''),
	('00000000-0000-0000-0000-000000000000', '8e6a1aba-5c6a-4003-bc94-3fe7651e9306', '{"action":"user_invited","actor_id":"00000000-0000-0000-0000-000000000000","actor_username":"service_role","actor_via_sso":false,"log_type":"team","traits":{"user_email":"andrew@akhdigital.com","user_id":"7b61679a-4523-458b-929e-65a1e80efed3"}}', '2025-09-04 04:16:24.694738+00', ''),
	('00000000-0000-0000-0000-000000000000', 'c7926af7-a1b7-4e6b-84a3-f69e77ef4a0a', '{"action":"token_refreshed","actor_id":"241d165f-cf6c-4836-97ae-8fe1152583d9","actor_username":"admin@phoneguys.com","actor_via_sso":false,"log_type":"token"}', '2025-09-04 04:59:32.630473+00', ''),
	('00000000-0000-0000-0000-000000000000', '76f0523a-8749-4677-8e10-d0312747ff15', '{"action":"token_revoked","actor_id":"241d165f-cf6c-4836-97ae-8fe1152583d9","actor_username":"admin@phoneguys.com","actor_via_sso":false,"log_type":"token"}', '2025-09-04 04:59:32.631888+00', ''),
	('00000000-0000-0000-0000-000000000000', '8f2eacdf-419e-4086-8577-64611e43bed8', '{"action":"token_refreshed","actor_id":"241d165f-cf6c-4836-97ae-8fe1152583d9","actor_username":"admin@phoneguys.com","actor_via_sso":false,"log_type":"token"}', '2025-09-04 12:05:29.130685+00', ''),
	('00000000-0000-0000-0000-000000000000', 'bca74dba-81ea-4526-a666-8bfd309ca56c', '{"action":"token_revoked","actor_id":"241d165f-cf6c-4836-97ae-8fe1152583d9","actor_username":"admin@phoneguys.com","actor_via_sso":false,"log_type":"token"}', '2025-09-04 12:05:29.131878+00', ''),
	('00000000-0000-0000-0000-000000000000', '077aff9f-f795-4506-9e23-40e652c8073e', '{"action":"login","actor_id":"241d165f-cf6c-4836-97ae-8fe1152583d9","actor_username":"admin@phoneguys.com","actor_via_sso":false,"log_type":"account","traits":{"provider":"email"}}', '2025-09-04 12:06:01.613801+00', ''),
	('00000000-0000-0000-0000-000000000000', '584d4167-6111-4699-b795-e8b71c84df85', '{"action":"token_refreshed","actor_id":"241d165f-cf6c-4836-97ae-8fe1152583d9","actor_username":"admin@phoneguys.com","actor_via_sso":false,"log_type":"token"}', '2025-09-04 13:04:24.303285+00', ''),
	('00000000-0000-0000-0000-000000000000', '095a3719-d40b-4e0b-88ea-2f0962c231e6', '{"action":"token_revoked","actor_id":"241d165f-cf6c-4836-97ae-8fe1152583d9","actor_username":"admin@phoneguys.com","actor_via_sso":false,"log_type":"token"}', '2025-09-04 13:04:24.304813+00', ''),
	('00000000-0000-0000-0000-000000000000', 'e8e11bc6-33c7-494a-ac2e-dc843ac3178a', '{"action":"token_refreshed","actor_id":"241d165f-cf6c-4836-97ae-8fe1152583d9","actor_username":"admin@phoneguys.com","actor_via_sso":false,"log_type":"token"}', '2025-09-04 14:02:55.353046+00', ''),
	('00000000-0000-0000-0000-000000000000', '6908294b-6b0f-4bac-a325-dc5649dad8b8', '{"action":"token_revoked","actor_id":"241d165f-cf6c-4836-97ae-8fe1152583d9","actor_username":"admin@phoneguys.com","actor_via_sso":false,"log_type":"token"}', '2025-09-04 14:02:55.354511+00', ''),
	('00000000-0000-0000-0000-000000000000', '8e3f7d92-d52f-4eb5-8422-4a2e7d572199', '{"action":"token_refreshed","actor_id":"241d165f-cf6c-4836-97ae-8fe1152583d9","actor_username":"admin@phoneguys.com","actor_via_sso":false,"log_type":"token"}', '2025-09-04 15:01:00.122841+00', ''),
	('00000000-0000-0000-0000-000000000000', '16352667-1711-4623-b36a-e5cdcfa84340', '{"action":"token_revoked","actor_id":"241d165f-cf6c-4836-97ae-8fe1152583d9","actor_username":"admin@phoneguys.com","actor_via_sso":false,"log_type":"token"}', '2025-09-04 15:01:00.134523+00', ''),
	('00000000-0000-0000-0000-000000000000', 'b3d1b23a-6af4-4fe4-bea9-bf4823e06d39', '{"action":"token_refreshed","actor_id":"241d165f-cf6c-4836-97ae-8fe1152583d9","actor_username":"admin@phoneguys.com","actor_via_sso":false,"log_type":"token"}', '2025-09-04 16:47:05.614301+00', ''),
	('00000000-0000-0000-0000-000000000000', '0d526991-8772-4a51-8f9e-4f1fe47d1055', '{"action":"token_revoked","actor_id":"241d165f-cf6c-4836-97ae-8fe1152583d9","actor_username":"admin@phoneguys.com","actor_via_sso":false,"log_type":"token"}', '2025-09-04 16:47:05.615796+00', ''),
	('00000000-0000-0000-0000-000000000000', '19048e30-772c-43d8-8f1b-0ca2973a4db9', '{"action":"token_refreshed","actor_id":"241d165f-cf6c-4836-97ae-8fe1152583d9","actor_username":"admin@phoneguys.com","actor_via_sso":false,"log_type":"token"}', '2025-09-04 16:47:06.728692+00', ''),
	('00000000-0000-0000-0000-000000000000', '9777ca46-d717-455d-beb9-e714021a43b0', '{"action":"token_refreshed","actor_id":"241d165f-cf6c-4836-97ae-8fe1152583d9","actor_username":"admin@phoneguys.com","actor_via_sso":false,"log_type":"token"}', '2025-09-04 17:45:25.061737+00', ''),
	('00000000-0000-0000-0000-000000000000', '289d982d-ca00-4788-a118-0d2201c35b84', '{"action":"token_revoked","actor_id":"241d165f-cf6c-4836-97ae-8fe1152583d9","actor_username":"admin@phoneguys.com","actor_via_sso":false,"log_type":"token"}', '2025-09-04 17:45:25.063008+00', ''),
	('00000000-0000-0000-0000-000000000000', '05407e77-b45b-4008-b0fe-bd0c68cecda3', '{"action":"user_deleted","actor_id":"00000000-0000-0000-0000-000000000000","actor_username":"service_role","actor_via_sso":false,"log_type":"team","traits":{"user_email":"andrew@akhdigital.com","user_id":"7b61679a-4523-458b-929e-65a1e80efed3","user_phone":""}}', '2025-09-04 17:51:50.635094+00', ''),
	('00000000-0000-0000-0000-000000000000', '0b881341-9e20-4f26-adaa-938521978b0b', '{"action":"user_invited","actor_id":"00000000-0000-0000-0000-000000000000","actor_username":"service_role","actor_via_sso":false,"log_type":"team","traits":{"user_email":"andrew@akhdigital.com","user_id":"821cf797-33bb-4022-b172-ffd2794a0fdf"}}', '2025-09-04 17:52:01.684007+00', ''),
	('00000000-0000-0000-0000-000000000000', 'df2a37a5-9720-454b-bade-1f0b2b571cd9', '{"action":"user_signedup","actor_id":"821cf797-33bb-4022-b172-ffd2794a0fdf","actor_name":"Andrew Hood","actor_username":"andrew@akhdigital.com","actor_via_sso":false,"log_type":"team","traits":{"provider":"email"}}', '2025-09-04 17:54:16.620626+00', ''),
	('00000000-0000-0000-0000-000000000000', 'd282c3e1-7192-4888-998d-cdde386a7e2e', '{"action":"user_updated_password","actor_id":"821cf797-33bb-4022-b172-ffd2794a0fdf","actor_name":"Andrew Hood","actor_username":"andrew@akhdigital.com","actor_via_sso":false,"log_type":"user"}', '2025-09-04 17:54:58.358146+00', ''),
	('00000000-0000-0000-0000-000000000000', '3bb216d5-2860-4980-be35-f5206c95445f', '{"action":"user_modified","actor_id":"821cf797-33bb-4022-b172-ffd2794a0fdf","actor_name":"Andrew Hood","actor_username":"andrew@akhdigital.com","actor_via_sso":false,"log_type":"user"}', '2025-09-04 17:54:58.359045+00', ''),
	('00000000-0000-0000-0000-000000000000', '5f551732-f184-40c0-81d8-0014336c8ef9', '{"action":"token_refreshed","actor_id":"241d165f-cf6c-4836-97ae-8fe1152583d9","actor_username":"admin@phoneguys.com","actor_via_sso":false,"log_type":"token"}', '2025-09-04 19:05:25.787607+00', ''),
	('00000000-0000-0000-0000-000000000000', '810b0730-b818-450a-bf8c-9e2f84e1f6b5', '{"action":"token_revoked","actor_id":"241d165f-cf6c-4836-97ae-8fe1152583d9","actor_username":"admin@phoneguys.com","actor_via_sso":false,"log_type":"token"}', '2025-09-04 19:05:25.788652+00', ''),
	('00000000-0000-0000-0000-000000000000', '8ddc84c1-3c57-43e4-996f-b91ba2b6d42d', '{"action":"token_refreshed","actor_id":"241d165f-cf6c-4836-97ae-8fe1152583d9","actor_username":"admin@phoneguys.com","actor_via_sso":false,"log_type":"token"}', '2025-09-04 20:36:07.863816+00', ''),
	('00000000-0000-0000-0000-000000000000', 'c1f198c1-5844-4815-99b6-fd539f8e09f3', '{"action":"token_revoked","actor_id":"241d165f-cf6c-4836-97ae-8fe1152583d9","actor_username":"admin@phoneguys.com","actor_via_sso":false,"log_type":"token"}', '2025-09-04 20:36:07.865294+00', ''),
	('00000000-0000-0000-0000-000000000000', 'e8e7e6be-cc75-4509-aab5-653cbea7c0f9', '{"action":"token_refreshed","actor_id":"241d165f-cf6c-4836-97ae-8fe1152583d9","actor_username":"admin@phoneguys.com","actor_via_sso":false,"log_type":"token"}', '2025-09-04 22:43:39.340532+00', ''),
	('00000000-0000-0000-0000-000000000000', 'ef663cd3-f53e-48d0-af81-d78755a74571', '{"action":"token_revoked","actor_id":"241d165f-cf6c-4836-97ae-8fe1152583d9","actor_username":"admin@phoneguys.com","actor_via_sso":false,"log_type":"token"}', '2025-09-04 22:43:39.341584+00', ''),
	('00000000-0000-0000-0000-000000000000', '84bb879d-9e41-4f74-a80e-ec1a6ef34e5a', '{"action":"token_refreshed","actor_id":"241d165f-cf6c-4836-97ae-8fe1152583d9","actor_username":"admin@phoneguys.com","actor_via_sso":false,"log_type":"token"}', '2025-09-04 23:45:38.99595+00', ''),
	('00000000-0000-0000-0000-000000000000', '13de883d-4480-4069-b7a0-032fd3a83dd1', '{"action":"token_revoked","actor_id":"241d165f-cf6c-4836-97ae-8fe1152583d9","actor_username":"admin@phoneguys.com","actor_via_sso":false,"log_type":"token"}', '2025-09-04 23:45:38.997325+00', ''),
	('00000000-0000-0000-0000-000000000000', '6e6e073e-5eab-499a-94b8-aaa4ddc82715', '{"action":"token_refreshed","actor_id":"241d165f-cf6c-4836-97ae-8fe1152583d9","actor_username":"admin@phoneguys.com","actor_via_sso":false,"log_type":"token"}', '2025-09-05 00:43:52.388832+00', ''),
	('00000000-0000-0000-0000-000000000000', 'aaba0231-faad-4267-8047-b2bbceeccb87', '{"action":"token_revoked","actor_id":"241d165f-cf6c-4836-97ae-8fe1152583d9","actor_username":"admin@phoneguys.com","actor_via_sso":false,"log_type":"token"}', '2025-09-05 00:43:52.39013+00', ''),
	('00000000-0000-0000-0000-000000000000', '27d825e5-6e9e-47da-b866-6a41c62cbdfc', '{"action":"token_refreshed","actor_id":"241d165f-cf6c-4836-97ae-8fe1152583d9","actor_username":"admin@phoneguys.com","actor_via_sso":false,"log_type":"token"}', '2025-09-05 02:00:20.842468+00', ''),
	('00000000-0000-0000-0000-000000000000', 'e2fcdf26-de77-42df-9ce4-a4d9acaa2b2c', '{"action":"token_revoked","actor_id":"241d165f-cf6c-4836-97ae-8fe1152583d9","actor_username":"admin@phoneguys.com","actor_via_sso":false,"log_type":"token"}', '2025-09-05 02:00:20.843546+00', ''),
	('00000000-0000-0000-0000-000000000000', '636a1467-6915-4281-963e-ed56128d6bd9', '{"action":"token_refreshed","actor_id":"241d165f-cf6c-4836-97ae-8fe1152583d9","actor_username":"admin@phoneguys.com","actor_via_sso":false,"log_type":"token"}', '2025-09-05 02:58:25.870139+00', ''),
	('00000000-0000-0000-0000-000000000000', '0f0a90d4-9598-4a1b-b4a8-6b1777d3d0fe', '{"action":"token_revoked","actor_id":"241d165f-cf6c-4836-97ae-8fe1152583d9","actor_username":"admin@phoneguys.com","actor_via_sso":false,"log_type":"token"}', '2025-09-05 02:58:25.871457+00', ''),
	('00000000-0000-0000-0000-000000000000', 'd64c2014-58dd-4780-8351-2a0e8bf66245', '{"action":"token_refreshed","actor_id":"241d165f-cf6c-4836-97ae-8fe1152583d9","actor_username":"admin@phoneguys.com","actor_via_sso":false,"log_type":"token"}', '2025-09-05 11:33:14.685244+00', ''),
	('00000000-0000-0000-0000-000000000000', '812aed9a-3433-4670-95d6-848c5517f8de', '{"action":"token_revoked","actor_id":"241d165f-cf6c-4836-97ae-8fe1152583d9","actor_username":"admin@phoneguys.com","actor_via_sso":false,"log_type":"token"}', '2025-09-05 11:33:14.686269+00', ''),
	('00000000-0000-0000-0000-000000000000', '2a9e4beb-13f0-49f6-8c58-98ce4729b945', '{"action":"token_refreshed","actor_id":"241d165f-cf6c-4836-97ae-8fe1152583d9","actor_username":"admin@phoneguys.com","actor_via_sso":false,"log_type":"token"}', '2025-09-05 12:18:05.482112+00', ''),
	('00000000-0000-0000-0000-000000000000', '8f9cfb2a-f81e-47c1-bf37-33bef69b46f6', '{"action":"token_revoked","actor_id":"241d165f-cf6c-4836-97ae-8fe1152583d9","actor_username":"admin@phoneguys.com","actor_via_sso":false,"log_type":"token"}', '2025-09-05 12:18:05.483628+00', ''),
	('00000000-0000-0000-0000-000000000000', '8a916a90-7560-4f53-982a-68d27a4bd93d', '{"action":"token_refreshed","actor_id":"241d165f-cf6c-4836-97ae-8fe1152583d9","actor_username":"admin@phoneguys.com","actor_via_sso":false,"log_type":"token"}', '2025-09-05 12:32:30.341712+00', ''),
	('00000000-0000-0000-0000-000000000000', '5470f542-e884-4554-bd5b-84e18a9db95d', '{"action":"token_revoked","actor_id":"241d165f-cf6c-4836-97ae-8fe1152583d9","actor_username":"admin@phoneguys.com","actor_via_sso":false,"log_type":"token"}', '2025-09-05 12:32:30.343271+00', ''),
	('00000000-0000-0000-0000-000000000000', '57a5014a-c7ce-4546-a769-c803872390b0', '{"action":"token_refreshed","actor_id":"241d165f-cf6c-4836-97ae-8fe1152583d9","actor_username":"admin@phoneguys.com","actor_via_sso":false,"log_type":"token"}', '2025-09-05 13:16:17.219121+00', ''),
	('00000000-0000-0000-0000-000000000000', 'aa8ba887-e7d6-4295-b539-0e8ddb368a0e', '{"action":"token_revoked","actor_id":"241d165f-cf6c-4836-97ae-8fe1152583d9","actor_username":"admin@phoneguys.com","actor_via_sso":false,"log_type":"token"}', '2025-09-05 13:16:17.221067+00', ''),
	('00000000-0000-0000-0000-000000000000', 'dda219fa-6dca-415e-80df-8d6691fae963', '{"action":"token_refreshed","actor_id":"241d165f-cf6c-4836-97ae-8fe1152583d9","actor_username":"admin@phoneguys.com","actor_via_sso":false,"log_type":"token"}', '2025-09-05 13:31:41.804607+00', ''),
	('00000000-0000-0000-0000-000000000000', 'e09bc5bd-2f4d-4d6d-82cf-45ebeb8ca36f', '{"action":"token_revoked","actor_id":"241d165f-cf6c-4836-97ae-8fe1152583d9","actor_username":"admin@phoneguys.com","actor_via_sso":false,"log_type":"token"}', '2025-09-05 13:31:41.805681+00', ''),
	('00000000-0000-0000-0000-000000000000', 'a1705710-0770-4593-b65d-afbfb944e182', '{"action":"token_refreshed","actor_id":"241d165f-cf6c-4836-97ae-8fe1152583d9","actor_username":"admin@phoneguys.com","actor_via_sso":false,"log_type":"token"}', '2025-09-05 14:14:34.311312+00', ''),
	('00000000-0000-0000-0000-000000000000', '92e133c0-4b1d-4502-a90f-1d88f43da6b0', '{"action":"token_revoked","actor_id":"241d165f-cf6c-4836-97ae-8fe1152583d9","actor_username":"admin@phoneguys.com","actor_via_sso":false,"log_type":"token"}', '2025-09-05 14:14:34.312417+00', ''),
	('00000000-0000-0000-0000-000000000000', '25e30160-ba47-465a-a081-f64d55783734', '{"action":"token_refreshed","actor_id":"241d165f-cf6c-4836-97ae-8fe1152583d9","actor_username":"admin@phoneguys.com","actor_via_sso":false,"log_type":"token"}', '2025-09-05 14:30:41.837721+00', ''),
	('00000000-0000-0000-0000-000000000000', '1b3e4f12-c832-46ef-8f27-a8fd54b4ebb6', '{"action":"token_revoked","actor_id":"241d165f-cf6c-4836-97ae-8fe1152583d9","actor_username":"admin@phoneguys.com","actor_via_sso":false,"log_type":"token"}', '2025-09-05 14:30:41.839031+00', ''),
	('00000000-0000-0000-0000-000000000000', '7ac75213-75cc-44f6-b276-6d84893ec445', '{"action":"token_refreshed","actor_id":"241d165f-cf6c-4836-97ae-8fe1152583d9","actor_username":"admin@phoneguys.com","actor_via_sso":false,"log_type":"token"}', '2025-09-05 15:13:08.848874+00', ''),
	('00000000-0000-0000-0000-000000000000', 'fda61c57-fd58-4bec-813d-809a763fbb16', '{"action":"token_revoked","actor_id":"241d165f-cf6c-4836-97ae-8fe1152583d9","actor_username":"admin@phoneguys.com","actor_via_sso":false,"log_type":"token"}', '2025-09-05 15:13:08.84999+00', ''),
	('00000000-0000-0000-0000-000000000000', '82cf2f1a-ef05-4868-a148-1f111983a32d', '{"action":"token_refreshed","actor_id":"241d165f-cf6c-4836-97ae-8fe1152583d9","actor_username":"admin@phoneguys.com","actor_via_sso":false,"log_type":"token"}', '2025-09-05 15:29:41.807672+00', ''),
	('00000000-0000-0000-0000-000000000000', '6e13a043-b9fc-4f58-99cd-6eca77c8580a', '{"action":"token_revoked","actor_id":"241d165f-cf6c-4836-97ae-8fe1152583d9","actor_username":"admin@phoneguys.com","actor_via_sso":false,"log_type":"token"}', '2025-09-05 15:29:41.80893+00', ''),
	('00000000-0000-0000-0000-000000000000', '9a9d0fbc-0147-43cd-a227-85afcb1f3e3b', '{"action":"token_refreshed","actor_id":"241d165f-cf6c-4836-97ae-8fe1152583d9","actor_username":"admin@phoneguys.com","actor_via_sso":false,"log_type":"token"}', '2025-09-05 16:11:22.759274+00', ''),
	('00000000-0000-0000-0000-000000000000', '726a7463-1687-4e21-a8f0-7163f47107bc', '{"action":"token_revoked","actor_id":"241d165f-cf6c-4836-97ae-8fe1152583d9","actor_username":"admin@phoneguys.com","actor_via_sso":false,"log_type":"token"}', '2025-09-05 16:11:22.761215+00', ''),
	('00000000-0000-0000-0000-000000000000', '4422c6f6-51d7-4ca6-aee8-fcd07ff65cfc', '{"action":"token_refreshed","actor_id":"241d165f-cf6c-4836-97ae-8fe1152583d9","actor_username":"admin@phoneguys.com","actor_via_sso":false,"log_type":"token"}', '2025-09-05 16:28:41.77217+00', ''),
	('00000000-0000-0000-0000-000000000000', '6285d827-62a8-423c-a866-cc48a270c9c0', '{"action":"token_revoked","actor_id":"241d165f-cf6c-4836-97ae-8fe1152583d9","actor_username":"admin@phoneguys.com","actor_via_sso":false,"log_type":"token"}', '2025-09-05 16:28:41.773649+00', ''),
	('00000000-0000-0000-0000-000000000000', '2068983c-0f7e-4e86-9400-050de6f27c6f', '{"action":"token_refreshed","actor_id":"241d165f-cf6c-4836-97ae-8fe1152583d9","actor_username":"admin@phoneguys.com","actor_via_sso":false,"log_type":"token"}', '2025-09-05 17:09:46.934331+00', ''),
	('00000000-0000-0000-0000-000000000000', '6953d513-3109-44bd-9ea6-498b3630d654', '{"action":"token_revoked","actor_id":"241d165f-cf6c-4836-97ae-8fe1152583d9","actor_username":"admin@phoneguys.com","actor_via_sso":false,"log_type":"token"}', '2025-09-05 17:09:46.935551+00', ''),
	('00000000-0000-0000-0000-000000000000', 'e5f2be68-a124-4508-8b78-aa11e211957e', '{"action":"token_refreshed","actor_id":"241d165f-cf6c-4836-97ae-8fe1152583d9","actor_username":"admin@phoneguys.com","actor_via_sso":false,"log_type":"token"}', '2025-09-05 17:27:41.939911+00', ''),
	('00000000-0000-0000-0000-000000000000', '5654ff3f-fb09-44e1-b072-b3cefd7ab16c', '{"action":"token_revoked","actor_id":"241d165f-cf6c-4836-97ae-8fe1152583d9","actor_username":"admin@phoneguys.com","actor_via_sso":false,"log_type":"token"}', '2025-09-05 17:27:41.941361+00', ''),
	('00000000-0000-0000-0000-000000000000', '490161e3-e273-42ce-8320-6513cc6db451', '{"action":"token_refreshed","actor_id":"241d165f-cf6c-4836-97ae-8fe1152583d9","actor_username":"admin@phoneguys.com","actor_via_sso":false,"log_type":"token"}', '2025-09-05 18:08:14.237233+00', ''),
	('00000000-0000-0000-0000-000000000000', '4f0101fc-088e-4dcb-89c7-e7936c39eaf8', '{"action":"token_revoked","actor_id":"241d165f-cf6c-4836-97ae-8fe1152583d9","actor_username":"admin@phoneguys.com","actor_via_sso":false,"log_type":"token"}', '2025-09-05 18:08:14.238277+00', ''),
	('00000000-0000-0000-0000-000000000000', '2a01ff68-f7a8-462f-8be4-ae607d8327e9', '{"action":"token_refreshed","actor_id":"241d165f-cf6c-4836-97ae-8fe1152583d9","actor_username":"admin@phoneguys.com","actor_via_sso":false,"log_type":"token"}', '2025-09-05 18:26:14.9844+00', ''),
	('00000000-0000-0000-0000-000000000000', '1110e8cf-e370-4c4b-b192-af223b757ea0', '{"action":"token_revoked","actor_id":"241d165f-cf6c-4836-97ae-8fe1152583d9","actor_username":"admin@phoneguys.com","actor_via_sso":false,"log_type":"token"}', '2025-09-05 18:26:14.985492+00', ''),
	('00000000-0000-0000-0000-000000000000', '8ea8c4be-fa50-4d8a-8ed2-8e5fc7f55038', '{"action":"token_refreshed","actor_id":"241d165f-cf6c-4836-97ae-8fe1152583d9","actor_username":"admin@phoneguys.com","actor_via_sso":false,"log_type":"token"}', '2025-09-05 19:07:41.915356+00', ''),
	('00000000-0000-0000-0000-000000000000', '5a4b1ee7-a2b3-4186-9d68-78bc847a5e52', '{"action":"token_revoked","actor_id":"241d165f-cf6c-4836-97ae-8fe1152583d9","actor_username":"admin@phoneguys.com","actor_via_sso":false,"log_type":"token"}', '2025-09-05 19:07:41.91645+00', ''),
	('00000000-0000-0000-0000-000000000000', '96392942-6245-4abe-b798-6bc727c112c6', '{"action":"token_refreshed","actor_id":"241d165f-cf6c-4836-97ae-8fe1152583d9","actor_username":"admin@phoneguys.com","actor_via_sso":false,"log_type":"token"}', '2025-09-05 19:25:41.852068+00', ''),
	('00000000-0000-0000-0000-000000000000', 'c54fdb74-edd4-4c69-8cdf-ea8ee5620d3f', '{"action":"token_revoked","actor_id":"241d165f-cf6c-4836-97ae-8fe1152583d9","actor_username":"admin@phoneguys.com","actor_via_sso":false,"log_type":"token"}', '2025-09-05 19:25:41.853146+00', ''),
	('00000000-0000-0000-0000-000000000000', '27743ea1-9e5f-47de-9292-dc32d09d9b05', '{"action":"token_refreshed","actor_id":"241d165f-cf6c-4836-97ae-8fe1152583d9","actor_username":"admin@phoneguys.com","actor_via_sso":false,"log_type":"token"}', '2025-09-05 20:05:51.468944+00', ''),
	('00000000-0000-0000-0000-000000000000', '820e83b7-a5fd-489b-9454-86bca351016c', '{"action":"token_revoked","actor_id":"241d165f-cf6c-4836-97ae-8fe1152583d9","actor_username":"admin@phoneguys.com","actor_via_sso":false,"log_type":"token"}', '2025-09-05 20:05:51.469974+00', ''),
	('00000000-0000-0000-0000-000000000000', 'b1820b72-d23a-4764-a53f-150d3125d795', '{"action":"login","actor_id":"821cf797-33bb-4022-b172-ffd2794a0fdf","actor_name":"Andrew Hood","actor_username":"andrew@akhdigital.com","actor_via_sso":false,"log_type":"account","traits":{"provider":"email"}}', '2025-09-05 20:23:34.152702+00', ''),
	('00000000-0000-0000-0000-000000000000', '38c01c6a-52ff-4f9f-b13f-58f0f477a332', '{"action":"token_refreshed","actor_id":"241d165f-cf6c-4836-97ae-8fe1152583d9","actor_username":"admin@phoneguys.com","actor_via_sso":false,"log_type":"token"}', '2025-09-05 20:24:41.887303+00', ''),
	('00000000-0000-0000-0000-000000000000', 'b94130ba-a0a9-43e6-9be0-8511a0379857', '{"action":"token_revoked","actor_id":"241d165f-cf6c-4836-97ae-8fe1152583d9","actor_username":"admin@phoneguys.com","actor_via_sso":false,"log_type":"token"}', '2025-09-05 20:24:41.888419+00', ''),
	('00000000-0000-0000-0000-000000000000', '7f235590-5267-43c1-8f1d-b92080d16578', '{"action":"logout","actor_id":"821cf797-33bb-4022-b172-ffd2794a0fdf","actor_name":"Andrew Hood","actor_username":"andrew@akhdigital.com","actor_via_sso":false,"log_type":"account"}', '2025-09-05 20:29:06.80605+00', ''),
	('00000000-0000-0000-0000-000000000000', '5295053e-2c72-463a-bda2-51d6b75fe8d3', '{"action":"login","actor_id":"821cf797-33bb-4022-b172-ffd2794a0fdf","actor_name":"Andrew Hood","actor_username":"andrew@akhdigital.com","actor_via_sso":false,"log_type":"account","traits":{"provider":"email"}}', '2025-09-05 20:29:59.948361+00', ''),
	('00000000-0000-0000-0000-000000000000', '42fe8074-6750-4f3e-a8b0-17cd6e5497ce', '{"action":"token_refreshed","actor_id":"241d165f-cf6c-4836-97ae-8fe1152583d9","actor_username":"admin@phoneguys.com","actor_via_sso":false,"log_type":"token"}', '2025-09-05 21:04:36.026089+00', ''),
	('00000000-0000-0000-0000-000000000000', 'cededebe-f601-49ff-a22d-1bc8b8b30fb5', '{"action":"token_revoked","actor_id":"241d165f-cf6c-4836-97ae-8fe1152583d9","actor_username":"admin@phoneguys.com","actor_via_sso":false,"log_type":"token"}', '2025-09-05 21:04:36.027628+00', ''),
	('00000000-0000-0000-0000-000000000000', '5daf4fba-2755-4c1c-98be-a0ed49699f80', '{"action":"token_refreshed","actor_id":"241d165f-cf6c-4836-97ae-8fe1152583d9","actor_username":"admin@phoneguys.com","actor_via_sso":false,"log_type":"token"}', '2025-09-05 21:23:42.09277+00', ''),
	('00000000-0000-0000-0000-000000000000', '041a4a50-f203-4fac-8e22-019bacacd3c7', '{"action":"token_revoked","actor_id":"241d165f-cf6c-4836-97ae-8fe1152583d9","actor_username":"admin@phoneguys.com","actor_via_sso":false,"log_type":"token"}', '2025-09-05 21:23:42.093997+00', ''),
	('00000000-0000-0000-0000-000000000000', 'f86b8bda-7102-40a8-8956-faf2a63682f6', '{"action":"token_refreshed","actor_id":"241d165f-cf6c-4836-97ae-8fe1152583d9","actor_username":"admin@phoneguys.com","actor_via_sso":false,"log_type":"token"}', '2025-09-05 22:02:55.489122+00', ''),
	('00000000-0000-0000-0000-000000000000', 'f28bf171-7320-4aaf-ab62-6004c5957bcd', '{"action":"token_revoked","actor_id":"241d165f-cf6c-4836-97ae-8fe1152583d9","actor_username":"admin@phoneguys.com","actor_via_sso":false,"log_type":"token"}', '2025-09-05 22:02:55.490156+00', ''),
	('00000000-0000-0000-0000-000000000000', 'e2a84d86-9603-46bf-bf09-fa4630cf4986', '{"action":"token_refreshed","actor_id":"241d165f-cf6c-4836-97ae-8fe1152583d9","actor_username":"admin@phoneguys.com","actor_via_sso":false,"log_type":"token"}', '2025-09-05 23:01:08.915288+00', ''),
	('00000000-0000-0000-0000-000000000000', '73bbd275-2876-440c-baec-360fdc27d37f', '{"action":"token_revoked","actor_id":"241d165f-cf6c-4836-97ae-8fe1152583d9","actor_username":"admin@phoneguys.com","actor_via_sso":false,"log_type":"token"}', '2025-09-05 23:01:08.916424+00', ''),
	('00000000-0000-0000-0000-000000000000', '57375e35-ca6a-4d1e-81d3-9d431a1ad30c', '{"action":"token_refreshed","actor_id":"241d165f-cf6c-4836-97ae-8fe1152583d9","actor_username":"admin@phoneguys.com","actor_via_sso":false,"log_type":"token"}', '2025-09-06 00:00:14.76324+00', ''),
	('00000000-0000-0000-0000-000000000000', '09b73c1b-f759-4d40-9218-5dbb9c4f1cc9', '{"action":"token_revoked","actor_id":"241d165f-cf6c-4836-97ae-8fe1152583d9","actor_username":"admin@phoneguys.com","actor_via_sso":false,"log_type":"token"}', '2025-09-06 00:00:14.764432+00', ''),
	('00000000-0000-0000-0000-000000000000', '96aa94c4-27fc-4b14-b843-a15a8571222e', '{"action":"token_refreshed","actor_id":"241d165f-cf6c-4836-97ae-8fe1152583d9","actor_username":"admin@phoneguys.com","actor_via_sso":false,"log_type":"token"}', '2025-09-06 00:58:20.310463+00', ''),
	('00000000-0000-0000-0000-000000000000', 'fffa0c1c-390b-4b1d-99b3-0f99b459eb23', '{"action":"token_revoked","actor_id":"241d165f-cf6c-4836-97ae-8fe1152583d9","actor_username":"admin@phoneguys.com","actor_via_sso":false,"log_type":"token"}', '2025-09-06 00:58:20.311999+00', ''),
	('00000000-0000-0000-0000-000000000000', '8a456bbb-a078-4337-ba6a-7a2cd2add268', '{"action":"token_refreshed","actor_id":"241d165f-cf6c-4836-97ae-8fe1152583d9","actor_username":"admin@phoneguys.com","actor_via_sso":false,"log_type":"token"}', '2025-09-06 01:56:33.465782+00', ''),
	('00000000-0000-0000-0000-000000000000', '683abce2-fa72-4923-af4e-72ecb788500c', '{"action":"token_revoked","actor_id":"241d165f-cf6c-4836-97ae-8fe1152583d9","actor_username":"admin@phoneguys.com","actor_via_sso":false,"log_type":"token"}', '2025-09-06 01:56:33.466829+00', ''),
	('00000000-0000-0000-0000-000000000000', '48646224-3c68-4f50-86ec-6a07a312c2f5', '{"action":"login","actor_id":"241d165f-cf6c-4836-97ae-8fe1152583d9","actor_username":"admin@phoneguys.com","actor_via_sso":false,"log_type":"account","traits":{"provider":"email"}}', '2025-09-06 02:08:04.474812+00', ''),
	('00000000-0000-0000-0000-000000000000', 'c25d4868-cc9e-44c1-a5f3-4ecd199256d7', '{"action":"logout","actor_id":"241d165f-cf6c-4836-97ae-8fe1152583d9","actor_username":"admin@phoneguys.com","actor_via_sso":false,"log_type":"account"}', '2025-09-06 02:08:04.936901+00', ''),
	('00000000-0000-0000-0000-000000000000', '8199089e-61ba-407d-b5e2-5fff87c66518', '{"action":"login","actor_id":"241d165f-cf6c-4836-97ae-8fe1152583d9","actor_username":"admin@phoneguys.com","actor_via_sso":false,"log_type":"account","traits":{"provider":"email"}}', '2025-09-06 02:11:45.108637+00', ''),
	('00000000-0000-0000-0000-000000000000', '49de3181-09a9-4379-86bc-f5b4dd2dbd8a', '{"action":"token_refreshed","actor_id":"241d165f-cf6c-4836-97ae-8fe1152583d9","actor_username":"admin@phoneguys.com","actor_via_sso":false,"log_type":"token"}', '2025-09-06 03:10:08.452936+00', ''),
	('00000000-0000-0000-0000-000000000000', 'cf7f2a61-a85f-47c4-b8b4-72d9fa444fdf', '{"action":"token_revoked","actor_id":"241d165f-cf6c-4836-97ae-8fe1152583d9","actor_username":"admin@phoneguys.com","actor_via_sso":false,"log_type":"token"}', '2025-09-06 03:10:08.454349+00', ''),
	('00000000-0000-0000-0000-000000000000', 'aa9a63d0-c957-4e0b-9791-cfe8c162af84', '{"action":"token_refreshed","actor_id":"241d165f-cf6c-4836-97ae-8fe1152583d9","actor_username":"admin@phoneguys.com","actor_via_sso":false,"log_type":"token"}', '2025-09-06 04:08:49.760774+00', ''),
	('00000000-0000-0000-0000-000000000000', '01c72a47-e076-483d-813c-7356361c59f6', '{"action":"token_revoked","actor_id":"241d165f-cf6c-4836-97ae-8fe1152583d9","actor_username":"admin@phoneguys.com","actor_via_sso":false,"log_type":"token"}', '2025-09-06 04:08:49.762093+00', ''),
	('00000000-0000-0000-0000-000000000000', '42d413be-17bc-41be-b166-7874f8e948e3', '{"action":"token_refreshed","actor_id":"241d165f-cf6c-4836-97ae-8fe1152583d9","actor_username":"admin@phoneguys.com","actor_via_sso":false,"log_type":"token"}', '2025-09-06 05:07:28.865413+00', ''),
	('00000000-0000-0000-0000-000000000000', '92b86104-687b-46ff-8ef6-fc939d0ce58e', '{"action":"token_revoked","actor_id":"241d165f-cf6c-4836-97ae-8fe1152583d9","actor_username":"admin@phoneguys.com","actor_via_sso":false,"log_type":"token"}', '2025-09-06 05:07:28.866984+00', ''),
	('00000000-0000-0000-0000-000000000000', '0b2c12a9-5dd8-4212-822c-c1b5cae1a76e', '{"action":"token_refreshed","actor_id":"241d165f-cf6c-4836-97ae-8fe1152583d9","actor_username":"admin@phoneguys.com","actor_via_sso":false,"log_type":"token"}', '2025-09-06 06:06:22.754047+00', ''),
	('00000000-0000-0000-0000-000000000000', '809c5292-fd1b-4533-aaaf-299fdde224e7', '{"action":"token_revoked","actor_id":"241d165f-cf6c-4836-97ae-8fe1152583d9","actor_username":"admin@phoneguys.com","actor_via_sso":false,"log_type":"token"}', '2025-09-06 06:06:22.755369+00', ''),
	('00000000-0000-0000-0000-000000000000', '55afae02-20cf-4fb8-b4ef-d984f22e15bb', '{"action":"token_refreshed","actor_id":"241d165f-cf6c-4836-97ae-8fe1152583d9","actor_username":"admin@phoneguys.com","actor_via_sso":false,"log_type":"token"}', '2025-09-06 07:05:24.99534+00', ''),
	('00000000-0000-0000-0000-000000000000', '3fe3e42d-3063-47a5-828b-f1d364da9fe8', '{"action":"token_revoked","actor_id":"241d165f-cf6c-4836-97ae-8fe1152583d9","actor_username":"admin@phoneguys.com","actor_via_sso":false,"log_type":"token"}', '2025-09-06 07:05:25.00266+00', ''),
	('00000000-0000-0000-0000-000000000000', '71759f77-e2cf-4adf-aeaf-6b9dcdaf1d80', '{"action":"token_refreshed","actor_id":"241d165f-cf6c-4836-97ae-8fe1152583d9","actor_username":"admin@phoneguys.com","actor_via_sso":false,"log_type":"token"}', '2025-09-06 08:04:24.890224+00', ''),
	('00000000-0000-0000-0000-000000000000', '22f896b6-b36f-47a7-aab3-5205b3814933', '{"action":"token_revoked","actor_id":"241d165f-cf6c-4836-97ae-8fe1152583d9","actor_username":"admin@phoneguys.com","actor_via_sso":false,"log_type":"token"}', '2025-09-06 08:04:24.891726+00', ''),
	('00000000-0000-0000-0000-000000000000', '9c404364-21ed-4235-b337-829cef7bc474', '{"action":"token_refreshed","actor_id":"241d165f-cf6c-4836-97ae-8fe1152583d9","actor_username":"admin@phoneguys.com","actor_via_sso":false,"log_type":"token"}', '2025-09-06 09:03:24.923344+00', ''),
	('00000000-0000-0000-0000-000000000000', 'd8db4793-55cc-4533-936b-3f9ae413a04c', '{"action":"token_revoked","actor_id":"241d165f-cf6c-4836-97ae-8fe1152583d9","actor_username":"admin@phoneguys.com","actor_via_sso":false,"log_type":"token"}', '2025-09-06 09:03:24.924663+00', ''),
	('00000000-0000-0000-0000-000000000000', '7890285d-78f7-4c84-9af6-65f13b9e8783', '{"action":"token_refreshed","actor_id":"241d165f-cf6c-4836-97ae-8fe1152583d9","actor_username":"admin@phoneguys.com","actor_via_sso":false,"log_type":"token"}', '2025-09-06 10:01:56.831881+00', ''),
	('00000000-0000-0000-0000-000000000000', 'abb0c873-73fd-4d60-ad03-91db12bc8adf', '{"action":"token_revoked","actor_id":"241d165f-cf6c-4836-97ae-8fe1152583d9","actor_username":"admin@phoneguys.com","actor_via_sso":false,"log_type":"token"}', '2025-09-06 10:01:56.833422+00', ''),
	('00000000-0000-0000-0000-000000000000', '11244d51-9685-481b-885b-e785e16ff514', '{"action":"token_refreshed","actor_id":"241d165f-cf6c-4836-97ae-8fe1152583d9","actor_username":"admin@phoneguys.com","actor_via_sso":false,"log_type":"token"}', '2025-09-06 11:00:27.964458+00', ''),
	('00000000-0000-0000-0000-000000000000', '13e1be93-f5f5-45b1-abb3-576e0bd5f375', '{"action":"token_revoked","actor_id":"241d165f-cf6c-4836-97ae-8fe1152583d9","actor_username":"admin@phoneguys.com","actor_via_sso":false,"log_type":"token"}', '2025-09-06 11:00:27.965589+00', ''),
	('00000000-0000-0000-0000-000000000000', '57ac1c98-bde0-4ddb-8ff4-8dc3fcf590f9', '{"action":"login","actor_id":"241d165f-cf6c-4836-97ae-8fe1152583d9","actor_username":"admin@phoneguys.com","actor_via_sso":false,"log_type":"account","traits":{"provider":"email"}}', '2025-09-06 11:29:26.144777+00', ''),
	('00000000-0000-0000-0000-000000000000', 'd863d448-81a5-4036-91f1-50cfed6209e8', '{"action":"logout","actor_id":"241d165f-cf6c-4836-97ae-8fe1152583d9","actor_username":"admin@phoneguys.com","actor_via_sso":false,"log_type":"account"}', '2025-09-06 11:29:26.530796+00', ''),
	('00000000-0000-0000-0000-000000000000', 'da0f02e0-1842-4249-9f7c-23b1f1fa85ff', '{"action":"login","actor_id":"241d165f-cf6c-4836-97ae-8fe1152583d9","actor_username":"admin@phoneguys.com","actor_via_sso":false,"log_type":"account","traits":{"provider":"email"}}', '2025-09-06 11:30:30.463308+00', ''),
	('00000000-0000-0000-0000-000000000000', 'e1f84ad6-6b4e-4911-b76e-7f3582b015ed', '{"action":"login","actor_id":"241d165f-cf6c-4836-97ae-8fe1152583d9","actor_username":"admin@phoneguys.com","actor_via_sso":false,"log_type":"account","traits":{"provider":"email"}}', '2025-09-06 11:31:20.124192+00', ''),
	('00000000-0000-0000-0000-000000000000', '3b277d13-05a6-44f0-bd0e-1e497d6505c7', '{"action":"logout","actor_id":"241d165f-cf6c-4836-97ae-8fe1152583d9","actor_username":"admin@phoneguys.com","actor_via_sso":false,"log_type":"account"}', '2025-09-06 11:31:20.37918+00', ''),
	('00000000-0000-0000-0000-000000000000', '8519d322-aeee-4a9c-b20d-58befa1fcf73', '{"action":"login","actor_id":"241d165f-cf6c-4836-97ae-8fe1152583d9","actor_username":"admin@phoneguys.com","actor_via_sso":false,"log_type":"account","traits":{"provider":"email"}}', '2025-09-06 11:31:40.650831+00', ''),
	('00000000-0000-0000-0000-000000000000', 'de68f828-ff7d-4373-a20e-f74812ec93cd', '{"action":"token_refreshed","actor_id":"241d165f-cf6c-4836-97ae-8fe1152583d9","actor_username":"admin@phoneguys.com","actor_via_sso":false,"log_type":"token"}', '2025-09-06 12:29:53.855757+00', ''),
	('00000000-0000-0000-0000-000000000000', 'fc43ebdc-d6d1-4c67-95cd-ce1975649ee5', '{"action":"token_revoked","actor_id":"241d165f-cf6c-4836-97ae-8fe1152583d9","actor_username":"admin@phoneguys.com","actor_via_sso":false,"log_type":"token"}', '2025-09-06 12:29:53.857353+00', ''),
	('00000000-0000-0000-0000-000000000000', '4eedf87b-9c7a-4821-a5f9-b7412e1834b3', '{"action":"login","actor_id":"241d165f-cf6c-4836-97ae-8fe1152583d9","actor_username":"admin@phoneguys.com","actor_via_sso":false,"log_type":"account","traits":{"provider":"email"}}', '2025-09-06 12:55:49.768501+00', ''),
	('00000000-0000-0000-0000-000000000000', 'fed153bc-c7ce-46de-84eb-13e08938e948', '{"action":"token_refreshed","actor_id":"241d165f-cf6c-4836-97ae-8fe1152583d9","actor_username":"admin@phoneguys.com","actor_via_sso":false,"log_type":"token"}', '2025-09-06 13:54:26.96645+00', ''),
	('00000000-0000-0000-0000-000000000000', '734650ee-1cbd-4186-a131-bc56184bebb7', '{"action":"token_revoked","actor_id":"241d165f-cf6c-4836-97ae-8fe1152583d9","actor_username":"admin@phoneguys.com","actor_via_sso":false,"log_type":"token"}', '2025-09-06 13:54:26.967549+00', ''),
	('00000000-0000-0000-0000-000000000000', '18b2f938-a2c6-4848-987d-b7e19a2218a8', '{"action":"token_refreshed","actor_id":"241d165f-cf6c-4836-97ae-8fe1152583d9","actor_username":"admin@phoneguys.com","actor_via_sso":false,"log_type":"token"}', '2025-09-06 14:53:25.242036+00', ''),
	('00000000-0000-0000-0000-000000000000', 'deb5f1ed-bb20-43bc-8373-30f1294efeda', '{"action":"token_revoked","actor_id":"241d165f-cf6c-4836-97ae-8fe1152583d9","actor_username":"admin@phoneguys.com","actor_via_sso":false,"log_type":"token"}', '2025-09-06 14:53:25.243379+00', ''),
	('00000000-0000-0000-0000-000000000000', '09f52915-d303-4cd6-bbef-fd7a982525ff', '{"action":"token_refreshed","actor_id":"241d165f-cf6c-4836-97ae-8fe1152583d9","actor_username":"admin@phoneguys.com","actor_via_sso":false,"log_type":"token"}', '2025-09-06 15:51:58.131569+00', ''),
	('00000000-0000-0000-0000-000000000000', '85fd9ad6-5318-42da-a31c-d216935fc413', '{"action":"token_revoked","actor_id":"241d165f-cf6c-4836-97ae-8fe1152583d9","actor_username":"admin@phoneguys.com","actor_via_sso":false,"log_type":"token"}', '2025-09-06 15:51:58.132929+00', ''),
	('00000000-0000-0000-0000-000000000000', 'aebb03bc-7a2a-4b1f-9223-57ca77739482', '{"action":"token_refreshed","actor_id":"241d165f-cf6c-4836-97ae-8fe1152583d9","actor_username":"admin@phoneguys.com","actor_via_sso":false,"log_type":"token"}', '2025-09-06 16:51:16.095255+00', ''),
	('00000000-0000-0000-0000-000000000000', '5b1e0ccb-3ac4-44ee-93df-a47a2c5e79eb', '{"action":"token_revoked","actor_id":"241d165f-cf6c-4836-97ae-8fe1152583d9","actor_username":"admin@phoneguys.com","actor_via_sso":false,"log_type":"token"}', '2025-09-06 16:51:16.096579+00', ''),
	('00000000-0000-0000-0000-000000000000', '93e89901-9858-480e-8c56-1b7ea1c32e72', '{"action":"token_refreshed","actor_id":"241d165f-cf6c-4836-97ae-8fe1152583d9","actor_username":"admin@phoneguys.com","actor_via_sso":false,"log_type":"token"}', '2025-09-06 17:50:03.231341+00', ''),
	('00000000-0000-0000-0000-000000000000', '758f001c-b9d3-4445-8bfb-4721e8cf0de7', '{"action":"token_revoked","actor_id":"241d165f-cf6c-4836-97ae-8fe1152583d9","actor_username":"admin@phoneguys.com","actor_via_sso":false,"log_type":"token"}', '2025-09-06 17:50:03.232464+00', ''),
	('00000000-0000-0000-0000-000000000000', 'f95536df-8b6c-401f-94d3-7d643d3ee478', '{"action":"token_refreshed","actor_id":"241d165f-cf6c-4836-97ae-8fe1152583d9","actor_username":"admin@phoneguys.com","actor_via_sso":false,"log_type":"token"}', '2025-09-06 18:11:57.935651+00', ''),
	('00000000-0000-0000-0000-000000000000', 'c9a1a181-0005-47d1-a891-6032d9289fef', '{"action":"token_revoked","actor_id":"241d165f-cf6c-4836-97ae-8fe1152583d9","actor_username":"admin@phoneguys.com","actor_via_sso":false,"log_type":"token"}', '2025-09-06 18:11:57.936953+00', ''),
	('00000000-0000-0000-0000-000000000000', '6f226014-de99-4175-b93b-aee90aadfb36', '{"action":"user_invited","actor_id":"00000000-0000-0000-0000-000000000000","actor_username":"service_role","actor_via_sso":false,"log_type":"team","traits":{"user_email":"michael@southwellmedia.com","user_id":"15a254fa-8ba8-45a3-946a-9ea31a1d596e"}}', '2025-09-06 18:17:10.481386+00', ''),
	('00000000-0000-0000-0000-000000000000', 'b8c40759-a0f1-49b4-bce2-809a1f8e3529', '{"action":"user_signedup","actor_id":"15a254fa-8ba8-45a3-946a-9ea31a1d596e","actor_name":"Michael Froseth","actor_username":"michael@southwellmedia.com","actor_via_sso":false,"log_type":"team","traits":{"provider":"email"}}', '2025-09-06 18:17:51.497631+00', ''),
	('00000000-0000-0000-0000-000000000000', '0c0d7952-f7eb-4b9b-ac89-ebd0f9616a49', '{"action":"user_updated_password","actor_id":"15a254fa-8ba8-45a3-946a-9ea31a1d596e","actor_name":"Michael Froseth","actor_username":"michael@southwellmedia.com","actor_via_sso":false,"log_type":"user"}', '2025-09-06 18:17:58.890303+00', ''),
	('00000000-0000-0000-0000-000000000000', '52b9f9db-1bb6-47df-9224-a39f4d87efa5', '{"action":"user_modified","actor_id":"15a254fa-8ba8-45a3-946a-9ea31a1d596e","actor_name":"Michael Froseth","actor_username":"michael@southwellmedia.com","actor_via_sso":false,"log_type":"user"}', '2025-09-06 18:17:58.891113+00', ''),
	('00000000-0000-0000-0000-000000000000', 'ae14c22d-290f-4874-af32-387b9fae43f3', '{"action":"token_refreshed","actor_id":"241d165f-cf6c-4836-97ae-8fe1152583d9","actor_username":"admin@phoneguys.com","actor_via_sso":false,"log_type":"token"}', '2025-09-06 18:48:43.143611+00', ''),
	('00000000-0000-0000-0000-000000000000', '3c7f63ae-acaa-4d90-b52d-af47928c342c', '{"action":"token_revoked","actor_id":"241d165f-cf6c-4836-97ae-8fe1152583d9","actor_username":"admin@phoneguys.com","actor_via_sso":false,"log_type":"token"}', '2025-09-06 18:48:43.144652+00', ''),
	('00000000-0000-0000-0000-000000000000', 'a4e1a76d-027c-4803-b080-bc9cec376fba', '{"action":"token_refreshed","actor_id":"15a254fa-8ba8-45a3-946a-9ea31a1d596e","actor_name":"Michael Froseth","actor_username":"michael@southwellmedia.com","actor_via_sso":false,"log_type":"token"}', '2025-09-06 19:16:25.127136+00', ''),
	('00000000-0000-0000-0000-000000000000', '6c6c35db-06c2-4196-ba17-b4cb95bac3d7', '{"action":"token_revoked","actor_id":"15a254fa-8ba8-45a3-946a-9ea31a1d596e","actor_name":"Michael Froseth","actor_username":"michael@southwellmedia.com","actor_via_sso":false,"log_type":"token"}', '2025-09-06 19:16:25.12826+00', ''),
	('00000000-0000-0000-0000-000000000000', 'fd8f4491-bb21-444f-9b90-d8c77cd82489', '{"action":"token_refreshed","actor_id":"241d165f-cf6c-4836-97ae-8fe1152583d9","actor_username":"admin@phoneguys.com","actor_via_sso":false,"log_type":"token"}', '2025-09-06 19:47:59.931542+00', ''),
	('00000000-0000-0000-0000-000000000000', '47cb21fe-5c94-4f1a-aa09-f201eb9e2e26', '{"action":"token_revoked","actor_id":"241d165f-cf6c-4836-97ae-8fe1152583d9","actor_username":"admin@phoneguys.com","actor_via_sso":false,"log_type":"token"}', '2025-09-06 19:47:59.93298+00', ''),
	('00000000-0000-0000-0000-000000000000', '42941de5-b542-4cc8-b6a3-d24782cf8841', '{"action":"login","actor_id":"15a254fa-8ba8-45a3-946a-9ea31a1d596e","actor_name":"Michael Froseth","actor_username":"michael@southwellmedia.com","actor_via_sso":false,"log_type":"account","traits":{"provider":"email"}}', '2025-09-06 20:12:00.47847+00', ''),
	('00000000-0000-0000-0000-000000000000', '2d00e3ef-3d5d-4911-9d7d-d17d66d0d9bc', '{"action":"token_refreshed","actor_id":"241d165f-cf6c-4836-97ae-8fe1152583d9","actor_username":"admin@phoneguys.com","actor_via_sso":false,"log_type":"token"}', '2025-09-06 20:46:39.191728+00', ''),
	('00000000-0000-0000-0000-000000000000', '7d9db030-ffab-4d4c-82e8-7d253303d210', '{"action":"token_revoked","actor_id":"241d165f-cf6c-4836-97ae-8fe1152583d9","actor_username":"admin@phoneguys.com","actor_via_sso":false,"log_type":"token"}', '2025-09-06 20:46:39.192973+00', ''),
	('00000000-0000-0000-0000-000000000000', 'df6472a2-14fa-4f5e-8c89-359fe551f20b', '{"action":"token_refreshed","actor_id":"15a254fa-8ba8-45a3-946a-9ea31a1d596e","actor_name":"Michael Froseth","actor_username":"michael@southwellmedia.com","actor_via_sso":false,"log_type":"token"}', '2025-09-06 21:10:38.386318+00', ''),
	('00000000-0000-0000-0000-000000000000', 'c989a361-e324-4531-9f65-536847e53549', '{"action":"token_revoked","actor_id":"15a254fa-8ba8-45a3-946a-9ea31a1d596e","actor_name":"Michael Froseth","actor_username":"michael@southwellmedia.com","actor_via_sso":false,"log_type":"token"}', '2025-09-06 21:10:38.387665+00', ''),
	('00000000-0000-0000-0000-000000000000', '38aa4b67-9c22-4950-8599-1c66050483c2', '{"action":"token_refreshed","actor_id":"241d165f-cf6c-4836-97ae-8fe1152583d9","actor_username":"admin@phoneguys.com","actor_via_sso":false,"log_type":"token"}', '2025-09-06 21:45:25.343109+00', ''),
	('00000000-0000-0000-0000-000000000000', 'f5f888bb-efd7-42e5-9687-0aa62fb254d8', '{"action":"token_revoked","actor_id":"241d165f-cf6c-4836-97ae-8fe1152583d9","actor_username":"admin@phoneguys.com","actor_via_sso":false,"log_type":"token"}', '2025-09-06 21:45:25.344624+00', ''),
	('00000000-0000-0000-0000-000000000000', '3dd5b907-62ac-47eb-8522-2df77090cefe', '{"action":"token_refreshed","actor_id":"15a254fa-8ba8-45a3-946a-9ea31a1d596e","actor_name":"Michael Froseth","actor_username":"michael@southwellmedia.com","actor_via_sso":false,"log_type":"token"}', '2025-09-06 22:09:22.385458+00', ''),
	('00000000-0000-0000-0000-000000000000', '23695a3b-aa60-4ec9-b84b-3d5977576b35', '{"action":"token_revoked","actor_id":"15a254fa-8ba8-45a3-946a-9ea31a1d596e","actor_name":"Michael Froseth","actor_username":"michael@southwellmedia.com","actor_via_sso":false,"log_type":"token"}', '2025-09-06 22:09:22.387081+00', ''),
	('00000000-0000-0000-0000-000000000000', '550442f0-f41f-4752-acdc-dfa94fcf1459', '{"action":"token_refreshed","actor_id":"241d165f-cf6c-4836-97ae-8fe1152583d9","actor_username":"admin@phoneguys.com","actor_via_sso":false,"log_type":"token"}', '2025-09-06 22:44:25.180474+00', ''),
	('00000000-0000-0000-0000-000000000000', '9ec0c40e-a433-4731-a547-ab530c909e07', '{"action":"token_revoked","actor_id":"241d165f-cf6c-4836-97ae-8fe1152583d9","actor_username":"admin@phoneguys.com","actor_via_sso":false,"log_type":"token"}', '2025-09-06 22:44:25.181924+00', ''),
	('00000000-0000-0000-0000-000000000000', '28920ff3-dedc-4ade-9f67-ce8df1a14f3d', '{"action":"token_refreshed","actor_id":"15a254fa-8ba8-45a3-946a-9ea31a1d596e","actor_name":"Michael Froseth","actor_username":"michael@southwellmedia.com","actor_via_sso":false,"log_type":"token"}', '2025-09-06 23:07:53.45358+00', ''),
	('00000000-0000-0000-0000-000000000000', 'fa06df1b-4c4c-43ad-9dad-7ad3d3c08c15', '{"action":"token_revoked","actor_id":"15a254fa-8ba8-45a3-946a-9ea31a1d596e","actor_name":"Michael Froseth","actor_username":"michael@southwellmedia.com","actor_via_sso":false,"log_type":"token"}', '2025-09-06 23:07:53.454873+00', ''),
	('00000000-0000-0000-0000-000000000000', '2133e41a-7b01-4c81-b0ef-2a5b15b88bd3', '{"action":"token_refreshed","actor_id":"241d165f-cf6c-4836-97ae-8fe1152583d9","actor_username":"admin@phoneguys.com","actor_via_sso":false,"log_type":"token"}', '2025-09-06 23:43:25.458416+00', ''),
	('00000000-0000-0000-0000-000000000000', '78937525-ab57-4114-97e3-00c87672db48', '{"action":"token_revoked","actor_id":"241d165f-cf6c-4836-97ae-8fe1152583d9","actor_username":"admin@phoneguys.com","actor_via_sso":false,"log_type":"token"}', '2025-09-06 23:43:25.459501+00', ''),
	('00000000-0000-0000-0000-000000000000', '3a39d7d4-3680-480d-86fe-13d79a72ccf4', '{"action":"token_refreshed","actor_id":"15a254fa-8ba8-45a3-946a-9ea31a1d596e","actor_name":"Michael Froseth","actor_username":"michael@southwellmedia.com","actor_via_sso":false,"log_type":"token"}', '2025-09-07 00:06:25.429812+00', ''),
	('00000000-0000-0000-0000-000000000000', '56b33e1f-8bf9-4ec0-86bc-2162eeeb3117', '{"action":"token_revoked","actor_id":"15a254fa-8ba8-45a3-946a-9ea31a1d596e","actor_name":"Michael Froseth","actor_username":"michael@southwellmedia.com","actor_via_sso":false,"log_type":"token"}', '2025-09-07 00:06:25.430931+00', ''),
	('00000000-0000-0000-0000-000000000000', '4e2976b0-f77d-4271-91df-e4eff8a3d525', '{"action":"token_refreshed","actor_id":"241d165f-cf6c-4836-97ae-8fe1152583d9","actor_username":"admin@phoneguys.com","actor_via_sso":false,"log_type":"token"}', '2025-09-07 00:42:25.359913+00', ''),
	('00000000-0000-0000-0000-000000000000', '1836253b-e33c-46d8-b177-a2c2bc862020', '{"action":"token_revoked","actor_id":"241d165f-cf6c-4836-97ae-8fe1152583d9","actor_username":"admin@phoneguys.com","actor_via_sso":false,"log_type":"token"}', '2025-09-07 00:42:25.361054+00', ''),
	('00000000-0000-0000-0000-000000000000', 'd82c8546-fd3a-4098-8ae2-3aa45bdb18f4', '{"action":"token_refreshed","actor_id":"15a254fa-8ba8-45a3-946a-9ea31a1d596e","actor_name":"Michael Froseth","actor_username":"michael@southwellmedia.com","actor_via_sso":false,"log_type":"token"}', '2025-09-07 01:04:57.229849+00', ''),
	('00000000-0000-0000-0000-000000000000', '48c36c1f-122b-4e68-bb3e-6b1051c36bd1', '{"action":"token_revoked","actor_id":"15a254fa-8ba8-45a3-946a-9ea31a1d596e","actor_name":"Michael Froseth","actor_username":"michael@southwellmedia.com","actor_via_sso":false,"log_type":"token"}', '2025-09-07 01:04:57.231541+00', ''),
	('00000000-0000-0000-0000-000000000000', '381fd046-d23c-489e-afcc-268fa286f03e', '{"action":"token_refreshed","actor_id":"241d165f-cf6c-4836-97ae-8fe1152583d9","actor_username":"admin@phoneguys.com","actor_via_sso":false,"log_type":"token"}', '2025-09-07 01:41:25.35374+00', ''),
	('00000000-0000-0000-0000-000000000000', 'b9d1f206-2fec-47d7-a681-731cdba0bd15', '{"action":"token_revoked","actor_id":"241d165f-cf6c-4836-97ae-8fe1152583d9","actor_username":"admin@phoneguys.com","actor_via_sso":false,"log_type":"token"}', '2025-09-07 01:41:25.354893+00', ''),
	('00000000-0000-0000-0000-000000000000', '4829c201-8e42-4dcb-9b25-ab39cc2c70fe', '{"action":"token_refreshed","actor_id":"15a254fa-8ba8-45a3-946a-9ea31a1d596e","actor_name":"Michael Froseth","actor_username":"michael@southwellmedia.com","actor_via_sso":false,"log_type":"token"}', '2025-09-07 02:03:39.338664+00', ''),
	('00000000-0000-0000-0000-000000000000', '18312dc5-7df5-48f1-b91a-fb1020649e52', '{"action":"token_revoked","actor_id":"15a254fa-8ba8-45a3-946a-9ea31a1d596e","actor_name":"Michael Froseth","actor_username":"michael@southwellmedia.com","actor_via_sso":false,"log_type":"token"}', '2025-09-07 02:03:39.340075+00', ''),
	('00000000-0000-0000-0000-000000000000', 'b3ffaa90-b9e5-4c08-8cf2-efab6025260a', '{"action":"token_refreshed","actor_id":"241d165f-cf6c-4836-97ae-8fe1152583d9","actor_username":"admin@phoneguys.com","actor_via_sso":false,"log_type":"token"}', '2025-09-07 02:40:25.428013+00', ''),
	('00000000-0000-0000-0000-000000000000', 'e7238a0b-1b6b-43dd-bee1-f6d59fbcb9bc', '{"action":"token_revoked","actor_id":"241d165f-cf6c-4836-97ae-8fe1152583d9","actor_username":"admin@phoneguys.com","actor_via_sso":false,"log_type":"token"}', '2025-09-07 02:40:25.42905+00', ''),
	('00000000-0000-0000-0000-000000000000', '6a9b9b45-8120-4eac-8d8c-78bfe90da76a', '{"action":"token_refreshed","actor_id":"15a254fa-8ba8-45a3-946a-9ea31a1d596e","actor_name":"Michael Froseth","actor_username":"michael@southwellmedia.com","actor_via_sso":false,"log_type":"token"}', '2025-09-07 03:02:23.383097+00', ''),
	('00000000-0000-0000-0000-000000000000', '4115380e-bf47-4e53-846b-fd9a043048bc', '{"action":"token_revoked","actor_id":"15a254fa-8ba8-45a3-946a-9ea31a1d596e","actor_name":"Michael Froseth","actor_username":"michael@southwellmedia.com","actor_via_sso":false,"log_type":"token"}', '2025-09-07 03:02:23.384534+00', ''),
	('00000000-0000-0000-0000-000000000000', '9dbf22ff-aa6d-401a-abde-3f9eb0b50a07', '{"action":"token_refreshed","actor_id":"241d165f-cf6c-4836-97ae-8fe1152583d9","actor_username":"admin@phoneguys.com","actor_via_sso":false,"log_type":"token"}', '2025-09-07 03:39:25.413772+00', ''),
	('00000000-0000-0000-0000-000000000000', 'bff4ec86-5b91-42af-aa56-c1d8f952c069', '{"action":"token_revoked","actor_id":"241d165f-cf6c-4836-97ae-8fe1152583d9","actor_username":"admin@phoneguys.com","actor_via_sso":false,"log_type":"token"}', '2025-09-07 03:39:25.414893+00', ''),
	('00000000-0000-0000-0000-000000000000', 'd29a70a2-2128-492a-a094-04d54f88b7ea', '{"action":"token_refreshed","actor_id":"15a254fa-8ba8-45a3-946a-9ea31a1d596e","actor_name":"Michael Froseth","actor_username":"michael@southwellmedia.com","actor_via_sso":false,"log_type":"token"}', '2025-09-07 04:01:13.371625+00', ''),
	('00000000-0000-0000-0000-000000000000', 'a5d0f622-5182-4b28-8448-270def94d5fd', '{"action":"token_revoked","actor_id":"15a254fa-8ba8-45a3-946a-9ea31a1d596e","actor_name":"Michael Froseth","actor_username":"michael@southwellmedia.com","actor_via_sso":false,"log_type":"token"}', '2025-09-07 04:01:13.372984+00', ''),
	('00000000-0000-0000-0000-000000000000', '6bed0883-4cab-4b11-bb1b-e869145da0ee', '{"action":"token_refreshed","actor_id":"241d165f-cf6c-4836-97ae-8fe1152583d9","actor_username":"admin@phoneguys.com","actor_via_sso":false,"log_type":"token"}', '2025-09-07 04:38:25.428963+00', ''),
	('00000000-0000-0000-0000-000000000000', '3a72dc87-8614-4109-b9cd-cb8d73ac40a9', '{"action":"token_revoked","actor_id":"241d165f-cf6c-4836-97ae-8fe1152583d9","actor_username":"admin@phoneguys.com","actor_via_sso":false,"log_type":"token"}', '2025-09-07 04:38:25.430353+00', ''),
	('00000000-0000-0000-0000-000000000000', '7dd0ddb8-0fa0-4cfa-a253-696d59ddf7b5', '{"action":"token_refreshed","actor_id":"15a254fa-8ba8-45a3-946a-9ea31a1d596e","actor_name":"Michael Froseth","actor_username":"michael@southwellmedia.com","actor_via_sso":false,"log_type":"token"}', '2025-09-07 04:59:58.315839+00', ''),
	('00000000-0000-0000-0000-000000000000', 'a162ace1-f62a-44da-a3a0-fb5be29d2fdb', '{"action":"token_revoked","actor_id":"15a254fa-8ba8-45a3-946a-9ea31a1d596e","actor_name":"Michael Froseth","actor_username":"michael@southwellmedia.com","actor_via_sso":false,"log_type":"token"}', '2025-09-07 04:59:58.317334+00', ''),
	('00000000-0000-0000-0000-000000000000', '36ea6f50-2bba-47d2-8571-94a8f4147d04', '{"action":"token_refreshed","actor_id":"241d165f-cf6c-4836-97ae-8fe1152583d9","actor_username":"admin@phoneguys.com","actor_via_sso":false,"log_type":"token"}', '2025-09-07 05:37:04.438444+00', ''),
	('00000000-0000-0000-0000-000000000000', 'cd7f01ed-e725-4379-86d4-570570a3b7f8', '{"action":"token_revoked","actor_id":"241d165f-cf6c-4836-97ae-8fe1152583d9","actor_username":"admin@phoneguys.com","actor_via_sso":false,"log_type":"token"}', '2025-09-07 05:37:04.44007+00', ''),
	('00000000-0000-0000-0000-000000000000', 'f948c02e-e0a9-418f-8189-a57e64671263', '{"action":"token_refreshed","actor_id":"15a254fa-8ba8-45a3-946a-9ea31a1d596e","actor_name":"Michael Froseth","actor_username":"michael@southwellmedia.com","actor_via_sso":false,"log_type":"token"}', '2025-09-07 05:58:39.499542+00', ''),
	('00000000-0000-0000-0000-000000000000', '001b6d93-621e-4547-80b9-0ff5096641b4', '{"action":"token_revoked","actor_id":"15a254fa-8ba8-45a3-946a-9ea31a1d596e","actor_name":"Michael Froseth","actor_username":"michael@southwellmedia.com","actor_via_sso":false,"log_type":"token"}', '2025-09-07 05:58:39.500613+00', ''),
	('00000000-0000-0000-0000-000000000000', '1f97c4bc-9749-49ae-b1e7-12c508e18a8d', '{"action":"token_refreshed","actor_id":"241d165f-cf6c-4836-97ae-8fe1152583d9","actor_username":"admin@phoneguys.com","actor_via_sso":false,"log_type":"token"}', '2025-09-07 06:35:53.535964+00', ''),
	('00000000-0000-0000-0000-000000000000', 'be469992-b9c1-499b-8f66-f03fb1ee07bf', '{"action":"token_revoked","actor_id":"241d165f-cf6c-4836-97ae-8fe1152583d9","actor_username":"admin@phoneguys.com","actor_via_sso":false,"log_type":"token"}', '2025-09-07 06:35:53.537052+00', ''),
	('00000000-0000-0000-0000-000000000000', 'b16eeec5-31f9-469d-824c-b2069bf17709', '{"action":"token_refreshed","actor_id":"15a254fa-8ba8-45a3-946a-9ea31a1d596e","actor_name":"Michael Froseth","actor_username":"michael@southwellmedia.com","actor_via_sso":false,"log_type":"token"}', '2025-09-07 06:57:28.582329+00', ''),
	('00000000-0000-0000-0000-000000000000', 'de1af47d-8374-48ec-beab-6308a2f63edf', '{"action":"token_revoked","actor_id":"15a254fa-8ba8-45a3-946a-9ea31a1d596e","actor_name":"Michael Froseth","actor_username":"michael@southwellmedia.com","actor_via_sso":false,"log_type":"token"}', '2025-09-07 06:57:28.583846+00', ''),
	('00000000-0000-0000-0000-000000000000', 'd257911c-5acf-4a45-800a-39bbacea42e4', '{"action":"token_refreshed","actor_id":"241d165f-cf6c-4836-97ae-8fe1152583d9","actor_username":"admin@phoneguys.com","actor_via_sso":false,"log_type":"token"}', '2025-09-07 07:34:25.496592+00', ''),
	('00000000-0000-0000-0000-000000000000', 'c33da090-d818-4ec0-aa69-7e5480669822', '{"action":"token_revoked","actor_id":"241d165f-cf6c-4836-97ae-8fe1152583d9","actor_username":"admin@phoneguys.com","actor_via_sso":false,"log_type":"token"}', '2025-09-07 07:34:25.497847+00', ''),
	('00000000-0000-0000-0000-000000000000', '8461c772-b8af-458d-bbc7-f6b79f69d403', '{"action":"token_refreshed","actor_id":"15a254fa-8ba8-45a3-946a-9ea31a1d596e","actor_name":"Michael Froseth","actor_username":"michael@southwellmedia.com","actor_via_sso":false,"log_type":"token"}', '2025-09-07 07:56:03.573541+00', ''),
	('00000000-0000-0000-0000-000000000000', 'c78bb20c-3354-4beb-8652-aebec41ba2bf', '{"action":"token_revoked","actor_id":"15a254fa-8ba8-45a3-946a-9ea31a1d596e","actor_name":"Michael Froseth","actor_username":"michael@southwellmedia.com","actor_via_sso":false,"log_type":"token"}', '2025-09-07 07:56:03.574943+00', ''),
	('00000000-0000-0000-0000-000000000000', 'fabea3d8-d6da-4343-899b-ebf85d063bc2', '{"action":"token_refreshed","actor_id":"15a254fa-8ba8-45a3-946a-9ea31a1d596e","actor_name":"Michael Froseth","actor_username":"michael@southwellmedia.com","actor_via_sso":false,"log_type":"token"}', '2025-09-07 08:54:57.54677+00', ''),
	('00000000-0000-0000-0000-000000000000', 'b5b61f1b-f533-47b6-a966-8d20f06b2935', '{"action":"token_revoked","actor_id":"15a254fa-8ba8-45a3-946a-9ea31a1d596e","actor_name":"Michael Froseth","actor_username":"michael@southwellmedia.com","actor_via_sso":false,"log_type":"token"}', '2025-09-07 08:54:57.548121+00', ''),
	('00000000-0000-0000-0000-000000000000', 'fa7d7014-290f-4ddd-8ae2-c4f5ea84f2ea', '{"action":"token_refreshed","actor_id":"15a254fa-8ba8-45a3-946a-9ea31a1d596e","actor_name":"Michael Froseth","actor_username":"michael@southwellmedia.com","actor_via_sso":false,"log_type":"token"}', '2025-09-07 09:54:25.652156+00', ''),
	('00000000-0000-0000-0000-000000000000', '61eb5e20-eb24-4389-9f6a-958bff0b0ad3', '{"action":"token_revoked","actor_id":"15a254fa-8ba8-45a3-946a-9ea31a1d596e","actor_name":"Michael Froseth","actor_username":"michael@southwellmedia.com","actor_via_sso":false,"log_type":"token"}', '2025-09-07 09:54:25.65355+00', ''),
	('00000000-0000-0000-0000-000000000000', '21233cf5-529e-4b0c-9f53-73326a17c510', '{"action":"token_refreshed","actor_id":"15a254fa-8ba8-45a3-946a-9ea31a1d596e","actor_name":"Michael Froseth","actor_username":"michael@southwellmedia.com","actor_via_sso":false,"log_type":"token"}', '2025-09-07 10:53:14.710081+00', ''),
	('00000000-0000-0000-0000-000000000000', '5dc6c5b2-b435-4152-a3c3-cba748e5adb3', '{"action":"token_revoked","actor_id":"15a254fa-8ba8-45a3-946a-9ea31a1d596e","actor_name":"Michael Froseth","actor_username":"michael@southwellmedia.com","actor_via_sso":false,"log_type":"token"}', '2025-09-07 10:53:14.711132+00', ''),
	('00000000-0000-0000-0000-000000000000', '90150080-e1f7-4aa8-a2ce-28d6d9a6d5ee', '{"action":"token_refreshed","actor_id":"15a254fa-8ba8-45a3-946a-9ea31a1d596e","actor_name":"Michael Froseth","actor_username":"michael@southwellmedia.com","actor_via_sso":false,"log_type":"token"}', '2025-09-07 11:51:53.70474+00', ''),
	('00000000-0000-0000-0000-000000000000', '0fd7eedb-ba6a-469c-ac37-25d750de8491', '{"action":"token_revoked","actor_id":"15a254fa-8ba8-45a3-946a-9ea31a1d596e","actor_name":"Michael Froseth","actor_username":"michael@southwellmedia.com","actor_via_sso":false,"log_type":"token"}', '2025-09-07 11:51:53.70592+00', ''),
	('00000000-0000-0000-0000-000000000000', 'dfe6c0b5-9d7f-4d58-9db8-755690fd44f0', '{"action":"token_refreshed","actor_id":"241d165f-cf6c-4836-97ae-8fe1152583d9","actor_username":"admin@phoneguys.com","actor_via_sso":false,"log_type":"token"}', '2025-09-07 12:12:51.337733+00', ''),
	('00000000-0000-0000-0000-000000000000', 'fd5a3544-e8e7-474b-b316-b42bbdd75bdb', '{"action":"token_revoked","actor_id":"241d165f-cf6c-4836-97ae-8fe1152583d9","actor_username":"admin@phoneguys.com","actor_via_sso":false,"log_type":"token"}', '2025-09-07 12:12:51.338903+00', ''),
	('00000000-0000-0000-0000-000000000000', '6f7118ec-3b0b-4d8e-a8be-91df9bc9e9a6', '{"action":"token_refreshed","actor_id":"15a254fa-8ba8-45a3-946a-9ea31a1d596e","actor_name":"Michael Froseth","actor_username":"michael@southwellmedia.com","actor_via_sso":false,"log_type":"token"}', '2025-09-07 12:50:48.553442+00', ''),
	('00000000-0000-0000-0000-000000000000', '6f340a7d-4b34-4ceb-9b44-4fa776c11433', '{"action":"token_revoked","actor_id":"15a254fa-8ba8-45a3-946a-9ea31a1d596e","actor_name":"Michael Froseth","actor_username":"michael@southwellmedia.com","actor_via_sso":false,"log_type":"token"}', '2025-09-07 12:50:48.554498+00', ''),
	('00000000-0000-0000-0000-000000000000', '51601328-ced6-4bd2-b17a-5b42dcb14feb', '{"action":"token_refreshed","actor_id":"241d165f-cf6c-4836-97ae-8fe1152583d9","actor_username":"admin@phoneguys.com","actor_via_sso":false,"log_type":"token"}', '2025-09-07 18:05:01.715167+00', ''),
	('00000000-0000-0000-0000-000000000000', 'a9357595-b697-4374-b534-fdfbbfc214fe', '{"action":"token_revoked","actor_id":"241d165f-cf6c-4836-97ae-8fe1152583d9","actor_username":"admin@phoneguys.com","actor_via_sso":false,"log_type":"token"}', '2025-09-07 18:05:01.716815+00', ''),
	('00000000-0000-0000-0000-000000000000', '99fec007-d109-4f3e-b2da-9551c8d3c3ab', '{"action":"token_refreshed","actor_id":"241d165f-cf6c-4836-97ae-8fe1152583d9","actor_username":"admin@phoneguys.com","actor_via_sso":false,"log_type":"token"}', '2025-09-07 19:03:34.956908+00', ''),
	('00000000-0000-0000-0000-000000000000', '3266ce3c-4681-4953-b398-d17dbebd42f1', '{"action":"token_revoked","actor_id":"241d165f-cf6c-4836-97ae-8fe1152583d9","actor_username":"admin@phoneguys.com","actor_via_sso":false,"log_type":"token"}', '2025-09-07 19:03:34.95796+00', ''),
	('00000000-0000-0000-0000-000000000000', '81d55fcc-f11b-4d42-ad1d-b8d8e4ac4c5a', '{"action":"token_refreshed","actor_id":"241d165f-cf6c-4836-97ae-8fe1152583d9","actor_username":"admin@phoneguys.com","actor_via_sso":false,"log_type":"token"}', '2025-09-07 20:02:35.031574+00', ''),
	('00000000-0000-0000-0000-000000000000', 'e17e3d09-23e1-4495-bb6c-99d9ec54829f', '{"action":"token_revoked","actor_id":"241d165f-cf6c-4836-97ae-8fe1152583d9","actor_username":"admin@phoneguys.com","actor_via_sso":false,"log_type":"token"}', '2025-09-07 20:02:35.033285+00', ''),
	('00000000-0000-0000-0000-000000000000', '20a71e5a-d1e0-4100-9139-5e3a9434f62d', '{"action":"token_refreshed","actor_id":"241d165f-cf6c-4836-97ae-8fe1152583d9","actor_username":"admin@phoneguys.com","actor_via_sso":false,"log_type":"token"}', '2025-09-07 21:01:23.009803+00', ''),
	('00000000-0000-0000-0000-000000000000', '0d190b56-9bcf-48b2-8aba-d90ae35805f1', '{"action":"token_revoked","actor_id":"241d165f-cf6c-4836-97ae-8fe1152583d9","actor_username":"admin@phoneguys.com","actor_via_sso":false,"log_type":"token"}', '2025-09-07 21:01:23.01162+00', ''),
	('00000000-0000-0000-0000-000000000000', '5aba6b39-dfeb-483b-ae9c-1638bf9a52a9', '{"action":"token_refreshed","actor_id":"241d165f-cf6c-4836-97ae-8fe1152583d9","actor_username":"admin@phoneguys.com","actor_via_sso":false,"log_type":"token"}', '2025-09-07 21:59:57.861278+00', ''),
	('00000000-0000-0000-0000-000000000000', '005dbfe3-df3e-4e89-80c6-a20c55bb81f1', '{"action":"token_revoked","actor_id":"241d165f-cf6c-4836-97ae-8fe1152583d9","actor_username":"admin@phoneguys.com","actor_via_sso":false,"log_type":"token"}', '2025-09-07 21:59:57.86289+00', ''),
	('00000000-0000-0000-0000-000000000000', '9d3d0288-abd2-435f-995c-0cb27b6ce3a0', '{"action":"token_refreshed","actor_id":"241d165f-cf6c-4836-97ae-8fe1152583d9","actor_username":"admin@phoneguys.com","actor_via_sso":false,"log_type":"token"}', '2025-09-07 22:58:35.121078+00', ''),
	('00000000-0000-0000-0000-000000000000', '686ee2ea-d63d-4ac5-96e9-f52732efd988', '{"action":"token_revoked","actor_id":"241d165f-cf6c-4836-97ae-8fe1152583d9","actor_username":"admin@phoneguys.com","actor_via_sso":false,"log_type":"token"}', '2025-09-07 22:58:35.122231+00', ''),
	('00000000-0000-0000-0000-000000000000', '72d116c7-58b9-47c2-9c8a-f67a3d94abfc', '{"action":"token_refreshed","actor_id":"241d165f-cf6c-4836-97ae-8fe1152583d9","actor_username":"admin@phoneguys.com","actor_via_sso":false,"log_type":"token"}', '2025-09-07 23:57:35.116309+00', ''),
	('00000000-0000-0000-0000-000000000000', 'c6c311e7-c29b-4915-90a8-92c32ab6657a', '{"action":"token_revoked","actor_id":"241d165f-cf6c-4836-97ae-8fe1152583d9","actor_username":"admin@phoneguys.com","actor_via_sso":false,"log_type":"token"}', '2025-09-07 23:57:35.11776+00', ''),
	('00000000-0000-0000-0000-000000000000', '1c973d5b-d8af-4001-846c-51ad3020d461', '{"action":"token_refreshed","actor_id":"241d165f-cf6c-4836-97ae-8fe1152583d9","actor_username":"admin@phoneguys.com","actor_via_sso":false,"log_type":"token"}', '2025-09-08 00:56:35.141693+00', ''),
	('00000000-0000-0000-0000-000000000000', '975cf2f7-8cf5-409e-9a6f-77679cc3e53e', '{"action":"token_revoked","actor_id":"241d165f-cf6c-4836-97ae-8fe1152583d9","actor_username":"admin@phoneguys.com","actor_via_sso":false,"log_type":"token"}', '2025-09-08 00:56:35.143399+00', ''),
	('00000000-0000-0000-0000-000000000000', 'df712324-4323-4fc9-b5aa-8dd1d8a34401', '{"action":"token_refreshed","actor_id":"241d165f-cf6c-4836-97ae-8fe1152583d9","actor_username":"admin@phoneguys.com","actor_via_sso":false,"log_type":"token"}', '2025-09-08 01:55:24.09015+00', ''),
	('00000000-0000-0000-0000-000000000000', '93d16e73-c4b4-41bc-8ccf-2da89b4f9fb0', '{"action":"token_revoked","actor_id":"241d165f-cf6c-4836-97ae-8fe1152583d9","actor_username":"admin@phoneguys.com","actor_via_sso":false,"log_type":"token"}', '2025-09-08 01:55:24.092116+00', ''),
	('00000000-0000-0000-0000-000000000000', 'b9f0ef02-e9f3-45c8-bc4a-b382cb0eb660', '{"action":"token_refreshed","actor_id":"241d165f-cf6c-4836-97ae-8fe1152583d9","actor_username":"admin@phoneguys.com","actor_via_sso":false,"log_type":"token"}', '2025-09-08 02:54:03.205926+00', ''),
	('00000000-0000-0000-0000-000000000000', 'acaf0ed1-0cb6-464b-a94e-4931ea38d9f9', '{"action":"token_revoked","actor_id":"241d165f-cf6c-4836-97ae-8fe1152583d9","actor_username":"admin@phoneguys.com","actor_via_sso":false,"log_type":"token"}', '2025-09-08 02:54:03.207003+00', ''),
	('00000000-0000-0000-0000-000000000000', '44570cbb-16c1-4e59-9c86-026ac6ff32d0', '{"action":"token_refreshed","actor_id":"241d165f-cf6c-4836-97ae-8fe1152583d9","actor_username":"admin@phoneguys.com","actor_via_sso":false,"log_type":"token"}', '2025-09-08 03:52:35.161638+00', ''),
	('00000000-0000-0000-0000-000000000000', '8549c961-11c8-41e3-b394-daf8f91adcf0', '{"action":"token_revoked","actor_id":"241d165f-cf6c-4836-97ae-8fe1152583d9","actor_username":"admin@phoneguys.com","actor_via_sso":false,"log_type":"token"}', '2025-09-08 03:52:35.163026+00', ''),
	('00000000-0000-0000-0000-000000000000', '508d11d5-f80a-4ee9-98f1-c7ba7a692dc2', '{"action":"token_refreshed","actor_id":"241d165f-cf6c-4836-97ae-8fe1152583d9","actor_username":"admin@phoneguys.com","actor_via_sso":false,"log_type":"token"}', '2025-09-08 04:51:24.210777+00', ''),
	('00000000-0000-0000-0000-000000000000', 'a9d3e97f-d198-46b0-a418-4dd414473656', '{"action":"token_revoked","actor_id":"241d165f-cf6c-4836-97ae-8fe1152583d9","actor_username":"admin@phoneguys.com","actor_via_sso":false,"log_type":"token"}', '2025-09-08 04:51:24.212132+00', ''),
	('00000000-0000-0000-0000-000000000000', 'ace42604-9bc6-44ef-8f37-8dfc861c2dc1', '{"action":"token_refreshed","actor_id":"241d165f-cf6c-4836-97ae-8fe1152583d9","actor_username":"admin@phoneguys.com","actor_via_sso":false,"log_type":"token"}', '2025-09-08 05:50:35.242695+00', ''),
	('00000000-0000-0000-0000-000000000000', '448e9553-f52b-4968-8066-bff89114f2a9', '{"action":"token_revoked","actor_id":"241d165f-cf6c-4836-97ae-8fe1152583d9","actor_username":"admin@phoneguys.com","actor_via_sso":false,"log_type":"token"}', '2025-09-08 05:50:35.244109+00', ''),
	('00000000-0000-0000-0000-000000000000', '380ee6b0-ff8c-4b45-bb06-69b4cad5799c', '{"action":"token_refreshed","actor_id":"241d165f-cf6c-4836-97ae-8fe1152583d9","actor_username":"admin@phoneguys.com","actor_via_sso":false,"log_type":"token"}', '2025-09-08 06:49:23.260767+00', ''),
	('00000000-0000-0000-0000-000000000000', '4af14c0c-95de-41f4-9987-68b53ee00eed', '{"action":"token_revoked","actor_id":"241d165f-cf6c-4836-97ae-8fe1152583d9","actor_username":"admin@phoneguys.com","actor_via_sso":false,"log_type":"token"}', '2025-09-08 06:49:23.262384+00', ''),
	('00000000-0000-0000-0000-000000000000', '82590d50-62f5-4353-b8e6-c193c5c0babe', '{"action":"token_refreshed","actor_id":"241d165f-cf6c-4836-97ae-8fe1152583d9","actor_username":"admin@phoneguys.com","actor_via_sso":false,"log_type":"token"}', '2025-09-08 07:48:03.261623+00', ''),
	('00000000-0000-0000-0000-000000000000', '34710bca-1247-4d9d-9e18-1be5d0684e66', '{"action":"token_revoked","actor_id":"241d165f-cf6c-4836-97ae-8fe1152583d9","actor_username":"admin@phoneguys.com","actor_via_sso":false,"log_type":"token"}', '2025-09-08 07:48:03.262664+00', ''),
	('00000000-0000-0000-0000-000000000000', 'ef6cd956-ce1d-437e-8832-690a18bc9f0f', '{"action":"token_refreshed","actor_id":"241d165f-cf6c-4836-97ae-8fe1152583d9","actor_username":"admin@phoneguys.com","actor_via_sso":false,"log_type":"token"}', '2025-09-08 08:46:35.31647+00', ''),
	('00000000-0000-0000-0000-000000000000', '44478322-f3f1-4e1c-8c72-94abeb0e9184', '{"action":"token_revoked","actor_id":"241d165f-cf6c-4836-97ae-8fe1152583d9","actor_username":"admin@phoneguys.com","actor_via_sso":false,"log_type":"token"}', '2025-09-08 08:46:35.317528+00', ''),
	('00000000-0000-0000-0000-000000000000', '95f90980-41c8-47ba-b9de-76f34f444956', '{"action":"token_refreshed","actor_id":"241d165f-cf6c-4836-97ae-8fe1152583d9","actor_username":"admin@phoneguys.com","actor_via_sso":false,"log_type":"token"}', '2025-09-08 09:45:35.379794+00', ''),
	('00000000-0000-0000-0000-000000000000', '65ce6ab9-ef36-4ccf-a906-f3f92d189834', '{"action":"token_revoked","actor_id":"241d165f-cf6c-4836-97ae-8fe1152583d9","actor_username":"admin@phoneguys.com","actor_via_sso":false,"log_type":"token"}', '2025-09-08 09:45:35.381522+00', ''),
	('00000000-0000-0000-0000-000000000000', 'dfed84e8-7a01-4312-9da6-a9d9acd07b7f', '{"action":"token_refreshed","actor_id":"241d165f-cf6c-4836-97ae-8fe1152583d9","actor_username":"admin@phoneguys.com","actor_via_sso":false,"log_type":"token"}', '2025-09-08 10:44:13.50251+00', ''),
	('00000000-0000-0000-0000-000000000000', '805fb677-cc47-46cd-b0ee-cf4c646d0ca5', '{"action":"token_revoked","actor_id":"241d165f-cf6c-4836-97ae-8fe1152583d9","actor_username":"admin@phoneguys.com","actor_via_sso":false,"log_type":"token"}', '2025-09-08 10:44:13.503681+00', ''),
	('00000000-0000-0000-0000-000000000000', '51d68431-257a-48e1-92db-b457ab1885ad', '{"action":"token_refreshed","actor_id":"241d165f-cf6c-4836-97ae-8fe1152583d9","actor_username":"admin@phoneguys.com","actor_via_sso":false,"log_type":"token"}', '2025-09-08 11:43:03.448036+00', ''),
	('00000000-0000-0000-0000-000000000000', '9a6ae2e7-456d-4350-85b8-a6807e8aefd5', '{"action":"token_revoked","actor_id":"241d165f-cf6c-4836-97ae-8fe1152583d9","actor_username":"admin@phoneguys.com","actor_via_sso":false,"log_type":"token"}', '2025-09-08 11:43:03.449604+00', ''),
	('00000000-0000-0000-0000-000000000000', '5081876f-2dad-4ae8-b0c8-1ae11eab8402', '{"action":"token_refreshed","actor_id":"241d165f-cf6c-4836-97ae-8fe1152583d9","actor_username":"admin@phoneguys.com","actor_via_sso":false,"log_type":"token"}', '2025-09-08 12:41:38.446841+00', ''),
	('00000000-0000-0000-0000-000000000000', '3d30ae19-3b49-4dd3-b95e-24ed408000d9', '{"action":"token_revoked","actor_id":"241d165f-cf6c-4836-97ae-8fe1152583d9","actor_username":"admin@phoneguys.com","actor_via_sso":false,"log_type":"token"}', '2025-09-08 12:41:38.44791+00', ''),
	('00000000-0000-0000-0000-000000000000', '24f4d875-eb19-4187-9b57-152326388ce5', '{"action":"token_refreshed","actor_id":"241d165f-cf6c-4836-97ae-8fe1152583d9","actor_username":"admin@phoneguys.com","actor_via_sso":false,"log_type":"token"}', '2025-09-08 13:40:23.500965+00', ''),
	('00000000-0000-0000-0000-000000000000', '52e44925-d8d5-4f34-ab1b-34002699fe99', '{"action":"token_revoked","actor_id":"241d165f-cf6c-4836-97ae-8fe1152583d9","actor_username":"admin@phoneguys.com","actor_via_sso":false,"log_type":"token"}', '2025-09-08 13:40:23.502064+00', ''),
	('00000000-0000-0000-0000-000000000000', '2d4fd3bc-53d4-4ba2-a8e1-bf7e809500f4', '{"action":"token_refreshed","actor_id":"241d165f-cf6c-4836-97ae-8fe1152583d9","actor_username":"admin@phoneguys.com","actor_via_sso":false,"log_type":"token"}', '2025-09-08 14:39:13.609042+00', ''),
	('00000000-0000-0000-0000-000000000000', '32f7a71c-5140-4b5a-aaa2-586deaaeb287', '{"action":"token_revoked","actor_id":"241d165f-cf6c-4836-97ae-8fe1152583d9","actor_username":"admin@phoneguys.com","actor_via_sso":false,"log_type":"token"}', '2025-09-08 14:39:13.611023+00', ''),
	('00000000-0000-0000-0000-000000000000', '91cc8bc6-a49b-42de-95b8-18d61d12ce8e', '{"action":"token_refreshed","actor_id":"241d165f-cf6c-4836-97ae-8fe1152583d9","actor_username":"admin@phoneguys.com","actor_via_sso":false,"log_type":"token"}', '2025-09-08 15:38:33.532325+00', ''),
	('00000000-0000-0000-0000-000000000000', 'c1e6fe18-9f99-4f5f-9fd0-f36733dfa1d3', '{"action":"token_revoked","actor_id":"241d165f-cf6c-4836-97ae-8fe1152583d9","actor_username":"admin@phoneguys.com","actor_via_sso":false,"log_type":"token"}', '2025-09-08 15:38:33.533814+00', ''),
	('00000000-0000-0000-0000-000000000000', '4342ac55-419a-4f44-9432-b734de38f2e4', '{"action":"token_refreshed","actor_id":"241d165f-cf6c-4836-97ae-8fe1152583d9","actor_username":"admin@phoneguys.com","actor_via_sso":false,"log_type":"token"}', '2025-09-08 16:37:21.612473+00', ''),
	('00000000-0000-0000-0000-000000000000', '8d6d592c-20e5-42de-8028-b8e7bb2c1129', '{"action":"token_revoked","actor_id":"241d165f-cf6c-4836-97ae-8fe1152583d9","actor_username":"admin@phoneguys.com","actor_via_sso":false,"log_type":"token"}', '2025-09-08 16:37:21.613928+00', ''),
	('00000000-0000-0000-0000-000000000000', '163679e5-1e26-4fbf-81f9-6af75a521c29', '{"action":"login","actor_id":"821cf797-33bb-4022-b172-ffd2794a0fdf","actor_name":"Andrew Hood","actor_username":"andrew@akhdigital.com","actor_via_sso":false,"log_type":"account","traits":{"provider":"email"}}', '2025-09-08 16:47:38.254874+00', ''),
	('00000000-0000-0000-0000-000000000000', '6187051d-22d7-40da-ae03-dde16bf1b982', '{"action":"token_refreshed","actor_id":"241d165f-cf6c-4836-97ae-8fe1152583d9","actor_username":"admin@phoneguys.com","actor_via_sso":false,"log_type":"token"}', '2025-09-08 17:35:51.530921+00', ''),
	('00000000-0000-0000-0000-000000000000', '9ade236e-f1d9-4bfa-9649-4ca92d46e386', '{"action":"token_revoked","actor_id":"241d165f-cf6c-4836-97ae-8fe1152583d9","actor_username":"admin@phoneguys.com","actor_via_sso":false,"log_type":"token"}', '2025-09-08 17:35:51.531963+00', ''),
	('00000000-0000-0000-0000-000000000000', '36dddd58-1657-4ef1-92d6-347e59296611', '{"action":"token_refreshed","actor_id":"821cf797-33bb-4022-b172-ffd2794a0fdf","actor_name":"Andrew Hood","actor_username":"andrew@akhdigital.com","actor_via_sso":false,"log_type":"token"}', '2025-09-08 17:46:30.368037+00', ''),
	('00000000-0000-0000-0000-000000000000', '97bd5a7c-194e-4ea2-a2f8-d814952e8a64', '{"action":"token_revoked","actor_id":"821cf797-33bb-4022-b172-ffd2794a0fdf","actor_name":"Andrew Hood","actor_username":"andrew@akhdigital.com","actor_via_sso":false,"log_type":"token"}', '2025-09-08 17:46:30.369403+00', ''),
	('00000000-0000-0000-0000-000000000000', 'ee36b543-cdbf-47fc-b6f7-3768bed57ea3', '{"action":"token_refreshed","actor_id":"241d165f-cf6c-4836-97ae-8fe1152583d9","actor_username":"admin@phoneguys.com","actor_via_sso":false,"log_type":"token"}', '2025-09-08 18:34:35.701231+00', ''),
	('00000000-0000-0000-0000-000000000000', '9d68bef6-fc2f-454c-bd6b-c6b83a4af157', '{"action":"token_revoked","actor_id":"241d165f-cf6c-4836-97ae-8fe1152583d9","actor_username":"admin@phoneguys.com","actor_via_sso":false,"log_type":"token"}', '2025-09-08 18:34:35.702437+00', ''),
	('00000000-0000-0000-0000-000000000000', '1ea231a8-b4fc-43a0-9d9e-ac422e1c1eb4', '{"action":"token_refreshed","actor_id":"821cf797-33bb-4022-b172-ffd2794a0fdf","actor_name":"Andrew Hood","actor_username":"andrew@akhdigital.com","actor_via_sso":false,"log_type":"token"}', '2025-09-08 18:45:52.326905+00', ''),
	('00000000-0000-0000-0000-000000000000', '91437fbd-0cb8-41ba-bd14-a5e54b5238ed', '{"action":"token_revoked","actor_id":"821cf797-33bb-4022-b172-ffd2794a0fdf","actor_name":"Andrew Hood","actor_username":"andrew@akhdigital.com","actor_via_sso":false,"log_type":"token"}', '2025-09-08 18:45:52.32807+00', ''),
	('00000000-0000-0000-0000-000000000000', 'cd6295c6-0427-4e5d-be58-f8462acc3b0c', '{"action":"token_refreshed","actor_id":"241d165f-cf6c-4836-97ae-8fe1152583d9","actor_username":"admin@phoneguys.com","actor_via_sso":false,"log_type":"token"}', '2025-09-08 19:33:24.762295+00', ''),
	('00000000-0000-0000-0000-000000000000', '6c3eb0b6-e805-412d-b243-f249d227a0d6', '{"action":"token_revoked","actor_id":"241d165f-cf6c-4836-97ae-8fe1152583d9","actor_username":"admin@phoneguys.com","actor_via_sso":false,"log_type":"token"}', '2025-09-08 19:33:24.763491+00', ''),
	('00000000-0000-0000-0000-000000000000', '91158724-7dea-4043-bb83-8f80e599301e', '{"action":"token_refreshed","actor_id":"821cf797-33bb-4022-b172-ffd2794a0fdf","actor_name":"Andrew Hood","actor_username":"andrew@akhdigital.com","actor_via_sso":false,"log_type":"token"}', '2025-09-08 19:44:52.407806+00', ''),
	('00000000-0000-0000-0000-000000000000', '7c0786bf-ee5a-4543-8f9e-1face294069d', '{"action":"token_revoked","actor_id":"821cf797-33bb-4022-b172-ffd2794a0fdf","actor_name":"Andrew Hood","actor_username":"andrew@akhdigital.com","actor_via_sso":false,"log_type":"token"}', '2025-09-08 19:44:52.409313+00', ''),
	('00000000-0000-0000-0000-000000000000', 'bf20f91f-7134-45a2-836f-d4381003ca17', '{"action":"token_refreshed","actor_id":"241d165f-cf6c-4836-97ae-8fe1152583d9","actor_username":"admin@phoneguys.com","actor_via_sso":false,"log_type":"token"}', '2025-09-08 20:32:04.747909+00', ''),
	('00000000-0000-0000-0000-000000000000', '043bfb7f-1f0c-4ca8-aec9-582f8f58d58a', '{"action":"token_revoked","actor_id":"241d165f-cf6c-4836-97ae-8fe1152583d9","actor_username":"admin@phoneguys.com","actor_via_sso":false,"log_type":"token"}', '2025-09-08 20:32:04.749265+00', ''),
	('00000000-0000-0000-0000-000000000000', 'd8d63e45-2682-4748-915a-76c495762a02', '{"action":"token_refreshed","actor_id":"821cf797-33bb-4022-b172-ffd2794a0fdf","actor_name":"Andrew Hood","actor_username":"andrew@akhdigital.com","actor_via_sso":false,"log_type":"token"}', '2025-09-08 20:43:24.561615+00', ''),
	('00000000-0000-0000-0000-000000000000', '4f76058d-67d1-4f62-8337-fa09ea173086', '{"action":"token_revoked","actor_id":"821cf797-33bb-4022-b172-ffd2794a0fdf","actor_name":"Andrew Hood","actor_username":"andrew@akhdigital.com","actor_via_sso":false,"log_type":"token"}', '2025-09-08 20:43:24.562982+00', ''),
	('00000000-0000-0000-0000-000000000000', '825cd1af-ade3-4df4-b689-5fc572ae06eb', '{"action":"token_refreshed","actor_id":"241d165f-cf6c-4836-97ae-8fe1152583d9","actor_username":"admin@phoneguys.com","actor_via_sso":false,"log_type":"token"}', '2025-09-08 21:30:48.702223+00', ''),
	('00000000-0000-0000-0000-000000000000', 'efae7dde-23d7-4865-97e5-1ef713581c0c', '{"action":"token_revoked","actor_id":"241d165f-cf6c-4836-97ae-8fe1152583d9","actor_username":"admin@phoneguys.com","actor_via_sso":false,"log_type":"token"}', '2025-09-08 21:30:48.703528+00', ''),
	('00000000-0000-0000-0000-000000000000', '8bd8c9bf-2022-4b10-8bbb-aa60054bf923', '{"action":"token_refreshed","actor_id":"821cf797-33bb-4022-b172-ffd2794a0fdf","actor_name":"Andrew Hood","actor_username":"andrew@akhdigital.com","actor_via_sso":false,"log_type":"token"}', '2025-09-08 21:42:01.526794+00', ''),
	('00000000-0000-0000-0000-000000000000', '63429518-fb23-437b-8b4c-3b801cedd5a9', '{"action":"token_revoked","actor_id":"821cf797-33bb-4022-b172-ffd2794a0fdf","actor_name":"Andrew Hood","actor_username":"andrew@akhdigital.com","actor_via_sso":false,"log_type":"token"}', '2025-09-08 21:42:01.528036+00', ''),
	('00000000-0000-0000-0000-000000000000', '9e32a82d-879a-4597-a6aa-560c69b66c1f', '{"action":"token_refreshed","actor_id":"241d165f-cf6c-4836-97ae-8fe1152583d9","actor_username":"admin@phoneguys.com","actor_via_sso":false,"log_type":"token"}', '2025-09-08 22:29:23.871764+00', ''),
	('00000000-0000-0000-0000-000000000000', '0a4f3c20-17b8-47a9-9a4b-aa8be6a50cde', '{"action":"token_revoked","actor_id":"241d165f-cf6c-4836-97ae-8fe1152583d9","actor_username":"admin@phoneguys.com","actor_via_sso":false,"log_type":"token"}', '2025-09-08 22:29:23.873021+00', ''),
	('00000000-0000-0000-0000-000000000000', '258eff5b-e994-42d4-a04f-e119dadcb72c', '{"action":"token_refreshed","actor_id":"821cf797-33bb-4022-b172-ffd2794a0fdf","actor_name":"Andrew Hood","actor_username":"andrew@akhdigital.com","actor_via_sso":false,"log_type":"token"}', '2025-09-08 22:41:01.54935+00', ''),
	('00000000-0000-0000-0000-000000000000', '234273cc-2f6b-44db-804d-02b09d5d9b21', '{"action":"token_revoked","actor_id":"821cf797-33bb-4022-b172-ffd2794a0fdf","actor_name":"Andrew Hood","actor_username":"andrew@akhdigital.com","actor_via_sso":false,"log_type":"token"}', '2025-09-08 22:41:01.551097+00', ''),
	('00000000-0000-0000-0000-000000000000', '084e2ddd-6439-4392-842b-a82df269ba74', '{"action":"logout","actor_id":"241d165f-cf6c-4836-97ae-8fe1152583d9","actor_username":"admin@phoneguys.com","actor_via_sso":false,"log_type":"account"}', '2025-09-08 23:14:22.201593+00', ''),
	('00000000-0000-0000-0000-000000000000', '49053632-ad97-4f41-8cc4-e91d4f47db25', '{"action":"login","actor_id":"15a254fa-8ba8-45a3-946a-9ea31a1d596e","actor_name":"Michael Froseth","actor_username":"michael@southwellmedia.com","actor_via_sso":false,"log_type":"account","traits":{"provider":"email"}}', '2025-09-08 23:14:30.300822+00', ''),
	('00000000-0000-0000-0000-000000000000', '23e61336-a1c6-4fe0-b126-5fd0d0978076', '{"action":"token_refreshed","actor_id":"821cf797-33bb-4022-b172-ffd2794a0fdf","actor_name":"Andrew Hood","actor_username":"andrew@akhdigital.com","actor_via_sso":false,"log_type":"token"}', '2025-09-08 23:40:01.655165+00', ''),
	('00000000-0000-0000-0000-000000000000', '2ca62551-cb41-44df-bcab-b8d0ccc0637f', '{"action":"token_revoked","actor_id":"821cf797-33bb-4022-b172-ffd2794a0fdf","actor_name":"Andrew Hood","actor_username":"andrew@akhdigital.com","actor_via_sso":false,"log_type":"token"}', '2025-09-08 23:40:01.656284+00', ''),
	('00000000-0000-0000-0000-000000000000', '5a8eb9ea-a6bc-452c-9375-c7c008e7b1e1', '{"action":"token_refreshed","actor_id":"15a254fa-8ba8-45a3-946a-9ea31a1d596e","actor_name":"Michael Froseth","actor_username":"michael@southwellmedia.com","actor_via_sso":false,"log_type":"token"}', '2025-09-09 00:12:39.391226+00', ''),
	('00000000-0000-0000-0000-000000000000', '5587eebc-93cb-4527-aa24-f045782b891c', '{"action":"token_revoked","actor_id":"15a254fa-8ba8-45a3-946a-9ea31a1d596e","actor_name":"Michael Froseth","actor_username":"michael@southwellmedia.com","actor_via_sso":false,"log_type":"token"}', '2025-09-09 00:12:39.392628+00', ''),
	('00000000-0000-0000-0000-000000000000', '95e1b253-c167-49ce-b7c4-0bc9f01695a2', '{"action":"token_refreshed","actor_id":"821cf797-33bb-4022-b172-ffd2794a0fdf","actor_name":"Andrew Hood","actor_username":"andrew@akhdigital.com","actor_via_sso":false,"log_type":"token"}', '2025-09-09 00:46:04.63649+00', ''),
	('00000000-0000-0000-0000-000000000000', 'f7891042-54f2-414e-b4ae-5ea352540e65', '{"action":"token_revoked","actor_id":"821cf797-33bb-4022-b172-ffd2794a0fdf","actor_name":"Andrew Hood","actor_username":"andrew@akhdigital.com","actor_via_sso":false,"log_type":"token"}', '2025-09-09 00:46:04.63789+00', ''),
	('00000000-0000-0000-0000-000000000000', 'fd3eee10-fc83-4aa0-8da6-f15ec1033898', '{"action":"token_refreshed","actor_id":"15a254fa-8ba8-45a3-946a-9ea31a1d596e","actor_name":"Michael Froseth","actor_username":"michael@southwellmedia.com","actor_via_sso":false,"log_type":"token"}', '2025-09-09 01:10:52.681937+00', ''),
	('00000000-0000-0000-0000-000000000000', '44b6b9d6-2271-4e5d-a3f9-8f64cf1bdeac', '{"action":"token_revoked","actor_id":"15a254fa-8ba8-45a3-946a-9ea31a1d596e","actor_name":"Michael Froseth","actor_username":"michael@southwellmedia.com","actor_via_sso":false,"log_type":"token"}', '2025-09-09 01:10:52.683303+00', ''),
	('00000000-0000-0000-0000-000000000000', '67bfea8e-2200-4384-b44e-8c1704028ff2', '{"action":"token_refreshed","actor_id":"15a254fa-8ba8-45a3-946a-9ea31a1d596e","actor_name":"Michael Froseth","actor_username":"michael@southwellmedia.com","actor_via_sso":false,"log_type":"token"}', '2025-09-09 02:09:37.205716+00', ''),
	('00000000-0000-0000-0000-000000000000', 'f98ec272-0b0d-419d-833a-6452c3bd6240', '{"action":"token_revoked","actor_id":"15a254fa-8ba8-45a3-946a-9ea31a1d596e","actor_name":"Michael Froseth","actor_username":"michael@southwellmedia.com","actor_via_sso":false,"log_type":"token"}', '2025-09-09 02:09:37.207052+00', ''),
	('00000000-0000-0000-0000-000000000000', 'b5e880e5-74f8-451d-953c-0b7abc0e8ae8', '{"action":"token_refreshed","actor_id":"15a254fa-8ba8-45a3-946a-9ea31a1d596e","actor_name":"Michael Froseth","actor_username":"michael@southwellmedia.com","actor_via_sso":false,"log_type":"token"}', '2025-09-09 03:08:13.39332+00', ''),
	('00000000-0000-0000-0000-000000000000', 'dada6d06-caed-4377-b176-b0b7198b7aee', '{"action":"token_revoked","actor_id":"15a254fa-8ba8-45a3-946a-9ea31a1d596e","actor_name":"Michael Froseth","actor_username":"michael@southwellmedia.com","actor_via_sso":false,"log_type":"token"}', '2025-09-09 03:08:13.395112+00', ''),
	('00000000-0000-0000-0000-000000000000', 'a8914a2d-a3a7-458c-a406-8ec55d781ddc', '{"action":"token_refreshed","actor_id":"15a254fa-8ba8-45a3-946a-9ea31a1d596e","actor_name":"Michael Froseth","actor_username":"michael@southwellmedia.com","actor_via_sso":false,"log_type":"token"}', '2025-09-09 04:07:07.966637+00', ''),
	('00000000-0000-0000-0000-000000000000', '6fd49d19-430a-4f27-ab1b-16cd4912b3fb', '{"action":"token_revoked","actor_id":"15a254fa-8ba8-45a3-946a-9ea31a1d596e","actor_name":"Michael Froseth","actor_username":"michael@southwellmedia.com","actor_via_sso":false,"log_type":"token"}', '2025-09-09 04:07:07.967655+00', ''),
	('00000000-0000-0000-0000-000000000000', '15ca9a14-e611-4c2c-8af8-cbecd9c4bbb2', '{"action":"token_refreshed","actor_id":"15a254fa-8ba8-45a3-946a-9ea31a1d596e","actor_name":"Michael Froseth","actor_username":"michael@southwellmedia.com","actor_via_sso":false,"log_type":"token"}', '2025-09-09 05:05:38.206574+00', ''),
	('00000000-0000-0000-0000-000000000000', 'e7d98e99-cbbc-40f0-acf3-13936ac1d546', '{"action":"token_revoked","actor_id":"15a254fa-8ba8-45a3-946a-9ea31a1d596e","actor_name":"Michael Froseth","actor_username":"michael@southwellmedia.com","actor_via_sso":false,"log_type":"token"}', '2025-09-09 05:05:38.207602+00', ''),
	('00000000-0000-0000-0000-000000000000', '768e8137-a1ef-4152-9386-c0454e29643f', '{"action":"token_refreshed","actor_id":"15a254fa-8ba8-45a3-946a-9ea31a1d596e","actor_name":"Michael Froseth","actor_username":"michael@southwellmedia.com","actor_via_sso":false,"log_type":"token"}', '2025-09-09 06:04:34.317577+00', ''),
	('00000000-0000-0000-0000-000000000000', '53ec3f9e-2a6d-4e45-9bc8-c8af246aa707', '{"action":"token_revoked","actor_id":"15a254fa-8ba8-45a3-946a-9ea31a1d596e","actor_name":"Michael Froseth","actor_username":"michael@southwellmedia.com","actor_via_sso":false,"log_type":"token"}', '2025-09-09 06:04:34.31865+00', ''),
	('00000000-0000-0000-0000-000000000000', 'a34e8375-5142-487b-9678-7a81692d4eda', '{"action":"token_refreshed","actor_id":"15a254fa-8ba8-45a3-946a-9ea31a1d596e","actor_name":"Michael Froseth","actor_username":"michael@southwellmedia.com","actor_via_sso":false,"log_type":"token"}', '2025-09-09 07:03:07.161088+00', ''),
	('00000000-0000-0000-0000-000000000000', 'aac20c81-46f9-4905-83aa-4761d883b9a7', '{"action":"token_revoked","actor_id":"15a254fa-8ba8-45a3-946a-9ea31a1d596e","actor_name":"Michael Froseth","actor_username":"michael@southwellmedia.com","actor_via_sso":false,"log_type":"token"}', '2025-09-09 07:03:07.162135+00', ''),
	('00000000-0000-0000-0000-000000000000', 'e76c5032-b8cb-4421-9a40-e74a994bc0ae', '{"action":"token_refreshed","actor_id":"15a254fa-8ba8-45a3-946a-9ea31a1d596e","actor_name":"Michael Froseth","actor_username":"michael@southwellmedia.com","actor_via_sso":false,"log_type":"token"}', '2025-09-09 08:02:34.228848+00', ''),
	('00000000-0000-0000-0000-000000000000', 'a21abc90-145e-49a3-93cb-aa64f85ba4b3', '{"action":"token_revoked","actor_id":"15a254fa-8ba8-45a3-946a-9ea31a1d596e","actor_name":"Michael Froseth","actor_username":"michael@southwellmedia.com","actor_via_sso":false,"log_type":"token"}', '2025-09-09 08:02:34.230306+00', ''),
	('00000000-0000-0000-0000-000000000000', '4528e0f9-b8d5-4734-9dd9-b451ec9fca39', '{"action":"token_refreshed","actor_id":"15a254fa-8ba8-45a3-946a-9ea31a1d596e","actor_name":"Michael Froseth","actor_username":"michael@southwellmedia.com","actor_via_sso":false,"log_type":"token"}', '2025-09-09 09:01:12.33859+00', ''),
	('00000000-0000-0000-0000-000000000000', 'd474c5f4-1608-491a-ae63-a5cc89dbe87d', '{"action":"token_revoked","actor_id":"15a254fa-8ba8-45a3-946a-9ea31a1d596e","actor_name":"Michael Froseth","actor_username":"michael@southwellmedia.com","actor_via_sso":false,"log_type":"token"}', '2025-09-09 09:01:12.339783+00', ''),
	('00000000-0000-0000-0000-000000000000', '3960c31a-bb49-48ef-85ca-071d46291d1d', '{"action":"token_refreshed","actor_id":"15a254fa-8ba8-45a3-946a-9ea31a1d596e","actor_name":"Michael Froseth","actor_username":"michael@southwellmedia.com","actor_via_sso":false,"log_type":"token"}', '2025-09-09 10:00:34.376762+00', ''),
	('00000000-0000-0000-0000-000000000000', '2e70209d-b135-40f2-b3b7-a8736d4ec4fc', '{"action":"token_revoked","actor_id":"15a254fa-8ba8-45a3-946a-9ea31a1d596e","actor_name":"Michael Froseth","actor_username":"michael@southwellmedia.com","actor_via_sso":false,"log_type":"token"}', '2025-09-09 10:00:34.377837+00', ''),
	('00000000-0000-0000-0000-000000000000', 'dd056d4d-b4e5-4413-8627-1f66399e6938', '{"action":"token_refreshed","actor_id":"15a254fa-8ba8-45a3-946a-9ea31a1d596e","actor_name":"Michael Froseth","actor_username":"michael@southwellmedia.com","actor_via_sso":false,"log_type":"token"}', '2025-09-09 10:59:34.334354+00', ''),
	('00000000-0000-0000-0000-000000000000', '94fd7e97-72b9-46c7-bb98-0d5f1937f127', '{"action":"token_revoked","actor_id":"15a254fa-8ba8-45a3-946a-9ea31a1d596e","actor_name":"Michael Froseth","actor_username":"michael@southwellmedia.com","actor_via_sso":false,"log_type":"token"}', '2025-09-09 10:59:34.33589+00', ''),
	('00000000-0000-0000-0000-000000000000', '4ab77142-dea0-4e7c-8279-627c9306d32b', '{"action":"token_refreshed","actor_id":"15a254fa-8ba8-45a3-946a-9ea31a1d596e","actor_name":"Michael Froseth","actor_username":"michael@southwellmedia.com","actor_via_sso":false,"log_type":"token"}', '2025-09-09 11:58:12.313092+00', ''),
	('00000000-0000-0000-0000-000000000000', '0220f43b-c67f-47d3-b6f8-466738881c31', '{"action":"token_revoked","actor_id":"15a254fa-8ba8-45a3-946a-9ea31a1d596e","actor_name":"Michael Froseth","actor_username":"michael@southwellmedia.com","actor_via_sso":false,"log_type":"token"}', '2025-09-09 11:58:12.314344+00', ''),
	('00000000-0000-0000-0000-000000000000', 'f035647e-fdb1-4a29-ad54-82fe16052b38', '{"action":"token_refreshed","actor_id":"15a254fa-8ba8-45a3-946a-9ea31a1d596e","actor_name":"Michael Froseth","actor_username":"michael@southwellmedia.com","actor_via_sso":false,"log_type":"token"}', '2025-09-09 12:57:34.511378+00', ''),
	('00000000-0000-0000-0000-000000000000', 'a9af0a8e-134c-4967-8ea5-a2c1f8544785', '{"action":"token_revoked","actor_id":"15a254fa-8ba8-45a3-946a-9ea31a1d596e","actor_name":"Michael Froseth","actor_username":"michael@southwellmedia.com","actor_via_sso":false,"log_type":"token"}', '2025-09-09 12:57:34.512856+00', ''),
	('00000000-0000-0000-0000-000000000000', 'c510464d-28dd-46a9-9c2c-49d6295bdb6c', '{"action":"token_refreshed","actor_id":"15a254fa-8ba8-45a3-946a-9ea31a1d596e","actor_name":"Michael Froseth","actor_username":"michael@southwellmedia.com","actor_via_sso":false,"log_type":"token"}', '2025-09-09 13:56:22.412279+00', ''),
	('00000000-0000-0000-0000-000000000000', '314ee697-0ae6-4c4a-89bb-2fb84c68ee0b', '{"action":"token_revoked","actor_id":"15a254fa-8ba8-45a3-946a-9ea31a1d596e","actor_name":"Michael Froseth","actor_username":"michael@southwellmedia.com","actor_via_sso":false,"log_type":"token"}', '2025-09-09 13:56:22.415774+00', ''),
	('00000000-0000-0000-0000-000000000000', '85bd213a-5610-46ca-b45c-2d7505619b80', '{"action":"logout","actor_id":"15a254fa-8ba8-45a3-946a-9ea31a1d596e","actor_name":"Michael Froseth","actor_username":"michael@southwellmedia.com","actor_via_sso":false,"log_type":"account"}', '2025-09-09 14:22:51.886748+00', ''),
	('00000000-0000-0000-0000-000000000000', '1966b8db-5445-4be8-97c4-ad32269f5df2', '{"action":"login","actor_id":"15a254fa-8ba8-45a3-946a-9ea31a1d596e","actor_name":"Michael Froseth","actor_username":"michael@southwellmedia.com","actor_via_sso":false,"log_type":"account","traits":{"provider":"email"}}', '2025-09-09 14:22:59.527312+00', ''),
	('00000000-0000-0000-0000-000000000000', 'baa005f7-d8ba-448c-b6de-19121036a8ac', '{"action":"token_refreshed","actor_id":"15a254fa-8ba8-45a3-946a-9ea31a1d596e","actor_name":"Michael Froseth","actor_username":"michael@southwellmedia.com","actor_via_sso":false,"log_type":"token"}', '2025-09-09 15:22:10.373177+00', ''),
	('00000000-0000-0000-0000-000000000000', '1c226d5e-5e2f-4896-a402-8e1acf86014e', '{"action":"token_revoked","actor_id":"15a254fa-8ba8-45a3-946a-9ea31a1d596e","actor_name":"Michael Froseth","actor_username":"michael@southwellmedia.com","actor_via_sso":false,"log_type":"token"}', '2025-09-09 15:22:10.374277+00', ''),
	('00000000-0000-0000-0000-000000000000', '80fed7c4-df76-41de-9a4a-e87272584d65', '{"action":"token_refreshed","actor_id":"821cf797-33bb-4022-b172-ffd2794a0fdf","actor_name":"Andrew Hood","actor_username":"andrew@akhdigital.com","actor_via_sso":false,"log_type":"token"}', '2025-09-09 16:02:56.96262+00', ''),
	('00000000-0000-0000-0000-000000000000', 'fb6e35f2-bbdb-434b-a3ae-0d9874710ca3', '{"action":"token_revoked","actor_id":"821cf797-33bb-4022-b172-ffd2794a0fdf","actor_name":"Andrew Hood","actor_username":"andrew@akhdigital.com","actor_via_sso":false,"log_type":"token"}', '2025-09-09 16:02:56.963654+00', ''),
	('00000000-0000-0000-0000-000000000000', '319a6e91-5922-4805-853d-0a590cc882e9', '{"action":"token_refreshed","actor_id":"15a254fa-8ba8-45a3-946a-9ea31a1d596e","actor_name":"Michael Froseth","actor_username":"michael@southwellmedia.com","actor_via_sso":false,"log_type":"token"}', '2025-09-09 16:20:45.508069+00', ''),
	('00000000-0000-0000-0000-000000000000', '95f897ec-256e-4f32-b753-25714dad4eef', '{"action":"token_revoked","actor_id":"15a254fa-8ba8-45a3-946a-9ea31a1d596e","actor_name":"Michael Froseth","actor_username":"michael@southwellmedia.com","actor_via_sso":false,"log_type":"token"}', '2025-09-09 16:20:45.509585+00', ''),
	('00000000-0000-0000-0000-000000000000', '84f47ae8-7bc4-48c4-a2f4-6dad63c2a185', '{"action":"token_refreshed","actor_id":"15a254fa-8ba8-45a3-946a-9ea31a1d596e","actor_name":"Michael Froseth","actor_username":"michael@southwellmedia.com","actor_via_sso":false,"log_type":"token"}', '2025-09-09 20:35:47.305417+00', ''),
	('00000000-0000-0000-0000-000000000000', '803559a9-07a2-4df6-9316-861698ef7c1d', '{"action":"token_revoked","actor_id":"15a254fa-8ba8-45a3-946a-9ea31a1d596e","actor_name":"Michael Froseth","actor_username":"michael@southwellmedia.com","actor_via_sso":false,"log_type":"token"}', '2025-09-09 20:35:47.306514+00', ''),
	('00000000-0000-0000-0000-000000000000', '46c644dc-734a-4e11-87d9-b81f79549388', '{"action":"token_refreshed","actor_id":"15a254fa-8ba8-45a3-946a-9ea31a1d596e","actor_name":"Michael Froseth","actor_username":"michael@southwellmedia.com","actor_via_sso":false,"log_type":"token"}', '2025-09-09 21:34:32.518295+00', ''),
	('00000000-0000-0000-0000-000000000000', '9a18edd3-552c-45d9-bf9e-e3f837c6cd91', '{"action":"token_revoked","actor_id":"15a254fa-8ba8-45a3-946a-9ea31a1d596e","actor_name":"Michael Froseth","actor_username":"michael@southwellmedia.com","actor_via_sso":false,"log_type":"token"}', '2025-09-09 21:34:32.519784+00', ''),
	('00000000-0000-0000-0000-000000000000', '9bb2ddaf-b094-43e0-8330-d96ec52551ea', '{"action":"token_refreshed","actor_id":"15a254fa-8ba8-45a3-946a-9ea31a1d596e","actor_name":"Michael Froseth","actor_username":"michael@southwellmedia.com","actor_via_sso":false,"log_type":"token"}', '2025-09-09 22:33:34.597272+00', ''),
	('00000000-0000-0000-0000-000000000000', '68e35f74-2a44-438a-a35f-5d7d145481d3', '{"action":"token_revoked","actor_id":"15a254fa-8ba8-45a3-946a-9ea31a1d596e","actor_name":"Michael Froseth","actor_username":"michael@southwellmedia.com","actor_via_sso":false,"log_type":"token"}', '2025-09-09 22:33:34.598906+00', ''),
	('00000000-0000-0000-0000-000000000000', '6c708331-5c13-46f7-b6f8-e4a197d6f29b', '{"action":"token_refreshed","actor_id":"15a254fa-8ba8-45a3-946a-9ea31a1d596e","actor_name":"Michael Froseth","actor_username":"michael@southwellmedia.com","actor_via_sso":false,"log_type":"token"}', '2025-09-09 23:31:47.177455+00', ''),
	('00000000-0000-0000-0000-000000000000', 'feec3ed9-4040-4bbd-852d-bf2b488df1f8', '{"action":"token_revoked","actor_id":"15a254fa-8ba8-45a3-946a-9ea31a1d596e","actor_name":"Michael Froseth","actor_username":"michael@southwellmedia.com","actor_via_sso":false,"log_type":"token"}', '2025-09-09 23:31:47.17848+00', ''),
	('00000000-0000-0000-0000-000000000000', '049ff728-6d81-41bc-b9e3-6fbb9601316c', '{"action":"token_refreshed","actor_id":"15a254fa-8ba8-45a3-946a-9ea31a1d596e","actor_name":"Michael Froseth","actor_username":"michael@southwellmedia.com","actor_via_sso":false,"log_type":"token"}', '2025-09-10 00:30:34.621011+00', ''),
	('00000000-0000-0000-0000-000000000000', 'b388c3c6-c86b-4f6b-ac09-a193af22b690', '{"action":"token_revoked","actor_id":"15a254fa-8ba8-45a3-946a-9ea31a1d596e","actor_name":"Michael Froseth","actor_username":"michael@southwellmedia.com","actor_via_sso":false,"log_type":"token"}', '2025-09-10 00:30:34.622148+00', ''),
	('00000000-0000-0000-0000-000000000000', '12fee690-d9f4-4dc1-9260-877983ff7017', '{"action":"token_refreshed","actor_id":"15a254fa-8ba8-45a3-946a-9ea31a1d596e","actor_name":"Michael Froseth","actor_username":"michael@southwellmedia.com","actor_via_sso":false,"log_type":"token"}', '2025-09-10 01:29:34.720038+00', ''),
	('00000000-0000-0000-0000-000000000000', 'fcd27696-8628-4fb8-b1bc-08f6695f21fe', '{"action":"token_revoked","actor_id":"15a254fa-8ba8-45a3-946a-9ea31a1d596e","actor_name":"Michael Froseth","actor_username":"michael@southwellmedia.com","actor_via_sso":false,"log_type":"token"}', '2025-09-10 01:29:34.721621+00', ''),
	('00000000-0000-0000-0000-000000000000', 'fe8350db-d969-4f84-b519-90344f6ef406', '{"action":"token_refreshed","actor_id":"15a254fa-8ba8-45a3-946a-9ea31a1d596e","actor_name":"Michael Froseth","actor_username":"michael@southwellmedia.com","actor_via_sso":false,"log_type":"token"}', '2025-09-10 02:28:34.781649+00', ''),
	('00000000-0000-0000-0000-000000000000', '0dfce763-9c4b-4320-a640-19cc4de51ff0', '{"action":"token_revoked","actor_id":"15a254fa-8ba8-45a3-946a-9ea31a1d596e","actor_name":"Michael Froseth","actor_username":"michael@southwellmedia.com","actor_via_sso":false,"log_type":"token"}', '2025-09-10 02:28:34.78261+00', ''),
	('00000000-0000-0000-0000-000000000000', '90f0859a-4a9b-4d67-a8ec-a1431359affd', '{"action":"token_refreshed","actor_id":"15a254fa-8ba8-45a3-946a-9ea31a1d596e","actor_name":"Michael Froseth","actor_username":"michael@southwellmedia.com","actor_via_sso":false,"log_type":"token"}', '2025-09-10 03:27:34.714705+00', ''),
	('00000000-0000-0000-0000-000000000000', 'e8bc364e-b2a9-4706-a83c-0eb09db36123', '{"action":"token_revoked","actor_id":"15a254fa-8ba8-45a3-946a-9ea31a1d596e","actor_name":"Michael Froseth","actor_username":"michael@southwellmedia.com","actor_via_sso":false,"log_type":"token"}', '2025-09-10 03:27:34.716298+00', ''),
	('00000000-0000-0000-0000-000000000000', '5eecd991-bcf7-4f3a-9cdb-73e2fda02dd7', '{"action":"token_refreshed","actor_id":"15a254fa-8ba8-45a3-946a-9ea31a1d596e","actor_name":"Michael Froseth","actor_username":"michael@southwellmedia.com","actor_via_sso":false,"log_type":"token"}', '2025-09-10 11:42:29.709824+00', ''),
	('00000000-0000-0000-0000-000000000000', '3b5575cf-a161-4f72-b345-7a22059b0ddc', '{"action":"token_revoked","actor_id":"15a254fa-8ba8-45a3-946a-9ea31a1d596e","actor_name":"Michael Froseth","actor_username":"michael@southwellmedia.com","actor_via_sso":false,"log_type":"token"}', '2025-09-10 11:42:29.71084+00', ''),
	('00000000-0000-0000-0000-000000000000', '6ec6cf57-2f2e-4044-a854-65ebdb67574d', '{"action":"token_refreshed","actor_id":"15a254fa-8ba8-45a3-946a-9ea31a1d596e","actor_name":"Michael Froseth","actor_username":"michael@southwellmedia.com","actor_via_sso":false,"log_type":"token"}', '2025-09-10 14:05:21.859583+00', ''),
	('00000000-0000-0000-0000-000000000000', '0d747963-8dcd-47be-b4cc-190f0a9793ff', '{"action":"token_revoked","actor_id":"15a254fa-8ba8-45a3-946a-9ea31a1d596e","actor_name":"Michael Froseth","actor_username":"michael@southwellmedia.com","actor_via_sso":false,"log_type":"token"}', '2025-09-10 14:05:21.861114+00', ''),
	('00000000-0000-0000-0000-000000000000', 'fd3ec39e-a905-445d-8378-24bb5a18b59e', '{"action":"token_refreshed","actor_id":"15a254fa-8ba8-45a3-946a-9ea31a1d596e","actor_name":"Michael Froseth","actor_username":"michael@southwellmedia.com","actor_via_sso":false,"log_type":"token"}', '2025-09-10 14:05:21.89988+00', ''),
	('00000000-0000-0000-0000-000000000000', 'a572b6ec-f76d-49a1-93d5-fe45db1eb8be', '{"action":"token_refreshed","actor_id":"15a254fa-8ba8-45a3-946a-9ea31a1d596e","actor_name":"Michael Froseth","actor_username":"michael@southwellmedia.com","actor_via_sso":false,"log_type":"token"}', '2025-09-10 14:05:22.465127+00', ''),
	('00000000-0000-0000-0000-000000000000', '696eeeec-5be0-4257-9dab-e36c01b3d094', '{"action":"token_refreshed","actor_id":"15a254fa-8ba8-45a3-946a-9ea31a1d596e","actor_name":"Michael Froseth","actor_username":"michael@southwellmedia.com","actor_via_sso":false,"log_type":"token"}', '2025-09-10 14:05:22.531272+00', ''),
	('00000000-0000-0000-0000-000000000000', '38612724-0211-4de8-ac60-5781b40e2c9f', '{"action":"token_refreshed","actor_id":"15a254fa-8ba8-45a3-946a-9ea31a1d596e","actor_name":"Michael Froseth","actor_username":"michael@southwellmedia.com","actor_via_sso":false,"log_type":"token"}', '2025-09-10 14:05:22.582971+00', '');


--
-- Data for Name: flow_state; Type: TABLE DATA; Schema: auth; Owner: supabase_auth_admin
--



--
-- Data for Name: users; Type: TABLE DATA; Schema: auth; Owner: supabase_auth_admin
--

INSERT INTO "auth"."users" ("instance_id", "id", "aud", "role", "email", "encrypted_password", "email_confirmed_at", "invited_at", "confirmation_token", "confirmation_sent_at", "recovery_token", "recovery_sent_at", "email_change_token_new", "email_change", "email_change_sent_at", "last_sign_in_at", "raw_app_meta_data", "raw_user_meta_data", "is_super_admin", "created_at", "updated_at", "phone", "phone_confirmed_at", "phone_change", "phone_change_token", "phone_change_sent_at", "email_change_token_current", "email_change_confirm_status", "banned_until", "reauthentication_token", "reauthentication_sent_at", "is_sso_user", "deleted_at", "is_anonymous") VALUES
	('00000000-0000-0000-0000-000000000000', '15a254fa-8ba8-45a3-946a-9ea31a1d596e', 'authenticated', 'authenticated', 'michael@southwellmedia.com', '$2a$10$sLaPCrJiESlinKK89AzeuePU0F2rwkkGnPS/rEKcbM7Ij0EymUp3C', '2025-09-06 18:17:51.498265+00', '2025-09-06 18:17:10.482299+00', '', NULL, '', NULL, '', '', NULL, '2025-09-09 14:22:59.53068+00', '{"provider": "email", "providers": ["email"]}', '{"role": "admin", "full_name": "Michael Froseth", "email_verified": true, "invited_by_admin": true}', NULL, '2025-09-06 18:17:10.467623+00', '2025-09-10 14:05:21.864159+00', NULL, NULL, '', '', NULL, '', 0, NULL, '', NULL, false, NULL, false),
	('00000000-0000-0000-0000-000000000000', '9136a7c4-9535-4493-a5bf-c0c403f24ff0', 'authenticated', 'authenticated', 'hello@aethercms.com', '$2a$10$1ULMVwliozPyyTKXvJlEKOuWCiVUAHHbmrIdZkTap4gBnrRa/vUJ2', '2025-09-04 04:11:16.959516+00', '2025-09-04 04:11:00.449568+00', '', NULL, '', NULL, '', '', NULL, '2025-09-04 04:11:16.963424+00', '{"provider": "email", "providers": ["email"]}', '{"role": "admin", "full_name": "Michael John", "email_verified": true, "invited_by_admin": true}', NULL, '2025-09-04 04:11:00.432769+00', '2025-09-04 04:11:25.195768+00', NULL, NULL, '', '', NULL, '', 0, NULL, '', NULL, false, NULL, false),
	('00000000-0000-0000-0000-000000000000', '821cf797-33bb-4022-b172-ffd2794a0fdf', 'authenticated', 'authenticated', 'andrew@akhdigital.com', '$2a$10$dwp3fKdWya.PL3kVpVCmaeA5W0XITsrWAYQTrpXP/RIRYqI/l7nS6', '2025-09-04 17:54:16.62176+00', '2025-09-04 17:52:01.684718+00', '', NULL, '', NULL, '', '', NULL, '2025-09-08 16:47:38.258234+00', '{"provider": "email", "providers": ["email"]}', '{"role": "admin", "full_name": "Andrew Hood", "email_verified": true, "invited_by_admin": true}', NULL, '2025-09-04 17:52:01.679028+00', '2025-09-09 16:02:56.966604+00', NULL, NULL, '', '', NULL, '', 0, NULL, '', NULL, false, NULL, false),
	('00000000-0000-0000-0000-000000000000', '241d165f-cf6c-4836-97ae-8fe1152583d9', 'authenticated', 'authenticated', 'admin@phoneguys.com', '$2a$10$kd8MjfzGQ/tnK7u3p9I/Bu5WjfWQ3Eyy3K1vsMyepaJwZkJsmae6y', '2025-09-03 20:41:35.686387+00', NULL, '', NULL, '', NULL, '', '', NULL, '2025-09-06 12:55:49.769932+00', '{"provider": "email", "providers": ["email"]}', '{"email_verified": true}', NULL, '2025-09-03 20:41:35.679124+00', '2025-09-08 22:29:23.876031+00', NULL, NULL, '', '', NULL, '', 0, NULL, '', NULL, false, NULL, false);


--
-- Data for Name: identities; Type: TABLE DATA; Schema: auth; Owner: supabase_auth_admin
--

INSERT INTO "auth"."identities" ("provider_id", "user_id", "identity_data", "provider", "last_sign_in_at", "created_at", "updated_at", "id") VALUES
	('241d165f-cf6c-4836-97ae-8fe1152583d9', '241d165f-cf6c-4836-97ae-8fe1152583d9', '{"sub": "241d165f-cf6c-4836-97ae-8fe1152583d9", "email": "admin@phoneguys.com", "email_verified": false, "phone_verified": false}', 'email', '2025-09-03 20:41:35.682697+00', '2025-09-03 20:41:35.682728+00', '2025-09-03 20:41:35.682728+00', 'e5b8818a-d28f-49a3-8a7c-d5037a5a4fd3'),
	('9136a7c4-9535-4493-a5bf-c0c403f24ff0', '9136a7c4-9535-4493-a5bf-c0c403f24ff0', '{"sub": "9136a7c4-9535-4493-a5bf-c0c403f24ff0", "email": "hello@aethercms.com", "email_verified": true, "phone_verified": false}', 'email', '2025-09-04 04:11:00.446789+00', '2025-09-04 04:11:00.446896+00', '2025-09-04 04:11:00.446896+00', '3d149507-bf24-47b9-8872-890fcc60da14'),
	('821cf797-33bb-4022-b172-ffd2794a0fdf', '821cf797-33bb-4022-b172-ffd2794a0fdf', '{"sub": "821cf797-33bb-4022-b172-ffd2794a0fdf", "email": "andrew@akhdigital.com", "email_verified": true, "phone_verified": false}', 'email', '2025-09-04 17:52:01.683047+00', '2025-09-04 17:52:01.683097+00', '2025-09-04 17:52:01.683097+00', 'e45dc4ca-5691-420c-959b-51b593ed8b95'),
	('15a254fa-8ba8-45a3-946a-9ea31a1d596e', '15a254fa-8ba8-45a3-946a-9ea31a1d596e', '{"sub": "15a254fa-8ba8-45a3-946a-9ea31a1d596e", "email": "michael@southwellmedia.com", "email_verified": true, "phone_verified": false}', 'email', '2025-09-06 18:17:10.479585+00', '2025-09-06 18:17:10.479639+00', '2025-09-06 18:17:10.479639+00', '23660066-7e83-4fd2-9e13-16a0d483a209');


--
-- Data for Name: instances; Type: TABLE DATA; Schema: auth; Owner: supabase_auth_admin
--



--
-- Data for Name: sessions; Type: TABLE DATA; Schema: auth; Owner: supabase_auth_admin
--

INSERT INTO "auth"."sessions" ("id", "user_id", "created_at", "updated_at", "factor_id", "aal", "not_after", "refreshed_at", "user_agent", "ip", "tag") VALUES
	('fabf17ef-74b8-48dd-b989-de2d702d5410', '15a254fa-8ba8-45a3-946a-9ea31a1d596e', '2025-09-09 14:22:59.530778+00', '2025-09-10 14:05:22.584825+00', NULL, 'aal1', NULL, '2025-09-10 14:05:22.584752', 'Vercel Edge Functions', '3.144.154.88', NULL),
	('0de1ee49-30e5-4019-9f22-eb34fb04321d', '9136a7c4-9535-4493-a5bf-c0c403f24ff0', '2025-09-04 04:11:16.963493+00', '2025-09-04 04:11:16.963493+00', NULL, 'aal1', NULL, NULL, 'Mozilla/5.0 (Windows NT 10.0; Win64; x64) AppleWebKit/537.36 (KHTML, like Gecko) Chrome/141.0.0.0 Safari/537.36', '98.61.150.165', NULL),
	('9c1de054-12bf-4e41-8727-6938cf1aa43c', '821cf797-33bb-4022-b172-ffd2794a0fdf', '2025-09-05 20:29:59.949239+00', '2025-09-05 20:29:59.949239+00', NULL, 'aal1', NULL, NULL, 'Mozilla/5.0 (Macintosh; Intel Mac OS X 10_15_7) AppleWebKit/537.36 (KHTML, like Gecko) Chrome/139.0.0.0 Safari/537.36', '70.238.227.57', NULL),
	('8cdc24b4-0f2f-43ff-ae8f-f487253b8a4c', '821cf797-33bb-4022-b172-ffd2794a0fdf', '2025-09-08 16:47:38.258319+00', '2025-09-09 16:02:56.967957+00', NULL, 'aal1', NULL, '2025-09-09 16:02:56.967855', 'Vercel Edge Functions', '18.191.188.135', NULL);


--
-- Data for Name: mfa_amr_claims; Type: TABLE DATA; Schema: auth; Owner: supabase_auth_admin
--

INSERT INTO "auth"."mfa_amr_claims" ("session_id", "created_at", "updated_at", "authentication_method", "id") VALUES
	('0de1ee49-30e5-4019-9f22-eb34fb04321d', '2025-09-04 04:11:16.966279+00', '2025-09-04 04:11:16.966279+00', 'otp', '49aaac5f-4a05-4320-9a0c-c7f9e0f404ff'),
	('9c1de054-12bf-4e41-8727-6938cf1aa43c', '2025-09-05 20:29:59.951361+00', '2025-09-05 20:29:59.951361+00', 'password', '7d3a7e01-8195-42f2-99dc-1b0d27063224'),
	('8cdc24b4-0f2f-43ff-ae8f-f487253b8a4c', '2025-09-08 16:47:38.265836+00', '2025-09-08 16:47:38.265836+00', 'password', '70d6b529-b98d-4ec0-9124-37075cf2cccd'),
	('fabf17ef-74b8-48dd-b989-de2d702d5410', '2025-09-09 14:22:59.533487+00', '2025-09-09 14:22:59.533487+00', 'password', 'a4d4ad6a-2df2-4321-81f8-7c567a0ed1e6');


--
-- Data for Name: mfa_factors; Type: TABLE DATA; Schema: auth; Owner: supabase_auth_admin
--



--
-- Data for Name: mfa_challenges; Type: TABLE DATA; Schema: auth; Owner: supabase_auth_admin
--



--
-- Data for Name: oauth_clients; Type: TABLE DATA; Schema: auth; Owner: supabase_auth_admin
--



--
-- Data for Name: one_time_tokens; Type: TABLE DATA; Schema: auth; Owner: supabase_auth_admin
--



--
-- Data for Name: refresh_tokens; Type: TABLE DATA; Schema: auth; Owner: supabase_auth_admin
--

INSERT INTO "auth"."refresh_tokens" ("instance_id", "id", "token", "user_id", "revoked", "created_at", "updated_at", "parent", "session_id") VALUES
	('00000000-0000-0000-0000-000000000000', 159, 'saa2oqtxpf7m', '821cf797-33bb-4022-b172-ffd2794a0fdf', true, '2025-09-09 00:46:04.639352+00', '2025-09-09 16:02:56.964403+00', 'jpnaxndsrnnp', '8cdc24b4-0f2f-43ff-ae8f-f487253b8a4c'),
	('00000000-0000-0000-0000-000000000000', 157, 'jpnaxndsrnnp', '821cf797-33bb-4022-b172-ffd2794a0fdf', true, '2025-09-08 23:40:01.657843+00', '2025-09-09 00:46:04.638535+00', 'odoeawgdd5gh', '8cdc24b4-0f2f-43ff-ae8f-f487253b8a4c'),
	('00000000-0000-0000-0000-000000000000', 175, 'xxbztmfrdbnd', '15a254fa-8ba8-45a3-946a-9ea31a1d596e', true, '2025-09-09 15:22:10.375909+00', '2025-09-09 16:20:45.510251+00', 'dhjxnc3sx6vj', 'fabf17ef-74b8-48dd-b989-de2d702d5410'),
	('00000000-0000-0000-0000-000000000000', 177, 'zksoklmac7nc', '15a254fa-8ba8-45a3-946a-9ea31a1d596e', true, '2025-09-09 16:20:45.51113+00', '2025-09-09 20:35:47.307252+00', 'xxbztmfrdbnd', 'fabf17ef-74b8-48dd-b989-de2d702d5410'),
	('00000000-0000-0000-0000-000000000000', 179, 'y77fbzeypzz2', '15a254fa-8ba8-45a3-946a-9ea31a1d596e', true, '2025-09-09 21:34:32.521327+00', '2025-09-09 22:33:34.599583+00', 'yhmrimpds6jv', 'fabf17ef-74b8-48dd-b989-de2d702d5410'),
	('00000000-0000-0000-0000-000000000000', 181, 'blks74hxboau', '15a254fa-8ba8-45a3-946a-9ea31a1d596e', true, '2025-09-09 23:31:47.180011+00', '2025-09-10 00:30:34.622924+00', 'eucfz5ebxt3n', 'fabf17ef-74b8-48dd-b989-de2d702d5410'),
	('00000000-0000-0000-0000-000000000000', 183, 'u2lnhfogf73t', '15a254fa-8ba8-45a3-946a-9ea31a1d596e', true, '2025-09-10 01:29:34.722992+00', '2025-09-10 02:28:34.785655+00', 'cjh7qhmdyc5a', 'fabf17ef-74b8-48dd-b989-de2d702d5410'),
	('00000000-0000-0000-0000-000000000000', 185, 'dyxo2fmf6jxq', '15a254fa-8ba8-45a3-946a-9ea31a1d596e', true, '2025-09-10 03:27:34.717937+00', '2025-09-10 11:42:29.71148+00', 'ivvhlanl7mue', 'fabf17ef-74b8-48dd-b989-de2d702d5410'),
	('00000000-0000-0000-0000-000000000000', 16, 'oyxppt2oglpi', '9136a7c4-9535-4493-a5bf-c0c403f24ff0', false, '2025-09-04 04:11:16.964444+00', '2025-09-04 04:11:16.964444+00', NULL, '0de1ee49-30e5-4019-9f22-eb34fb04321d'),
	('00000000-0000-0000-0000-000000000000', 187, '535c5dyr6tns', '15a254fa-8ba8-45a3-946a-9ea31a1d596e', false, '2025-09-10 14:05:21.862809+00', '2025-09-10 14:05:21.862809+00', 'a42ohmnq33xp', 'fabf17ef-74b8-48dd-b989-de2d702d5410'),
	('00000000-0000-0000-0000-000000000000', 53, 'btaperse4vtn', '821cf797-33bb-4022-b172-ffd2794a0fdf', false, '2025-09-05 20:29:59.950116+00', '2025-09-05 20:29:59.950116+00', NULL, '9c1de054-12bf-4e41-8727-6938cf1aa43c'),
	('00000000-0000-0000-0000-000000000000', 155, 'odoeawgdd5gh', '821cf797-33bb-4022-b172-ffd2794a0fdf', true, '2025-09-08 22:41:01.553266+00', '2025-09-08 23:40:01.656929+00', 'eqb26giqjyam', '8cdc24b4-0f2f-43ff-ae8f-f487253b8a4c'),
	('00000000-0000-0000-0000-000000000000', 174, 'dhjxnc3sx6vj', '15a254fa-8ba8-45a3-946a-9ea31a1d596e', true, '2025-09-09 14:22:59.531702+00', '2025-09-09 15:22:10.375083+00', NULL, 'fabf17ef-74b8-48dd-b989-de2d702d5410'),
	('00000000-0000-0000-0000-000000000000', 176, 'zgy7hhggvdg7', '821cf797-33bb-4022-b172-ffd2794a0fdf', false, '2025-09-09 16:02:56.965273+00', '2025-09-09 16:02:56.965273+00', 'saa2oqtxpf7m', '8cdc24b4-0f2f-43ff-ae8f-f487253b8a4c'),
	('00000000-0000-0000-0000-000000000000', 178, 'yhmrimpds6jv', '15a254fa-8ba8-45a3-946a-9ea31a1d596e', true, '2025-09-09 20:35:47.308168+00', '2025-09-09 21:34:32.520435+00', 'zksoklmac7nc', 'fabf17ef-74b8-48dd-b989-de2d702d5410'),
	('00000000-0000-0000-0000-000000000000', 180, 'eucfz5ebxt3n', '15a254fa-8ba8-45a3-946a-9ea31a1d596e', true, '2025-09-09 22:33:34.600361+00', '2025-09-09 23:31:47.179212+00', 'y77fbzeypzz2', 'fabf17ef-74b8-48dd-b989-de2d702d5410'),
	('00000000-0000-0000-0000-000000000000', 182, 'cjh7qhmdyc5a', '15a254fa-8ba8-45a3-946a-9ea31a1d596e', true, '2025-09-10 00:30:34.623797+00', '2025-09-10 01:29:34.722217+00', 'blks74hxboau', 'fabf17ef-74b8-48dd-b989-de2d702d5410'),
	('00000000-0000-0000-0000-000000000000', 184, 'ivvhlanl7mue', '15a254fa-8ba8-45a3-946a-9ea31a1d596e', true, '2025-09-10 02:28:34.786571+00', '2025-09-10 03:27:34.717013+00', 'u2lnhfogf73t', 'fabf17ef-74b8-48dd-b989-de2d702d5410'),
	('00000000-0000-0000-0000-000000000000', 186, 'a42ohmnq33xp', '15a254fa-8ba8-45a3-946a-9ea31a1d596e', true, '2025-09-10 11:42:29.712249+00', '2025-09-10 14:05:21.861959+00', 'dyxo2fmf6jxq', 'fabf17ef-74b8-48dd-b989-de2d702d5410'),
	('00000000-0000-0000-0000-000000000000', 143, 'd2n7yxfp3b5o', '821cf797-33bb-4022-b172-ffd2794a0fdf', true, '2025-09-08 16:47:38.263589+00', '2025-09-08 17:46:30.370072+00', NULL, '8cdc24b4-0f2f-43ff-ae8f-f487253b8a4c'),
	('00000000-0000-0000-0000-000000000000', 145, 'lv3gz7ddoppz', '821cf797-33bb-4022-b172-ffd2794a0fdf', true, '2025-09-08 17:46:30.370993+00', '2025-09-08 18:45:52.328773+00', 'd2n7yxfp3b5o', '8cdc24b4-0f2f-43ff-ae8f-f487253b8a4c'),
	('00000000-0000-0000-0000-000000000000', 147, 'n27fx7uog26h', '821cf797-33bb-4022-b172-ffd2794a0fdf', true, '2025-09-08 18:45:52.329617+00', '2025-09-08 19:44:52.410003+00', 'lv3gz7ddoppz', '8cdc24b4-0f2f-43ff-ae8f-f487253b8a4c'),
	('00000000-0000-0000-0000-000000000000', 149, '6tguqf7bmbjm', '821cf797-33bb-4022-b172-ffd2794a0fdf', true, '2025-09-08 19:44:52.41084+00', '2025-09-08 20:43:24.563629+00', 'n27fx7uog26h', '8cdc24b4-0f2f-43ff-ae8f-f487253b8a4c'),
	('00000000-0000-0000-0000-000000000000', 151, 'h4y5xcyzekbj', '821cf797-33bb-4022-b172-ffd2794a0fdf', true, '2025-09-08 20:43:24.564472+00', '2025-09-08 21:42:01.528705+00', '6tguqf7bmbjm', '8cdc24b4-0f2f-43ff-ae8f-f487253b8a4c'),
	('00000000-0000-0000-0000-000000000000', 153, 'eqb26giqjyam', '821cf797-33bb-4022-b172-ffd2794a0fdf', true, '2025-09-08 21:42:01.529657+00', '2025-09-08 22:41:01.551931+00', 'h4y5xcyzekbj', '8cdc24b4-0f2f-43ff-ae8f-f487253b8a4c');


--
-- Data for Name: sso_providers; Type: TABLE DATA; Schema: auth; Owner: supabase_auth_admin
--



--
-- Data for Name: saml_providers; Type: TABLE DATA; Schema: auth; Owner: supabase_auth_admin
--



--
-- Data for Name: saml_relay_states; Type: TABLE DATA; Schema: auth; Owner: supabase_auth_admin
--



--
-- Data for Name: sso_domains; Type: TABLE DATA; Schema: auth; Owner: supabase_auth_admin
--



--
-- Data for Name: customers; Type: TABLE DATA; Schema: public; Owner: postgres
--

INSERT INTO "public"."customers" ("id", "name", "email", "phone", "created_at", "updated_at", "address", "city", "state", "zip_code", "notes", "total_orders", "total_spent", "is_active", "zip") VALUES
	('aaaaaaaa-aaaa-aaaa-aaaa-aaaaaaaaaaaa', 'Alice Johnson', 'alice.johnson@email.com', '555-0101', '2025-09-03 20:37:32.202521+00', '2025-09-03 20:37:32.202521+00', NULL, NULL, NULL, NULL, NULL, 0, 0.00, true, NULL),
	('bbbbbbbb-bbbb-bbbb-bbbb-bbbbbbbbbbbb', 'Bob Smith', 'bob.smith@email.com', '555-0102', '2025-09-03 20:37:32.202521+00', '2025-09-03 20:37:32.202521+00', NULL, NULL, NULL, NULL, NULL, 0, 0.00, true, NULL),
	('cccccccc-cccc-cccc-cccc-cccccccccccc', 'Charlie Brown', 'charlie.brown@email.com', '555-0103', '2025-09-03 20:37:32.202521+00', '2025-09-03 20:37:32.202521+00', NULL, NULL, NULL, NULL, NULL, 0, 0.00, true, NULL),
	('dddddddd-dddd-dddd-dddd-dddddddddddd', 'Diana Prince', 'diana.prince@email.com', '555-0104', '2025-09-03 20:37:32.202521+00', '2025-09-03 20:37:32.202521+00', NULL, NULL, NULL, NULL, NULL, 0, 0.00, true, NULL),
	('ffffffff-ffff-ffff-ffff-ffffffffffff', 'Fiona Green', 'fiona.green@email.com', '555-0106', '2025-09-03 20:37:32.202521+00', '2025-09-03 20:37:32.202521+00', NULL, NULL, NULL, NULL, NULL, 0, 0.00, true, NULL),
	('486abf9d-fe13-4fb1-a05e-38bae0be1bb4', 'Michael Froseth', 'michael@southwellmedia.com', '9455452608', '2025-09-03 21:28:28.892+00', '2025-09-03 21:29:46.477394+00', '805 Bluff Ave E', 'Shakopee', 'MN', '55379', 'Customer has an Apple iPhone 16 Pro Max', 0, 0.00, true, NULL),
	('37fb62cf-e4d7-4c68-8809-6d680b0e7de8', 'Alex Hernandez', 'andrew@akhdigital.com', '2146643825', '2025-09-05 20:25:20.662+00', '2025-09-05 20:25:20.803494+00', NULL, NULL, NULL, NULL, NULL, 0, 0.00, true, NULL),
	('daa5197e-28ba-4258-bcfb-0708dd06d5d5', 'Andrew Kelly Hood', 'hoodedsooner@gmail.com', '2146643825', '2025-09-05 20:32:46.022+00', '2025-09-05 20:32:46.156618+00', NULL, NULL, NULL, NULL, NULL, 0, 0.00, true, NULL),
	('cf9fa24e-6751-43e8-9b5d-ca07c3ac6d3d', 'John DuBois', 'john.dubois@gmail.com', '651-444-1515', '2025-09-06 12:19:04.816811+00', '2025-09-06 12:19:04.816811+00', NULL, NULL, NULL, NULL, NULL, 0, 0.00, true, NULL),
	('98376ca0-9d20-490a-b593-a4abd6524527', 'Archie Manning', 'archie@gmail.com', '817-201-0101', '2025-09-06 18:24:15.573426+00', '2025-09-06 18:24:15.573426+00', NULL, NULL, NULL, NULL, NULL, 0, 0.00, true, NULL),
	('9f57339b-9c4d-4d7c-aa5c-d2a6b4682afb', 'Jane DuBois', 'jane.dubois@gmail.com', '651-329-6745', '2025-09-09 15:33:54.673893+00', '2025-09-09 15:33:54.673893+00', '', '', '', NULL, NULL, 0, 0.00, true, ''),
	('1e46b6a2-f5a0-4ccf-85bc-72c7a061c216', 'Jane Doe', 'jane.doe@gmail.com', '651-329-0687', '2025-09-09 16:11:13.511635+00', '2025-09-09 16:11:13.511635+00', '', '', '', '', NULL, 0, 0.00, true, NULL);


--
-- Data for Name: manufacturers; Type: TABLE DATA; Schema: public; Owner: postgres
--

INSERT INTO "public"."manufacturers" ("id", "name", "logo_url", "country", "is_active", "total_repairs_count", "created_at", "updated_at") VALUES
	('72985891-6802-4a2f-bbdd-c8e618b78720', 'Samsung', NULL, 'South Korea', true, 0, '2025-09-03 20:37:32.166493+00', '2025-09-03 20:37:32.166493+00'),
	('f5c8fd8c-fe7b-470d-8bb7-48d65f245b93', 'Google', NULL, 'United States', true, 0, '2025-09-03 20:37:32.166493+00', '2025-09-03 20:37:32.166493+00'),
	('7cf66721-2bd7-4477-af09-ab080734c1bd', 'OnePlus', NULL, 'China', true, 0, '2025-09-03 20:37:32.166493+00', '2025-09-03 20:37:32.166493+00'),
	('0c9df595-89d4-452a-a2f3-58a534be1d82', 'Motorola', NULL, 'United States', true, 0, '2025-09-03 20:37:32.166493+00', '2025-09-03 20:37:32.166493+00'),
	('a6a192be-b2b0-4ee6-8043-4d32876c1ab4', 'LG', NULL, 'South Korea', true, 0, '2025-09-03 20:37:32.166493+00', '2025-09-03 20:37:32.166493+00'),
	('2baf0c99-fa0e-45bd-96b1-f6846444d053', 'Nokia', NULL, 'Finland', true, 0, '2025-09-03 20:37:32.166493+00', '2025-09-03 20:37:32.166493+00'),
	('85184b32-e1a5-41f0-aa00-690fe651ae7b', 'Sony', NULL, 'Japan', true, 0, '2025-09-03 20:37:32.166493+00', '2025-09-03 20:37:32.166493+00'),
	('37cfba03-153d-4aea-b354-f7c4d1d0af70', 'Huawei', NULL, 'China', true, 0, '2025-09-03 20:37:32.166493+00', '2025-09-03 20:37:32.166493+00'),
	('f689c4d6-f52f-475a-9c17-0c71a03a5b58', 'Xiaomi', NULL, 'China', true, 0, '2025-09-03 20:37:32.166493+00', '2025-09-03 20:37:32.166493+00'),
	('d2de89aa-1d2f-409e-8d2d-b41b468a7efb', 'Apple', NULL, 'United States', true, 2, '2025-09-03 20:37:32.166493+00', '2025-09-03 21:29:10.730347+00');


--
-- Data for Name: devices; Type: TABLE DATA; Schema: public; Owner: postgres
--

INSERT INTO "public"."devices" ("id", "manufacturer_id", "model_name", "model_number", "device_type", "release_year", "thumbnail_url", "image_url", "description", "specifications", "screen_size", "storage_options", "color_options", "common_issues", "average_repair_cost", "average_repair_time_hours", "parts_availability", "is_active", "total_repairs_count", "created_at", "updated_at", "brand", "model", "release_date", "colors", "storage_sizes", "popularity_score") VALUES
	('1248daac-dc36-45bf-a33b-fe22f32450d5', 'f5c8fd8c-fe7b-470d-8bb7-48d65f245b93', 'Pixel 8', NULL, 'smartphone', 2023, NULL, '/images/devices/google/pixel-8.png', NULL, '{}', NULL, '{}', '{}', '{}', NULL, NULL, 'available', true, 0, '2025-09-04 00:51:12.16235+00', '2025-09-10 13:30:10.981545+00', 'Google', 'Pixel 8', NULL, '[]', '[]', 0),
	('9c612b2e-7d9f-492b-873c-e6125dc68456', 'd2de89aa-1d2f-409e-8d2d-b41b468a7efb', 'iPhone SE 3rd Gen', NULL, 'smartphone', 2022, NULL, '/images/devices/iphone/iphone-se-3rd-gen.png', NULL, '{}', NULL, '{}', '{}', '{}', NULL, NULL, 'available', true, 0, '2025-09-04 00:51:11.905016+00', '2025-09-10 13:30:10.981545+00', 'Apple', 'iPhone SE 3rd Gen', NULL, '[]', '[]', 0),
	('0d162b2a-ef8f-478c-9558-809737b1771f', '72985891-6802-4a2f-bbdd-c8e618b78720', 'Galaxy S22+', NULL, 'smartphone', 2022, NULL, '/images/devices/samsung/galaxy-s22-plus.png', NULL, '{}', NULL, '{}', '{}', '{}', NULL, NULL, 'available', true, 0, '2025-09-04 00:51:12.070637+00', '2025-09-10 13:30:10.981545+00', 'Samsung', 'Galaxy S22+', NULL, '[]', '[]', 0),
	('9e8fd2f5-dba5-44b1-b791-d0dcbe2b5100', '72985891-6802-4a2f-bbdd-c8e618b78720', 'Galaxy S22', NULL, 'smartphone', 2022, NULL, '/images/devices/samsung/galaxy-s22.png', NULL, '{}', NULL, '{}', '{}', '{}', NULL, NULL, 'available', true, 0, '2025-09-04 00:51:12.078693+00', '2025-09-10 13:30:10.981545+00', 'Samsung', 'Galaxy S22', NULL, '[]', '[]', 0),
	('c5a0aba7-2f69-44bb-af69-76e3d1136c87', 'd2de89aa-1d2f-409e-8d2d-b41b468a7efb', 'iPhone 15 Pro', NULL, 'smartphone', 2023, 'https://egotypldqzdzjclikmeg.supabase.co/storage/v1/object/public/device-images/gallery-1756959555002.jpg', 'https://egotypldqzdzjclikmeg.supabase.co/storage/v1/object/public/device-images/gallery-1756959555002.jpg', NULL, '{}', NULL, '{}', '{}', '{}', NULL, NULL, 'available', true, 0, '2025-09-04 00:51:11.755191+00', '2025-09-10 13:30:10.981545+00', 'Apple', 'iPhone 15 Pro', NULL, '[]', '[]', 0),
	('80c45429-8436-4c9c-ad20-7ae09bd36ebd', 'd2de89aa-1d2f-409e-8d2d-b41b468a7efb', 'iPhone 14 Plus', NULL, 'smartphone', 2022, 'https://egotypldqzdzjclikmeg.supabase.co/storage/v1/object/public/device-images/iphone-14-plus.png', 'https://egotypldqzdzjclikmeg.supabase.co/storage/v1/object/public/device-images/iphone-14-plus.png', NULL, '{}', NULL, '{}', '{}', '{}', NULL, NULL, 'available', true, 0, '2025-09-04 00:51:11.802789+00', '2025-09-10 13:30:10.981545+00', 'Apple', 'iPhone 14 Plus', NULL, '[]', '[]', 0),
	('e66286bf-bc0c-442a-8e84-fd0beee81306', 'd2de89aa-1d2f-409e-8d2d-b41b468a7efb', 'iPhone SE 2nd Gen', NULL, 'smartphone', 2020, NULL, '/images/devices/iphone/iphone-se-2020.png', NULL, '{}', NULL, '{}', '{}', '{}', NULL, NULL, 'available', true, 0, '2025-09-04 00:51:11.912724+00', '2025-09-10 13:30:10.981545+00', 'Apple', 'iPhone SE 2nd Gen', NULL, '[]', '[]', 0),
	('6a2fb5f2-7068-46f5-8673-02112502e4c1', 'd2de89aa-1d2f-409e-8d2d-b41b468a7efb', 'iPhone XS', NULL, 'smartphone', 2018, NULL, '/images/devices/iphone/iphone-xs.png', NULL, '{}', NULL, '{}', '{}', '{}', NULL, NULL, 'limited', true, 0, '2025-09-04 00:51:11.929649+00', '2025-09-10 13:30:10.981545+00', 'Apple', 'iPhone XS', NULL, '[]', '[]', 0),
	('c813d3e2-9cde-4905-84a3-d3b58aeb6a39', 'd2de89aa-1d2f-409e-8d2d-b41b468a7efb', 'iPhone XR', NULL, 'smartphone', 2018, NULL, '/images/devices/iphone/iphone-xr.png', NULL, '{}', NULL, '{}', '{}', '{}', NULL, NULL, 'limited', true, 0, '2025-09-04 00:51:11.937423+00', '2025-09-10 13:30:10.981545+00', 'Apple', 'iPhone XR', NULL, '[]', '[]', 0),
	('d737b9c0-2b58-4bb7-a363-e61637fb3c9e', 'd2de89aa-1d2f-409e-8d2d-b41b468a7efb', 'iPhone X', NULL, 'smartphone', 2017, NULL, '/images/devices/iphone/iphone-x.png', NULL, '{}', NULL, '{}', '{}', '{}', NULL, NULL, 'limited', true, 0, '2025-09-04 00:51:11.94669+00', '2025-09-10 13:30:10.981545+00', 'Apple', 'iPhone X', NULL, '[]', '[]', 0),
	('8181ce81-f55e-4da7-985c-528575a980bf', 'd2de89aa-1d2f-409e-8d2d-b41b468a7efb', 'iPad Pro 12.9" (6th Gen)', NULL, 'tablet', 2022, NULL, '/images/devices/ipad/ipad-pro-12-9-2022.png', NULL, '{}', NULL, '{}', '{}', '{}', NULL, NULL, 'available', true, 0, '2025-09-04 00:51:11.956662+00', '2025-09-10 13:30:10.981545+00', 'Apple', 'iPad Pro 12.9" (6th Gen)', NULL, '[]', '[]', 0),
	('3a74b4f7-405f-407b-bb01-74706703163b', 'd2de89aa-1d2f-409e-8d2d-b41b468a7efb', 'iPad Pro 11" (4th Gen)', NULL, 'tablet', 2022, NULL, '/images/devices/ipad/ipad-pro-11-2022.png', NULL, '{}', NULL, '{}', '{}', '{}', NULL, NULL, 'available', true, 0, '2025-09-04 00:51:11.967073+00', '2025-09-10 13:30:10.981545+00', 'Apple', 'iPad Pro 11" (4th Gen)', NULL, '[]', '[]', 0),
	('1c2a5880-7e85-4dc0-8b5d-d9d8b79229d6', 'd2de89aa-1d2f-409e-8d2d-b41b468a7efb', 'iPad Air (5th Gen)', NULL, 'tablet', 2022, NULL, '/images/devices/ipad/ipad-air-5.png', NULL, '{}', NULL, '{}', '{}', '{}', NULL, NULL, 'available', true, 0, '2025-09-04 00:51:11.976823+00', '2025-09-10 13:30:10.981545+00', 'Apple', 'iPad Air (5th Gen)', NULL, '[]', '[]', 0),
	('b84a0ab0-31fd-442d-8c00-eb2a4719aede', 'd2de89aa-1d2f-409e-8d2d-b41b468a7efb', 'iPad (10th Gen)', NULL, 'tablet', 2022, NULL, '/images/devices/ipad/ipad-10.png', NULL, '{}', NULL, '{}', '{}', '{}', NULL, NULL, 'available', true, 0, '2025-09-04 00:51:11.984812+00', '2025-09-10 13:30:10.981545+00', 'Apple', 'iPad (10th Gen)', NULL, '[]', '[]', 0),
	('68e6a1de-c88c-4d04-b829-400846783518', 'd2de89aa-1d2f-409e-8d2d-b41b468a7efb', 'iPad (9th Gen)', NULL, 'tablet', 2021, NULL, '/images/devices/ipad/ipad-9.png', NULL, '{}', NULL, '{}', '{}', '{}', NULL, NULL, 'available', true, 0, '2025-09-04 00:51:11.993069+00', '2025-09-10 13:30:10.981545+00', 'Apple', 'iPad (9th Gen)', NULL, '[]', '[]', 0),
	('987fe210-2ebe-4142-bd84-f46612e3d6f9', 'd2de89aa-1d2f-409e-8d2d-b41b468a7efb', 'iPad Mini (6th Gen)', NULL, 'tablet', 2021, NULL, '/images/devices/ipad/ipad-mini-6.png', NULL, '{}', NULL, '{}', '{}', '{}', NULL, NULL, 'available', true, 0, '2025-09-04 00:51:12.001235+00', '2025-09-10 13:30:10.981545+00', 'Apple', 'iPad Mini (6th Gen)', NULL, '[]', '[]', 0),
	('1edf20c8-becf-4b2c-9002-598873eec5d4', '72985891-6802-4a2f-bbdd-c8e618b78720', 'Galaxy S24 Ultra', NULL, 'smartphone', 2024, NULL, '/images/devices/samsung/galaxy-s24-ultra.png', NULL, '{}', NULL, '{}', '{}', '{}', NULL, NULL, 'available', true, 0, '2025-09-04 00:51:12.009746+00', '2025-09-10 13:30:10.981545+00', 'Samsung', 'Galaxy S24 Ultra', NULL, '[]', '[]', 0),
	('54fc6df2-6d9d-425f-8b09-ccfde3d62d96', '72985891-6802-4a2f-bbdd-c8e618b78720', 'Galaxy S24+', NULL, 'smartphone', 2024, NULL, '/images/devices/samsung/galaxy-s24-plus.png', NULL, '{}', NULL, '{}', '{}', '{}', NULL, NULL, 'available', true, 0, '2025-09-04 00:51:12.01839+00', '2025-09-10 13:30:10.981545+00', 'Samsung', 'Galaxy S24+', NULL, '[]', '[]', 0),
	('2f3d59aa-4bac-4077-a164-9c315f0e5a95', '72985891-6802-4a2f-bbdd-c8e618b78720', 'Galaxy S24', NULL, 'smartphone', 2024, NULL, '/images/devices/samsung/galaxy-s24.png', NULL, '{}', NULL, '{}', '{}', '{}', NULL, NULL, 'available', true, 0, '2025-09-04 00:51:12.027737+00', '2025-09-10 13:30:10.981545+00', 'Samsung', 'Galaxy S24', NULL, '[]', '[]', 0),
	('e31c0e22-db46-4f01-ada5-db2bb99a7e32', '72985891-6802-4a2f-bbdd-c8e618b78720', 'Galaxy S23 Ultra', NULL, 'smartphone', 2023, NULL, '/images/devices/samsung/galaxy-s23-ultra.png', NULL, '{}', NULL, '{}', '{}', '{}', NULL, NULL, 'available', true, 0, '2025-09-04 00:51:12.036587+00', '2025-09-10 13:30:10.981545+00', 'Samsung', 'Galaxy S23 Ultra', NULL, '[]', '[]', 0),
	('32f0b940-9234-4da4-9f74-621a1db28c2f', '72985891-6802-4a2f-bbdd-c8e618b78720', 'Galaxy S23+', NULL, 'smartphone', 2023, NULL, '/images/devices/samsung/galaxy-s23-plus.png', NULL, '{}', NULL, '{}', '{}', '{}', NULL, NULL, 'available', true, 0, '2025-09-04 00:51:12.045409+00', '2025-09-10 13:30:10.981545+00', 'Samsung', 'Galaxy S23+', NULL, '[]', '[]', 0),
	('5b017724-1084-4b81-8ca1-a613882c984c', '72985891-6802-4a2f-bbdd-c8e618b78720', 'Galaxy S22 Ultra', NULL, 'smartphone', 2022, NULL, '/images/devices/samsung/galaxy-s22-ultra.png', NULL, '{}', NULL, '{}', '{}', '{}', NULL, NULL, 'available', true, 0, '2025-09-04 00:51:12.06221+00', '2025-09-10 13:30:10.981545+00', 'Samsung', 'Galaxy S22 Ultra', NULL, '[]', '[]', 0),
	('4a2c2b61-d804-4e7f-804a-e246f706ea5c', 'd2de89aa-1d2f-409e-8d2d-b41b468a7efb', 'iPhone 11 Pro', NULL, 'smartphone', 2019, NULL, 'https://egotypldqzdzjclikmeg.supabase.co/storage/v1/object/public/device-images/iphone-11-pro.png', NULL, '{}', NULL, '{}', '{}', '{}', NULL, NULL, 'limited', true, 0, '2025-09-04 00:51:11.889108+00', '2025-09-10 13:30:10.981545+00', 'Apple', 'iPhone 11 Pro', NULL, '[]', '[]', 0),
	('713b037c-ee80-4980-8626-97b322374765', 'd2de89aa-1d2f-409e-8d2d-b41b468a7efb', 'iPhone 14 Pro Max', NULL, 'smartphone', 2022, NULL, 'https://egotypldqzdzjclikmeg.supabase.co/storage/v1/object/public/device-images/iphone-14-pro-max.png', NULL, '{}', NULL, '{}', '{}', '{}', NULL, NULL, 'available', true, 2, '2025-09-04 00:51:11.785928+00', '2025-09-10 13:30:10.981545+00', 'Apple', 'iPhone 14 Pro Max', NULL, '[]', '[]', 0),
	('df53021d-125a-4a45-ae06-bbcb9a4d0685', 'd2de89aa-1d2f-409e-8d2d-b41b468a7efb', 'iPhone 12 Mini', NULL, 'smartphone', 2020, NULL, 'https://egotypldqzdzjclikmeg.supabase.co/storage/v1/object/public/device-images/iphone-12-mini.png', NULL, '{}', NULL, '{}', '{}', '{}', NULL, NULL, 'available', true, 0, '2025-09-04 00:51:11.873604+00', '2025-09-10 13:30:10.981545+00', 'Apple', 'iPhone 12 Mini', NULL, '[]', '[]', 0),
	('12084372-94ac-4731-bb05-6f0c4e455e9e', 'd2de89aa-1d2f-409e-8d2d-b41b468a7efb', 'iPhone 12 Pro', NULL, 'smartphone', 2020, NULL, 'https://egotypldqzdzjclikmeg.supabase.co/storage/v1/object/public/device-images/iphone-12-pro.png', NULL, '{}', NULL, '{}', '{}', '{}', NULL, NULL, 'available', true, 0, '2025-09-04 00:51:11.857664+00', '2025-09-10 13:30:10.981545+00', 'Apple', 'iPhone 12 Pro', NULL, '[]', '[]', 0),
	('4d1b544f-3d7f-4a27-8084-3849eefa871f', '72985891-6802-4a2f-bbdd-c8e618b78720', 'Galaxy A54', NULL, 'smartphone', NULL, 'https://egotypldqzdzjclikmeg.supabase.co/storage/v1/object/public/device-images/galaxy-a54.png', 'https://egotypldqzdzjclikmeg.supabase.co/storage/v1/object/public/device-images/galaxy-a54.png', NULL, '{}', NULL, '{}', '{}', '{}', NULL, NULL, 'limited', true, 0, '2025-09-04 00:51:12.130325+00', '2025-09-10 13:30:10.981545+00', 'Samsung', 'Galaxy A54', NULL, '[]', '[]', 0),
	('51b9657a-14f5-49f2-9ff7-38da551c6c17', 'd2de89aa-1d2f-409e-8d2d-b41b468a7efb', 'iPhone 12 Pro Max', NULL, 'smartphone', 2020, NULL, 'https://egotypldqzdzjclikmeg.supabase.co/storage/v1/object/public/device-images/iphone-12-pro-max.png', NULL, '{}', NULL, '{}', '{}', '{}', NULL, NULL, 'available', true, 0, '2025-09-04 00:51:11.849873+00', '2025-09-10 13:30:10.981545+00', 'Apple', 'iPhone 12 Pro Max', NULL, '[]', '[]', 0),
	('353c6276-55a5-40fc-a4c3-4673cb856895', 'd2de89aa-1d2f-409e-8d2d-b41b468a7efb', 'iPhone 13', NULL, 'smartphone', 2021, NULL, 'https://egotypldqzdzjclikmeg.supabase.co/storage/v1/object/public/device-images/iphone-13.png', NULL, '{}', NULL, '{}', '{}', '{}', NULL, NULL, 'available', true, 0, '2025-09-04 00:51:11.83494+00', '2025-09-10 13:30:10.981545+00', 'Apple', 'iPhone 13', NULL, '[]', '[]', 0),
	('2a19bd4f-46f9-41b5-a06a-927630f0d517', 'd2de89aa-1d2f-409e-8d2d-b41b468a7efb', 'iPhone 13 Pro Max', NULL, 'smartphone', 2021, NULL, 'https://egotypldqzdzjclikmeg.supabase.co/storage/v1/object/public/device-images/iphone-13-pro-max.png', NULL, '{}', NULL, '{}', '{}', '{}', NULL, NULL, 'available', true, 0, '2025-09-04 00:51:11.818855+00', '2025-09-10 13:30:10.981545+00', 'Apple', 'iPhone 13 Pro Max', NULL, '[]', '[]', 0),
	('e8566206-e592-45e7-9b2a-18ff33551306', 'd2de89aa-1d2f-409e-8d2d-b41b468a7efb', 'iPhone 14', NULL, 'smartphone', 2022, NULL, 'https://egotypldqzdzjclikmeg.supabase.co/storage/v1/object/public/device-images/iphone-14.png', NULL, '{}', NULL, '{}', '{}', '{}', NULL, NULL, 'available', true, 0, '2025-09-04 00:51:11.810843+00', '2025-09-10 13:30:10.981545+00', 'Apple', 'iPhone 14', NULL, '[]', '[]', 0),
	('374e9ed4-6394-47e0-98d9-fc0fbfc8744c', 'd2de89aa-1d2f-409e-8d2d-b41b468a7efb', 'iPhone 12', NULL, 'smartphone', 2020, NULL, 'https://egotypldqzdzjclikmeg.supabase.co/storage/v1/object/public/device-images/iphone-12.png', NULL, '{}', NULL, '{}', '{}', '{}', NULL, NULL, 'available', true, 1, '2025-09-04 00:51:11.865114+00', '2025-09-10 13:30:10.981545+00', 'Apple', 'iPhone 12', NULL, '[]', '[]', 0),
	('6122f4a8-e9ba-41cc-9710-d25ae10364a5', 'd2de89aa-1d2f-409e-8d2d-b41b468a7efb', 'iPhone 13 Pro', NULL, 'smartphone', 2021, 'https://egotypldqzdzjclikmeg.supabase.co/storage/v1/object/public/device-images/iphone-13-pro.png', 'https://egotypldqzdzjclikmeg.supabase.co/storage/v1/object/public/device-images/iphone-13-pro.png', NULL, '{}', NULL, '{}', '{}', '{}', NULL, NULL, 'available', true, 0, '2025-09-04 00:51:11.827269+00', '2025-09-10 13:30:10.981545+00', 'Apple', 'iPhone 13 Pro', NULL, '[]', '[]', 0),
	('b46db08f-b8a1-4f30-9ec8-e426a8233feb', 'd2de89aa-1d2f-409e-8d2d-b41b468a7efb', 'iPhone 15 Plus', NULL, 'smartphone', 2023, 'https://egotypldqzdzjclikmeg.supabase.co/storage/v1/object/public/device-images/gallery-1756959555002.jpg', 'https://egotypldqzdzjclikmeg.supabase.co/storage/v1/object/public/device-images/gallery-1756959555002.jpg', NULL, '{}', NULL, '{}', '{}', '{}', NULL, NULL, 'available', true, 0, '2025-09-04 00:51:11.767021+00', '2025-09-10 13:30:10.981545+00', 'Apple', 'iPhone 15 Plus', NULL, '[]', '[]', 0),
	('7ed6e2c1-5f1b-4043-a42e-5fc2e3e3a80e', '72985891-6802-4a2f-bbdd-c8e618b78720', 'Galaxy S23', NULL, 'smartphone', 2023, 'https://egotypldqzdzjclikmeg.supabase.co/storage/v1/object/public/device-images/galaxy-s23.png', 'https://egotypldqzdzjclikmeg.supabase.co/storage/v1/object/public/device-images/galaxy-s23.png', NULL, '{}', NULL, '{}', '{}', '{}', NULL, NULL, 'available', true, 1, '2025-09-04 00:51:12.053747+00', '2025-09-10 13:30:10.981545+00', 'Samsung', 'Galaxy S23', NULL, '[]', '[]', 0),
	('d2ba824d-4590-4348-9992-89b29a87e488', 'd2de89aa-1d2f-409e-8d2d-b41b468a7efb', 'iPhone 15', NULL, 'smartphone', 2023, 'https://egotypldqzdzjclikmeg.supabase.co/storage/v1/object/public/device-images/gallery-1756959555002.jpg', 'https://egotypldqzdzjclikmeg.supabase.co/storage/v1/object/public/device-images/gallery-1756959555002.jpg', NULL, '{}', NULL, '{}', '{}', '{}', NULL, NULL, 'available', true, 0, '2025-09-04 00:51:11.777297+00', '2025-09-10 13:30:10.981545+00', 'Apple', 'iPhone 15', NULL, '[]', '[]', 0),
	('134e8c18-4d9d-411e-a9ec-08afe7f6f4c3', '72985891-6802-4a2f-bbdd-c8e618b78720', 'Galaxy S21+', NULL, 'smartphone', 2021, NULL, '/images/devices/samsung/galaxy-s21-plus.png', NULL, '{}', NULL, '{}', '{}', '{}', NULL, NULL, 'available', true, 0, '2025-09-04 00:51:12.095866+00', '2025-09-10 13:30:10.981545+00', 'Samsung', 'Galaxy S21+', NULL, '[]', '[]', 0),
	('51cfd132-0acc-4d17-8405-dba8dd456470', '72985891-6802-4a2f-bbdd-c8e618b78720', 'Galaxy Z Fold 5', NULL, 'smartphone', 2023, NULL, '/images/devices/samsung/galaxy-z-fold-5.png', NULL, '{}', NULL, '{}', '{}', '{}', NULL, NULL, 'available', true, 0, '2025-09-04 00:51:12.113193+00', '2025-09-10 13:30:10.981545+00', 'Samsung', 'Galaxy Z Fold 5', NULL, '[]', '[]', 0),
	('7311ee43-8267-4c2a-82c3-02a8e6e72c93', '72985891-6802-4a2f-bbdd-c8e618b78720', 'Galaxy Z Flip 5', NULL, 'smartphone', 2023, NULL, '/images/devices/samsung/galaxy-z-flip-5.png', NULL, '{}', NULL, '{}', '{}', '{}', NULL, NULL, 'available', true, 0, '2025-09-04 00:51:12.121962+00', '2025-09-10 13:30:10.981545+00', 'Samsung', 'Galaxy Z Flip 5', NULL, '[]', '[]', 0),
	('3baa1791-aa95-4bf6-8617-62c5ceac3dce', 'f5c8fd8c-fe7b-470d-8bb7-48d65f245b93', 'Pixel 8 Pro', NULL, 'smartphone', 2023, NULL, '/images/devices/google/pixel-8-pro.png', NULL, '{}', NULL, '{}', '{}', '{}', NULL, NULL, 'available', true, 0, '2025-09-04 00:51:12.15397+00', '2025-09-10 13:30:10.981545+00', 'Google', 'Pixel 8 Pro', NULL, '[]', '[]', 0),
	('54c6e205-5b07-46fb-8621-8dc5e5974850', 'f5c8fd8c-fe7b-470d-8bb7-48d65f245b93', 'Pixel 7 Pro', NULL, 'smartphone', 2022, NULL, '/images/devices/google/pixel-7-pro.png', NULL, '{}', NULL, '{}', '{}', '{}', NULL, NULL, 'available', true, 0, '2025-09-04 00:51:12.170201+00', '2025-09-10 13:30:10.981545+00', 'Google', 'Pixel 7 Pro', NULL, '[]', '[]', 0),
	('1e9ef28f-7631-4966-971f-80d9b09650d6', 'f5c8fd8c-fe7b-470d-8bb7-48d65f245b93', 'Pixel 7', NULL, 'smartphone', 2022, NULL, '/images/devices/google/pixel-7.png', NULL, '{}', NULL, '{}', '{}', '{}', NULL, NULL, 'available', true, 0, '2025-09-04 00:51:12.17817+00', '2025-09-10 13:30:10.981545+00', 'Google', 'Pixel 7', NULL, '[]', '[]', 0),
	('5eae8aeb-eee0-46b1-905d-772fc89cb375', 'f5c8fd8c-fe7b-470d-8bb7-48d65f245b93', 'Pixel 7a', NULL, 'smartphone', 2022, NULL, '/images/devices/google/pixel-7a.png', NULL, '{}', NULL, '{}', '{}', '{}', NULL, NULL, 'available', true, 0, '2025-09-04 00:51:12.185825+00', '2025-09-10 13:30:10.981545+00', 'Google', 'Pixel 7a', NULL, '[]', '[]', 0),
	('01aab7f2-e905-4018-9d91-79e02317e7bd', 'f5c8fd8c-fe7b-470d-8bb7-48d65f245b93', 'Pixel 6 Pro', NULL, 'smartphone', 2021, NULL, '/images/devices/google/25-05-2022-1653481380pixel-6-pro.png', NULL, '{}', NULL, '{}', '{}', '{}', NULL, NULL, 'available', true, 0, '2025-09-04 00:51:12.193657+00', '2025-09-10 13:30:10.981545+00', 'Google', 'Pixel 6 Pro', NULL, '[]', '[]', 0),
	('9d4d69d6-625a-4e6c-9bb1-af9595018733', 'f5c8fd8c-fe7b-470d-8bb7-48d65f245b93', 'Pixel 6', NULL, 'smartphone', 2021, NULL, '/images/devices/google/25-05-2022-1653481364pixel-6.png', NULL, '{}', NULL, '{}', '{}', '{}', NULL, NULL, 'available', true, 0, '2025-09-04 00:51:12.201845+00', '2025-09-10 13:30:10.981545+00', 'Google', 'Pixel 6', NULL, '[]', '[]', 0),
	('cce52535-91c0-4a50-b933-7b99159d6ba5', 'f5c8fd8c-fe7b-470d-8bb7-48d65f245b93', 'Pixel 6a', NULL, 'smartphone', 2021, NULL, '/images/devices/google/pixel-6a.png', NULL, '{}', NULL, '{}', '{}', '{}', NULL, NULL, 'available', true, 0, '2025-09-04 00:51:12.209803+00', '2025-09-10 13:30:10.981545+00', 'Google', 'Pixel 6a', NULL, '[]', '[]', 0),
	('b9256390-92e6-4967-9336-956f0a41fede', 'f5c8fd8c-fe7b-470d-8bb7-48d65f245b93', 'Pixel 5a', NULL, 'smartphone', 2020, NULL, '/images/devices/google/25-05-2022-1653481348pixel-5a.png', NULL, '{}', NULL, '{}', '{}', '{}', NULL, NULL, 'available', true, 0, '2025-09-04 00:51:12.217874+00', '2025-09-10 13:30:10.981545+00', 'Google', 'Pixel 5a', NULL, '[]', '[]', 0),
	('4b607e22-737c-442f-ba47-d22b42260cb1', 'f5c8fd8c-fe7b-470d-8bb7-48d65f245b93', 'Pixel 5', NULL, 'smartphone', 2020, NULL, '/images/devices/google/25-05-2022-1653481311pixel-5.png', NULL, '{}', NULL, '{}', '{}', '{}', NULL, NULL, 'available', true, 0, '2025-09-04 00:51:12.225376+00', '2025-09-10 13:30:10.981545+00', 'Google', 'Pixel 5', NULL, '[]', '[]', 0),
	('25e8a9b2-e94c-4907-b0e2-78a089e9029f', 'f5c8fd8c-fe7b-470d-8bb7-48d65f245b93', 'Pixel 4a', NULL, 'smartphone', 2019, NULL, '/images/devices/google/25-05-2022-1653481274pixel-4a.png', NULL, '{}', NULL, '{}', '{}', '{}', NULL, NULL, 'limited', true, 0, '2025-09-04 00:51:12.233676+00', '2025-09-10 13:30:10.981545+00', 'Google', 'Pixel 4a', NULL, '[]', '[]', 0),
	('9cbac068-784b-4bcc-b315-c084b45cfcb1', 'f5c8fd8c-fe7b-470d-8bb7-48d65f245b93', 'Pixel 4 XL', NULL, 'smartphone', 2019, NULL, '/images/devices/google/25-05-2022-1653481206pixel-4-xl.png', NULL, '{}', NULL, '{}', '{}', '{}', NULL, NULL, 'limited', true, 0, '2025-09-04 00:51:12.242753+00', '2025-09-10 13:30:10.981545+00', 'Google', 'Pixel 4 XL', NULL, '[]', '[]', 0),
	('536f189a-af34-4591-b88a-f6122216c754', '7cf66721-2bd7-4477-af09-ab080734c1bd', 'OnePlus 12', NULL, 'smartphone', 2024, NULL, '/images/devices/oneplus/oneplus-12.png', NULL, '{}', NULL, '{}', '{}', '{}', NULL, NULL, 'available', true, 0, '2025-09-04 00:51:12.251667+00', '2025-09-10 13:30:10.981545+00', 'OnePlus', 'OnePlus 12', NULL, '[]', '[]', 0),
	('82f1047e-f404-494c-a5c9-7a42d4feebcf', '7cf66721-2bd7-4477-af09-ab080734c1bd', 'OnePlus 11', NULL, 'smartphone', 2023, NULL, '/images/devices/oneplus/oneplus-11.png', NULL, '{}', NULL, '{}', '{}', '{}', NULL, NULL, 'available', true, 0, '2025-09-04 00:51:12.260575+00', '2025-09-10 13:30:10.981545+00', 'OnePlus', 'OnePlus 11', NULL, '[]', '[]', 0),
	('fa0dce35-0945-49e1-9388-9755acb4bcea', '7cf66721-2bd7-4477-af09-ab080734c1bd', 'OnePlus Nord 3', NULL, 'smartphone', NULL, NULL, '/images/devices/oneplus/oneplus-nord-3.png', NULL, '{}', NULL, '{}', '{}', '{}', NULL, NULL, 'limited', true, 0, '2025-09-04 00:51:12.269318+00', '2025-09-10 13:30:10.981545+00', 'OnePlus', 'OnePlus Nord 3', NULL, '[]', '[]', 0),
	('4432f6b8-c544-4a59-a975-bd2f1a8f357c', '7cf66721-2bd7-4477-af09-ab080734c1bd', 'OnePlus 10 Pro', NULL, 'smartphone', 2022, NULL, '/images/devices/oneplus/oneplus-10-pro.png', NULL, '{}', NULL, '{}', '{}', '{}', NULL, NULL, 'available', true, 0, '2025-09-04 00:51:12.277819+00', '2025-09-10 13:30:10.981545+00', 'OnePlus', 'OnePlus 10 Pro', NULL, '[]', '[]', 0),
	('28f7a543-aee5-485d-9651-39bac1c70515', '7cf66721-2bd7-4477-af09-ab080734c1bd', 'OnePlus 10T', NULL, 'smartphone', 2022, NULL, '/images/devices/oneplus/oneplus-10t.png', NULL, '{}', NULL, '{}', '{}', '{}', NULL, NULL, 'available', true, 0, '2025-09-04 00:51:12.287399+00', '2025-09-10 13:30:10.981545+00', 'OnePlus', 'OnePlus 10T', NULL, '[]', '[]', 0),
	('3751ce1a-d4e2-46c0-bf2a-8b7b2d16d67a', '72985891-6802-4a2f-bbdd-c8e618b78720', 'Galaxy S21 Ultra', NULL, 'smartphone', 2021, NULL, 'https://egotypldqzdzjclikmeg.supabase.co/storage/v1/object/public/device-images/galaxy-s21-ultra.png', NULL, '{}', NULL, '{}', '{}', '{}', NULL, NULL, 'available', true, 0, '2025-09-04 00:51:12.087367+00', '2025-09-10 13:30:10.981545+00', 'Samsung', 'Galaxy S21 Ultra', NULL, '[]', '[]', 0),
	('35c3b906-c38f-4f23-a91c-19160ef36dbf', 'd2de89aa-1d2f-409e-8d2d-b41b468a7efb', 'iPhone 11', NULL, 'smartphone', 2019, NULL, 'https://egotypldqzdzjclikmeg.supabase.co/storage/v1/object/public/device-images/iphone-11.png', NULL, '{}', NULL, '{}', '{}', '{}', NULL, NULL, 'limited', true, 0, '2025-09-04 00:51:11.897257+00', '2025-09-10 13:30:10.981545+00', 'Apple', 'iPhone 11', NULL, '[]', '[]', 0),
	('70fead5b-b26e-40be-b30d-f1a22800519d', 'd2de89aa-1d2f-409e-8d2d-b41b468a7efb', 'iPhone 11 Pro Max', NULL, 'smartphone', 2019, NULL, 'https://egotypldqzdzjclikmeg.supabase.co/storage/v1/object/public/device-images/iphone-11-pro-max.png', NULL, '{}', NULL, '{}', '{}', '{}', NULL, NULL, 'limited', true, 0, '2025-09-04 00:51:11.881373+00', '2025-09-10 13:30:10.981545+00', 'Apple', 'iPhone 11 Pro Max', NULL, '[]', '[]', 0),
	('8fe8860d-a8fb-4bd2-bb61-9c984573304d', 'd2de89aa-1d2f-409e-8d2d-b41b468a7efb', 'iPhone 13 Mini', NULL, 'smartphone', 2021, NULL, 'https://egotypldqzdzjclikmeg.supabase.co/storage/v1/object/public/device-images/iphone-13-mini.png', NULL, '{}', NULL, '{}', '{}', '{}', NULL, NULL, 'available', true, 0, '2025-09-04 00:51:11.842127+00', '2025-09-10 13:30:10.981545+00', 'Apple', 'iPhone 13 Mini', NULL, '[]', '[]', 0),
	('d28974f7-ca7c-4116-985d-8c44dc2b4332', 'd2de89aa-1d2f-409e-8d2d-b41b468a7efb', 'iPhone 15 Pro Max', NULL, 'smartphone', 2023, 'https://egotypldqzdzjclikmeg.supabase.co/storage/v1/object/public/device-images/gallery-1756959555002.jpg', 'https://egotypldqzdzjclikmeg.supabase.co/storage/v1/object/public/device-images/gallery-1756959555002.jpg', NULL, '{}', NULL, '{}', '{}', '{}', NULL, NULL, 'available', true, 1, '2025-09-04 00:51:11.740854+00', '2025-09-10 13:30:10.981545+00', 'Apple', 'iPhone 15 Pro Max', NULL, '[]', '[]', 0),
	('df2e9185-4bb7-431b-9037-99615d92608c', 'd2de89aa-1d2f-409e-8d2d-b41b468a7efb', 'iPhone XS Max', NULL, 'smartphone', 2018, NULL, 'https://egotypldqzdzjclikmeg.supabase.co/storage/v1/object/public/device-images/iphone-xs-max.png', NULL, '{}', NULL, '{}', '{}', '{}', NULL, NULL, 'limited', true, 0, '2025-09-04 00:51:11.921125+00', '2025-09-10 13:30:10.981545+00', 'Apple', 'iPhone XS Max', NULL, '[]', '[]', 0),
	('eabcc0ae-71dc-491a-b06f-5c81e645568b', '72985891-6802-4a2f-bbdd-c8e618b78720', 'Galaxy A14', NULL, 'smartphone', 2025, NULL, 'https://egotypldqzdzjclikmeg.supabase.co/storage/v1/object/public/device-images/gallery-1757007556458.png', NULL, '{}', NULL, '{}', '{}', '{}', NULL, NULL, 'limited', true, 0, '2025-09-04 00:51:12.145942+00', '2025-09-10 13:30:10.981545+00', 'Samsung', 'Galaxy A14', NULL, '[]', '[]', 0),
	('e7920037-f882-4eb3-b3dd-febeb0209156', '72985891-6802-4a2f-bbdd-c8e618b78720', 'Galaxy A34', NULL, 'smartphone', NULL, 'https://egotypldqzdzjclikmeg.supabase.co/storage/v1/object/public/device-images/galaxy-a34.png', 'https://egotypldqzdzjclikmeg.supabase.co/storage/v1/object/public/device-images/galaxy-a34.png', NULL, '{}', NULL, '{}', '{}', '{}', NULL, NULL, 'limited', true, 0, '2025-09-04 00:51:12.137978+00', '2025-09-10 13:30:10.981545+00', 'Samsung', 'Galaxy A34', NULL, '[]', '[]', 0),
	('763b4454-ce8d-4a91-8144-ce0bcdf72ce7', 'd2de89aa-1d2f-409e-8d2d-b41b468a7efb', 'iPhone 14 Pro', NULL, 'smartphone', 2022, NULL, 'https://egotypldqzdzjclikmeg.supabase.co/storage/v1/object/public/device-images/iphone-14-pro.png', NULL, '{}', NULL, '{}', '{}', '{}', NULL, NULL, 'available', true, 2, '2025-09-04 00:51:11.794603+00', '2025-09-10 13:30:10.981545+00', 'Apple', 'iPhone 14 Pro', NULL, '[]', '[]', 0),
	('c58874c4-abc7-4a10-bb59-0de9e3927292', '72985891-6802-4a2f-bbdd-c8e618b78720', 'Galaxy S21', NULL, 'smartphone', 2021, 'https://egotypldqzdzjclikmeg.supabase.co/storage/v1/object/public/device-images/galaxy-s21.png', 'https://egotypldqzdzjclikmeg.supabase.co/storage/v1/object/public/device-images/galaxy-s21.png', NULL, '{}', NULL, '{}', '{}', '{}', NULL, NULL, 'available', true, 1, '2025-09-04 00:51:12.104512+00', '2025-09-10 13:30:10.981545+00', 'Samsung', 'Galaxy S21', NULL, '[]', '[]', 0),
	('372358d9-2422-4d30-a6bf-0ac74a393d2c', 'd2de89aa-1d2f-409e-8d2d-b41b468a7efb', 'iPhone 16 Pro Max', '02A0', 'smartphone', 2024, 'https://egotypldqzdzjclikmeg.supabase.co/storage/v1/object/public/device-images/iphone-16-pro-max.jpg', 'https://egotypldqzdzjclikmeg.supabase.co/storage/v1/object/public/device-images/gallery-1756959555002.jpg', NULL, '{}', NULL, '{}', '{}', '{}', NULL, NULL, NULL, true, 2, '2025-09-04 00:56:58.893061+00', '2025-09-10 13:30:10.981545+00', 'Apple', 'iPhone 16 Pro Max', NULL, '[]', '[]', 0);


--
-- Data for Name: customer_devices; Type: TABLE DATA; Schema: public; Owner: postgres
--

INSERT INTO "public"."customer_devices" ("id", "customer_id", "device_id", "serial_number", "imei", "color", "storage_size", "nickname", "purchase_date", "warranty_expires", "condition", "previous_repairs", "notes", "is_primary", "is_active", "created_at", "updated_at") VALUES
	('4da971fa-45eb-4e9b-af33-e03f7a358c6e', '486abf9d-fe13-4fb1-a05e-38bae0be1bb4', '372358d9-2422-4d30-a6bf-0ac74a393d2c', 'SNLORQSAGU', '305087970722198', 'White', '32GB', NULL, NULL, NULL, 'broken', '[]', NULL, true, true, '2025-09-04 01:07:26.902001+00', '2025-09-04 01:30:24.913735+00'),
	('1b7929fc-80f1-44d0-b010-0dd1afabcfee', '486abf9d-fe13-4fb1-a05e-38bae0be1bb4', '372358d9-2422-4d30-a6bf-0ac74a393d2c', 'SND1SIK97J', '918278985913105', 'Silver', '64GB', NULL, NULL, NULL, NULL, '[]', NULL, false, true, '2025-09-04 01:42:13.319289+00', '2025-09-04 01:42:13.319289+00'),
	('74947b2d-e133-4bf3-a63d-a16fda417ccf', 'bbbbbbbb-bbbb-bbbb-bbbb-bbbbbbbbbbbb', '7ed6e2c1-5f1b-4043-a42e-5fc2e3e3a80e', 'R3CR40ABCDE', '356938108542179', 'White', '64GB', NULL, NULL, NULL, 'poor', '[]', NULL, true, true, '2025-09-04 03:55:21.906681+00', '2025-09-04 04:35:37.413396+00'),
	('f8eef5d3-cee1-43dc-a213-d35ce733b212', 'cccccccc-cccc-cccc-cccc-cccccccccccc', '713b037c-ee80-4980-8626-97b322374765', 'SNA75Q5ALE', '451542591652440', 'Gold', '32GB', NULL, NULL, NULL, NULL, '[]', NULL, false, true, '2025-09-04 05:10:52.624425+00', '2025-09-04 05:10:52.624425+00'),
	('494aede7-bfae-49b8-8a78-17ada23ed483', 'cccccccc-cccc-cccc-cccc-cccccccccccc', '713b037c-ee80-4980-8626-97b322374765', 'SNKM7FVOI4', '117190356708916', 'White', '32GB', NULL, NULL, NULL, NULL, '[]', NULL, false, true, '2025-09-04 05:11:11.64194+00', '2025-09-04 05:11:11.64194+00'),
	('7e4132a3-6a07-4d88-a697-394be419edef', 'cccccccc-cccc-cccc-cccc-cccccccccccc', '713b037c-ee80-4980-8626-97b322374765', 'SNICANU7CZ', '886192510571788', 'Gold', '32GB', NULL, NULL, NULL, 'poor', '[]', NULL, false, true, '2025-09-04 05:10:36.853289+00', '2025-09-04 05:11:43.752757+00'),
	('e12831a4-3e53-4f60-aee1-f95159c5552c', '37fb62cf-e4d7-4c68-8809-6d680b0e7de8', 'eabcc0ae-71dc-491a-b06f-5c81e645568b', 'SNC9C9JS6YQT', '356989079848725', 'Black', '64GB', NULL, NULL, NULL, 'good', '[]', NULL, false, true, '2025-09-05 20:28:45.949712+00', '2025-09-05 20:28:45.949712+00'),
	('2865df31-6002-42de-993d-8026113a3672', 'daa5197e-28ba-4258-bcfb-0708dd06d5d5', '763b4454-ce8d-4a91-8144-ce0bcdf72ce7', 'SN9GHHY2KASF', '356989070172519', 'Green', '512GB', NULL, NULL, NULL, 'good', '[]', NULL, false, true, '2025-09-05 20:32:46.613285+00', '2025-09-05 20:32:46.613285+00'),
	('1b210bbf-802d-4888-8667-b0f3143a8530', 'cf9fa24e-6751-43e8-9b5d-ca07c3ac6d3d', 'd28974f7-ca7c-4116-985d-8c44dc2b4332', 'SNAIDURDUNAW', '356989071181075', 'Gold', '32GB', NULL, NULL, NULL, 'good', '[]', NULL, false, true, '2025-09-06 12:19:05.017883+00', '2025-09-06 12:19:05.017883+00'),
	('e95c7d12-c987-4f49-9026-23ae4b230a7c', '98376ca0-9d20-490a-b593-a4abd6524527', '372358d9-2422-4d30-a6bf-0ac74a393d2c', 'SN11XQF64FMF', '356989076639129', 'Burnt Orange', '32GB', NULL, NULL, NULL, 'good', '[]', NULL, false, true, '2025-09-06 18:24:15.722839+00', '2025-09-06 18:24:15.722839+00'),
	('2d7d6f5f-76a2-4843-8455-6c0549c75ead', '1e46b6a2-f5a0-4ccf-85bc-72c7a061c216', '372358d9-2422-4d30-a6bf-0ac74a393d2c', NULL, NULL, NULL, NULL, NULL, NULL, NULL, NULL, '[]', NULL, false, true, '2025-09-09 16:12:11.370327+00', '2025-09-09 16:12:11.370327+00');


--
-- Data for Name: device_models; Type: TABLE DATA; Schema: public; Owner: postgres
--

INSERT INTO "public"."device_models" ("id", "manufacturer_id", "model_name", "model_number", "release_year", "device_type", "is_active", "total_repairs_count", "common_issues", "average_repair_time_hours", "typical_repair_cost", "image_url", "specifications", "created_at", "updated_at") VALUES
	('66a7899c-15d4-416f-9560-1f72b40ab43c', 'd2de89aa-1d2f-409e-8d2d-b41b468a7efb', 'iPad Air', NULL, 2023, 'tablet', true, 0, '{screen_crack,software_issue}', NULL, NULL, NULL, NULL, '2025-09-03 20:37:32.166493+00', '2025-09-03 20:37:32.166493+00'),
	('6dcdfbca-325f-4188-b75b-2af25dfafeb0', 'd2de89aa-1d2f-409e-8d2d-b41b468a7efb', 'iPad Pro 12.9', NULL, 2023, 'tablet', true, 0, '{screen_crack,charging_port}', NULL, NULL, NULL, NULL, '2025-09-03 20:37:32.166493+00', '2025-09-03 20:37:32.166493+00'),
	('ce3433cd-e241-40d0-97d0-dd46fc68625e', 'd2de89aa-1d2f-409e-8d2d-b41b468a7efb', 'iPhone 13', NULL, 2021, 'smartphone', true, 0, '{screen_crack,battery_issue}', NULL, NULL, NULL, NULL, '2025-09-03 20:37:32.166493+00', '2025-09-03 20:37:32.166493+00'),
	('11715faf-2474-4d41-b77c-d2302127282e', 'd2de89aa-1d2f-409e-8d2d-b41b468a7efb', 'iPhone 14', NULL, 2022, 'smartphone', true, 0, '{screen_crack,battery_issue}', NULL, NULL, NULL, NULL, '2025-09-03 20:37:32.166493+00', '2025-09-03 20:37:32.166493+00'),
	('7c2b7bcf-3090-4007-b5b5-8e2d07d73786', 'd2de89aa-1d2f-409e-8d2d-b41b468a7efb', 'iPhone 14 Pro', NULL, 2022, 'smartphone', true, 0, '{screen_crack,battery_issue}', NULL, NULL, NULL, NULL, '2025-09-03 20:37:32.166493+00', '2025-09-03 20:37:32.166493+00'),
	('600eeecd-1527-461d-b4d5-2d14848a9820', 'd2de89aa-1d2f-409e-8d2d-b41b468a7efb', 'iPhone 15', NULL, 2023, 'smartphone', true, 0, '{screen_crack,battery_issue}', NULL, NULL, NULL, NULL, '2025-09-03 20:37:32.166493+00', '2025-09-03 20:37:32.166493+00'),
	('5564edda-b054-4d74-9e38-1fe0c5c22e20', 'd2de89aa-1d2f-409e-8d2d-b41b468a7efb', 'iPhone 15 Pro', NULL, 2023, 'smartphone', true, 0, '{screen_crack,battery_issue}', NULL, NULL, NULL, NULL, '2025-09-03 20:37:32.166493+00', '2025-09-03 20:37:32.166493+00'),
	('f1f5e8ab-7fc7-4956-aa1c-1ead4a1840f9', '72985891-6802-4a2f-bbdd-c8e618b78720', 'Galaxy Z Flip 5', NULL, 2023, 'smartphone', true, 0, '{screen_crack,hinge_issue}', NULL, NULL, NULL, NULL, '2025-09-03 20:37:32.166493+00', '2025-09-03 20:37:32.166493+00'),
	('afda5981-501f-4e6a-9575-22a053c4cfad', '72985891-6802-4a2f-bbdd-c8e618b78720', 'Galaxy Z Fold 5', NULL, 2023, 'smartphone', true, 0, '{screen_crack,hinge_issue}', NULL, NULL, NULL, NULL, '2025-09-03 20:37:32.166493+00', '2025-09-03 20:37:32.166493+00'),
	('e092dc2b-8f13-43af-90ab-46e72652f2c9', '72985891-6802-4a2f-bbdd-c8e618b78720', 'Galaxy S23', NULL, 2023, 'smartphone', true, 0, '{screen_crack,battery_issue}', NULL, NULL, NULL, NULL, '2025-09-03 20:37:32.166493+00', '2025-09-03 20:37:32.166493+00'),
	('9ef9e83b-1e16-4596-9cc7-b5651a288fcd', '72985891-6802-4a2f-bbdd-c8e618b78720', 'Galaxy S23 Ultra', NULL, 2023, 'smartphone', true, 0, '{screen_crack,camera_issue}', NULL, NULL, NULL, NULL, '2025-09-03 20:37:32.166493+00', '2025-09-03 20:37:32.166493+00'),
	('1d3306ce-7ae0-4ee8-9f11-613de8262afd', '72985891-6802-4a2f-bbdd-c8e618b78720', 'Galaxy S24', NULL, 2024, 'smartphone', true, 0, '{screen_crack,battery_issue}', NULL, NULL, NULL, NULL, '2025-09-03 20:37:32.166493+00', '2025-09-03 20:37:32.166493+00'),
	('f0a49171-7270-4c35-867c-593b745be883', '72985891-6802-4a2f-bbdd-c8e618b78720', 'Galaxy S24 Ultra', NULL, 2024, 'smartphone', true, 0, '{screen_crack,camera_issue}', NULL, NULL, NULL, NULL, '2025-09-03 20:37:32.166493+00', '2025-09-03 20:37:32.166493+00'),
	('be61fda1-71f4-4c3b-b615-66f0abf7eaef', 'f5c8fd8c-fe7b-470d-8bb7-48d65f245b93', 'Pixel 7 Pro', NULL, 2022, 'smartphone', true, 0, '{screen_crack,software_issue}', NULL, NULL, NULL, NULL, '2025-09-03 20:37:32.166493+00', '2025-09-03 20:37:32.166493+00'),
	('6e28846c-221a-4f88-9d00-234637ca5ff4', 'f5c8fd8c-fe7b-470d-8bb7-48d65f245b93', 'Pixel 8', NULL, 2023, 'smartphone', true, 0, '{screen_crack,battery_issue}', NULL, NULL, NULL, NULL, '2025-09-03 20:37:32.166493+00', '2025-09-03 20:37:32.166493+00'),
	('fc84bac0-acf1-4ae0-832e-57987522e9fd', 'f5c8fd8c-fe7b-470d-8bb7-48d65f245b93', 'Pixel 8 Pro', NULL, 2023, 'smartphone', true, 0, '{screen_crack,camera_issue}', NULL, NULL, NULL, NULL, '2025-09-03 20:37:32.166493+00', '2025-09-03 20:37:32.166493+00'),
	('fdc386bb-cd6d-48b4-a421-c55ef6a8d35d', '7cf66721-2bd7-4477-af09-ab080734c1bd', '11', NULL, 2023, 'smartphone', true, 0, '{screen_crack,battery_issue}', NULL, NULL, NULL, NULL, '2025-09-03 20:37:32.166493+00', '2025-09-03 20:37:32.166493+00'),
	('81105622-7858-4824-9745-930aadb3b6f1', '7cf66721-2bd7-4477-af09-ab080734c1bd', '12', NULL, 2024, 'smartphone', true, 0, '{screen_crack,charging_port}', NULL, NULL, NULL, NULL, '2025-09-03 20:37:32.166493+00', '2025-09-03 20:37:32.166493+00'),
	('995391bb-032c-4ab4-a5b8-4d42d98ba626', 'd2de89aa-1d2f-409e-8d2d-b41b468a7efb', 'iPhone 14 Pro Max', NULL, 2022, 'smartphone', true, 1, '{screen_crack,battery_issue}', NULL, NULL, NULL, NULL, '2025-09-03 20:37:32.166493+00', '2025-09-03 21:12:02.891693+00'),
	('496ed383-8247-43c8-aa6b-dd0f6afb47f3', 'd2de89aa-1d2f-409e-8d2d-b41b468a7efb', 'iPhone 15 Pro Max', NULL, 2023, 'smartphone', true, 1, '{screen_crack,battery_issue}', NULL, NULL, NULL, NULL, '2025-09-03 20:37:32.166493+00', '2025-09-03 21:29:10.730347+00');


--
-- Data for Name: users; Type: TABLE DATA; Schema: public; Owner: postgres
--

INSERT INTO "public"."users" ("id", "email", "full_name", "role", "created_at", "updated_at", "last_login_at", "preferences", "avatar_url") VALUES
	('22222222-2222-2222-2222-222222222222', 'tech1@phoneguys.com', 'Sarah Technician', 'technician', '2025-09-03 20:37:32.202521+00', '2025-09-03 20:37:32.202521+00', NULL, '{}', NULL),
	('33333333-3333-3333-3333-333333333333', 'tech2@phoneguys.com', 'Mike Repair', 'technician', '2025-09-03 20:37:32.202521+00', '2025-09-03 20:37:32.202521+00', NULL, '{}', NULL),
	('44444444-4444-4444-4444-444444444444', 'manager@phoneguys.com', 'Lisa Manager', 'manager', '2025-09-03 20:37:32.202521+00', '2025-09-03 20:37:32.202521+00', NULL, '{}', NULL),
	('9136a7c4-9535-4493-a5bf-c0c403f24ff0', 'hello@aethercms.com', 'Michael John', 'admin', '2025-09-04 04:11:00.432352+00', '2025-09-04 04:11:00.432352+00', NULL, '{}', NULL),
	('821cf797-33bb-4022-b172-ffd2794a0fdf', 'andrew@akhdigital.com', 'Andrew Hood', 'admin', '2025-09-04 17:52:01.678654+00', '2025-09-04 17:52:01.678654+00', NULL, '{}', NULL),
	('15a254fa-8ba8-45a3-946a-9ea31a1d596e', 'michael@southwellmedia.com', 'Michael Froseth', 'admin', '2025-09-06 18:17:10.467338+00', '2025-09-06 18:54:00.907795+00', '2025-09-06 18:54:00.855+00', '{}', NULL),
	('11111111-1111-1111-1111-111111111111', 'admin@phoneguys.com', 'John Admin', 'admin', '2025-09-03 20:37:32.202521+00', '2025-09-06 19:16:30.569522+00', '2025-09-06 19:16:30.544+00', '{}', NULL);


--
-- Data for Name: repair_tickets; Type: TABLE DATA; Schema: public; Owner: postgres
--

INSERT INTO "public"."repair_tickets" ("id", "ticket_number", "customer_id", "assigned_to", "device_brand", "device_model", "serial_number", "imei", "repair_issues", "description", "estimated_cost", "actual_cost", "status", "priority", "total_time_minutes", "is_timer_running", "timer_started_at", "date_received", "estimated_completion", "completed_at", "created_at", "updated_at", "deposit_amount", "device_model_id", "customer_device_id", "device_id", "appointment_id", "created_by") VALUES
	('00000006-0000-0000-0000-000000000006', 'TPG0006', 'ffffffff-ffff-ffff-ffff-ffffffffffff', '15a254fa-8ba8-45a3-946a-9ea31a1d596e', 'Apple', 'iPhone 16 Pro Max', 'DMPWK9XJKXF0', '146516156565', '{screen_crack,battery_issue}', 'iPhone screen shattered. Battery also needs replacement.', 0.00, 0.00, 'completed', 'high', 0, true, '2025-09-03 19:37:32.202521+00', '2025-09-03 16:37:32.202521+00', NULL, NULL, '2025-09-03 20:37:32.202521+00', '2025-09-06 18:22:30.85636+00', 0.00, NULL, NULL, '372358d9-2422-4d30-a6bf-0ac74a393d2c', NULL, '11111111-1111-1111-1111-111111111111'),
	('1622ce8c-aaba-49ef-a3fa-c1da569e7b27', 'TPG0015', 'daa5197e-28ba-4258-bcfb-0708dd06d5d5', '15a254fa-8ba8-45a3-946a-9ea31a1d596e', 'Apple', 'iPhone 14 Pro', 'SN9GHHY2KASF', '356989070172519', '{screen_crack,camera_issue}', 'Customer dropped phone, screen is shattered. 

Also an issue with front camera. ', 0.00, 6.00, 'in_progress', 'medium', 6, false, NULL, '2025-09-06 12:26:18.537449+00', NULL, NULL, '2025-09-06 12:26:18.537449+00', '2025-09-06 20:10:58.921634+00', 0.00, NULL, '2865df31-6002-42de-993d-8026113a3672', '763b4454-ce8d-4a91-8144-ce0bcdf72ce7', NULL, '11111111-1111-1111-1111-111111111111'),
	('09ebe8a0-a348-4736-a17b-5107e47726e6', 'TPG0016', 'cf9fa24e-6751-43e8-9b5d-ca07c3ac6d3d', '15a254fa-8ba8-45a3-946a-9ea31a1d596e', 'Apple', 'iPhone 15 Pro Max', 'SNAIDURDUNAW', '356989071181075', '{screen_crack,charging_port}', 'Test', 0.00, NULL, 'new', 'medium', 0, false, NULL, '2025-09-06 13:04:39.744083+00', NULL, NULL, '2025-09-06 13:04:39.744083+00', '2025-09-06 20:11:26.209746+00', 0.00, NULL, '1b210bbf-802d-4888-8667-b0f3143a8530', 'd28974f7-ca7c-4116-985d-8c44dc2b4332', NULL, '11111111-1111-1111-1111-111111111111'),
	('9da431f6-d75a-4882-a084-2e7a6a97ab20', 'TPG0017', '1e46b6a2-f5a0-4ccf-85bc-72c7a061c216', '15a254fa-8ba8-45a3-946a-9ea31a1d596e', 'Apple', 'iPhone 16 Pro Max', '', '', '{screen_crack,battery_issue}', 'Testing', 390.00, NULL, 'in_progress', 'medium', 0, false, '2025-09-09 16:12:17.664+00', '2025-09-09 16:12:12.02983+00', NULL, NULL, '2025-09-09 16:12:12.02983+00', '2025-09-09 16:12:17.692839+00', 0.00, NULL, '2d7d6f5f-76a2-4843-8455-6c0549c75ead', '372358d9-2422-4d30-a6bf-0ac74a393d2c', NULL, NULL),
	('6bd347af-20d8-479c-8179-f6f9746f25d4', 'TPG0011', 'cccccccc-cccc-cccc-cccc-cccccccccccc', '11111111-1111-1111-1111-111111111111', 'Unknown', 'iPhone 14 Pro Max', '', '', '{water_damage}', 'Phone fell in pool, needs water damage assessment', 0.00, 90.00, 'completed', 'urgent', 90, false, NULL, '2025-09-04 14:39:34.441793+00', NULL, NULL, '2025-09-04 14:39:34.441793+00', '2025-09-06 18:13:44.395339+00', 0.00, NULL, '7e4132a3-6a07-4d88-a697-394be419edef', '713b037c-ee80-4980-8626-97b322374765', 'ebafa0f9-184a-4c1c-aeaa-624a67394a7e', '11111111-1111-1111-1111-111111111111'),
	('00000004-0000-0000-0000-000000000004', 'TPG0004', 'dddddddd-dddd-dddd-dddd-dddddddddddd', '33333333-3333-3333-3333-333333333333', 'Apple', 'iPhone 13', 'G6TZR9XJKXF9', '353850109074472', '{screen_crack}', 'Screen replacement completed successfully.', 199.99, 189.99, 'completed', 'low', 120, false, NULL, '2025-08-29 20:37:32.202521+00', NULL, '2025-09-01 20:37:32.202521+00', '2025-09-03 20:37:32.202521+00', '2025-09-06 17:21:17.65703+00', 0.00, NULL, NULL, NULL, NULL, '11111111-1111-1111-1111-111111111111'),
	('9216c0e4-6c4b-45a1-a7be-9cc50b7de8ca', 'TPG0008', '486abf9d-fe13-4fb1-a05e-38bae0be1bb4', '11111111-1111-1111-1111-111111111111', 'Apple', 'iPhone 15 Pro Max', NULL, NULL, '{charging_port,battery_issue}', 'Charging port or battery issues.', 179.99, NULL, 'new', 'medium', 0, false, NULL, '2025-09-03 21:29:10.730347+00', NULL, NULL, '2025-09-03 21:29:10.730347+00', '2025-09-06 17:21:17.65703+00', 0.00, '496ed383-8247-43c8-aa6b-dd0f6afb47f3', NULL, NULL, NULL, '11111111-1111-1111-1111-111111111111'),
	('e4fb826c-764c-447c-a357-2ddb01ce25e1', 'TPG0010', '486abf9d-fe13-4fb1-a05e-38bae0be1bb4', '11111111-1111-1111-1111-111111111111', 'Apple', 'iPhone 16 Pro Max', 'SNLORQSAGU', '305087970722198', '{screen_crack,battery_issue}', 'Customer dropped phone and cracked screen. Reports issues with battery staying charged. Wants us to look into it all. ', 230.00, 437.00, 'completed', 'medium', 437, false, NULL, '2025-09-04 01:07:27.326432+00', NULL, NULL, '2025-09-04 01:07:27.326432+00', '2025-09-06 18:15:35.139463+00', 0.00, NULL, NULL, '372358d9-2422-4d30-a6bf-0ac74a393d2c', NULL, '11111111-1111-1111-1111-111111111111'),
	('f4096157-df26-4d46-b15b-9b9dd76c96ec', 'TPG0007', 'cccccccc-cccc-cccc-cccc-cccccccccccc', '11111111-1111-1111-1111-111111111111', 'Apple', 'iPhone 14 Pro Max', '', '', '{screen_crack}', 'Screen is cracked. Needs a complete replacement. ', 150.00, 0.00, 'new', 'medium', 0, false, NULL, '2025-09-03 21:12:02.891693+00', NULL, NULL, '2025-09-03 21:12:02.891693+00', '2025-09-06 17:21:17.65703+00', 50.00, '995391bb-032c-4ab4-a5b8-4d42d98ba626', '494aede7-bfae-49b8-8a78-17ada23ed483', '713b037c-ee80-4980-8626-97b322374765', NULL, '11111111-1111-1111-1111-111111111111'),
	('00000001-0000-0000-0000-000000000001', 'TPG0001', 'aaaaaaaa-aaaa-aaaa-aaaa-aaaaaaaaaaaa', NULL, 'Apple', 'iPhone 14 Pro', 'F2LZK9XJKXF8', '353850109074471', '{screen_crack,battery_issue}', 'Customer reports screen is cracked in upper right corner. Battery drains quickly.', 249.99, 12.00, 'in_progress', 'high', 12, false, NULL, '2025-09-03 18:37:32.202521+00', NULL, NULL, '2025-09-03 20:37:32.202521+00', '2025-09-06 17:21:17.65703+00', 0.00, NULL, NULL, '763b4454-ce8d-4a91-8144-ce0bcdf72ce7', NULL, '11111111-1111-1111-1111-111111111111'),
	('2656eedb-80fe-4e37-b076-05dbdc67aebd', 'TPG0012', 'aaaaaaaa-aaaa-aaaa-aaaa-aaaaaaaaaaaa', NULL, 'Unknown', 'Galaxy S21', 'SNZ4OT5Y5YNV', '356989078093016', '{screen_crack}', 'Customer reports cracked screen after dropping phone', 0.00, 96.00, 'in_progress', 'medium', 96, false, NULL, '2025-09-04 18:13:02.952743+00', '2025-09-08 20:18:00+00', NULL, '2025-09-04 18:13:02.952743+00', '2025-09-06 17:21:17.65703+00', 0.00, NULL, NULL, 'c58874c4-abc7-4a10-bb59-0de9e3927292', NULL, '11111111-1111-1111-1111-111111111111'),
	('00000002-0000-0000-0000-000000000002', 'TPG0002', 'bbbbbbbb-bbbb-bbbb-bbbb-bbbbbbbbbbbb', '11111111-1111-1111-1111-111111111111', 'Samsung', 'Galaxy S23', 'R3CR40ABCDE', '356938108542179', '{charging_port,screen_crack}', 'Charging port not working properly. Phone charges intermittently.', 89.99, 57.00, 'completed', 'medium', 57, true, NULL, '2025-09-02 20:37:32.202521+00', NULL, NULL, '2025-09-03 20:37:32.202521+00', '2025-09-06 18:13:15.098915+00', 0.00, NULL, '74947b2d-e133-4bf3-a63d-a16fda417ccf', '7ed6e2c1-5f1b-4043-a42e-5fc2e3e3a80e', NULL, '11111111-1111-1111-1111-111111111111');


--
-- Data for Name: appointments; Type: TABLE DATA; Schema: public; Owner: postgres
--

INSERT INTO "public"."appointments" ("id", "appointment_number", "customer_id", "device_id", "customer_device_id", "scheduled_date", "scheduled_time", "duration_minutes", "service_ids", "estimated_cost", "status", "confirmation_sent_at", "reminder_sent_at", "arrived_at", "converted_to_ticket_id", "issues", "description", "urgency", "source", "notes", "cancellation_reason", "created_by", "assigned_to", "created_at", "updated_at", "converted_by", "confirmed_at", "confirmed_by", "checked_in_by", "confirmation_notes", "check_in_notes") VALUES
	('ebafa0f9-184a-4c1c-aeaa-624a67394a7e', 'APT0003', 'cccccccc-cccc-cccc-cccc-cccccccccccc', '713b037c-ee80-4980-8626-97b322374765', '7e4132a3-6a07-4d88-a697-394be419edef', '2025-09-04', '16:00:00', 30, '{497bd429-34f2-4f6c-b9b2-2b578faf5871,a45f91c3-783f-4ff8-a92b-8ae141519092}', 0.00, 'converted', '2025-09-04 12:38:24.470406+00', NULL, '2025-09-04 14:39:28.311+00', '6bd347af-20d8-479c-8179-f6f9746f25d4', '{water_damage}', 'Phone fell in pool, needs water damage assessment', 'emergency', 'walk-in', 'Urgent - customer needs phone for work', NULL, '11111111-1111-1111-1111-111111111111', '11111111-1111-1111-1111-111111111111', '2025-09-04 14:38:24.470406+00', '2025-09-06 17:21:17.845342+00', '11111111-1111-1111-1111-111111111111', NULL, NULL, NULL, NULL, NULL),
	('db120a2c-225e-43f4-b0bb-6b8030486cdc', 'APT0009', 'daa5197e-28ba-4258-bcfb-0708dd06d5d5', '763b4454-ce8d-4a91-8144-ce0bcdf72ce7', '2865df31-6002-42de-993d-8026113a3672', '2025-09-06', '15:32:00', 45, '{a69b3f2b-39fb-4840-8605-db8061683a28,a45f91c3-783f-4ff8-a92b-8ae141519092,661d0597-0c47-4acd-a456-78bcc75b51f1}', 0.00, 'converted', '2025-09-05 22:11:43.378+00', NULL, '2025-09-06 12:24:06.274+00', '1622ce8c-aaba-49ef-a3fa-c1da569e7b27', '{screen_crack,camera_issue}', 'Customer dropped phone, screen is shattered. 

Also an issue with front camera. ', 'scheduled', 'walk-in', NULL, NULL, '22222222-2222-2222-2222-222222222222', '22222222-2222-2222-2222-222222222222', '2025-09-05 20:32:46.697202+00', '2025-09-06 17:21:17.845342+00', '22222222-2222-2222-2222-222222222222', NULL, NULL, NULL, NULL, NULL),
	('ba6f23d4-7c60-41e5-9c97-d8b2a5ad9612', 'APT0010', 'cf9fa24e-6751-43e8-9b5d-ca07c3ac6d3d', 'd28974f7-ca7c-4116-985d-8c44dc2b4332', '1b210bbf-802d-4888-8667-b0f3143a8530', '2025-09-09', '15:00:00', 30, '{a69b3f2b-39fb-4840-8605-db8061683a28,1b3e3066-c874-4133-89ff-8876df3469af,a45f91c3-783f-4ff8-a92b-8ae141519092}', 0.00, 'converted', '2025-09-06 12:56:52.121+00', NULL, '2025-09-06 12:57:48.703+00', '09ebe8a0-a348-4736-a17b-5107e47726e6', '{screen_crack,charging_port}', 'Test', 'scheduled', 'walk-in', '{"customer_notes":"Customer said this.","technician_notes":"These are internal notes."}', NULL, '33333333-3333-3333-3333-333333333333', '33333333-3333-3333-3333-333333333333', '2025-09-06 12:19:05.163309+00', '2025-09-06 17:21:17.845342+00', '33333333-3333-3333-3333-333333333333', NULL, NULL, NULL, NULL, NULL),
	('f9722834-cd19-4ce2-88e9-71541f2b5e62', 'APT0011', '98376ca0-9d20-490a-b593-a4abd6524527', '372358d9-2422-4d30-a6bf-0ac74a393d2c', 'e95c7d12-c987-4f49-9026-23ae4b230a7c', '2025-09-07', '11:00:00', 30, NULL, NULL, 'scheduled', '2025-09-06 18:24:15.891+00', NULL, NULL, NULL, '{screen_crack,battery_issue,water_damage}', 'Water damage, screens busted and the battery won''t charge.', 'scheduled', 'walk-in', NULL, NULL, NULL, '15a254fa-8ba8-45a3-946a-9ea31a1d596e', '2025-09-06 18:24:15.828677+00', '2025-09-06 18:32:53.134666+00', NULL, NULL, NULL, NULL, NULL, NULL),
	('cf4b6ac6-d4ea-4a12-a89a-90bbfcc4a541', 'APT0012', '9f57339b-9c4d-4d7c-aa5c-d2a6b4682afb', '372358d9-2422-4d30-a6bf-0ac74a393d2c', NULL, '2025-09-09', '10:33:00', 30, NULL, NULL, 'arrived', '2025-09-09 15:33:54.971+00', NULL, '2025-09-09 15:33:54.786+00', NULL, '{screen_crack,water_damage}', 'Dropped near pool.', 'walk-in', 'walk-in', NULL, NULL, NULL, '15a254fa-8ba8-45a3-946a-9ea31a1d596e', '2025-09-09 15:33:54.836423+00', '2025-09-09 15:33:54.990172+00', NULL, '2025-09-09 15:33:54.786+00', NULL, NULL, 'Auto-confirmed: Walk-in customer', 'Auto-checked in: Walk-in customer'),
	('14c97af3-a3e6-4daa-bd9f-1fc3f30c07fa', 'APT0013', 'daa5197e-28ba-4258-bcfb-0708dd06d5d5', '9e8fd2f5-dba5-44b1-b791-d0dcbe2b5100', NULL, '2025-09-09', '11:05:00', 30, NULL, NULL, 'arrived', '2025-09-09 16:06:30.94+00', NULL, '2025-09-09 16:06:30.737+00', NULL, '{screen_crack,software_issue,water_damage,camera_issue}', 'issues', 'walk-in', 'walk-in', 'Test', NULL, NULL, '44444444-4444-4444-4444-444444444444', '2025-09-09 16:06:30.819933+00', '2025-09-09 16:06:30.974018+00', NULL, '2025-09-09 16:06:30.737+00', NULL, NULL, 'Auto-confirmed: Walk-in customer', 'Auto-checked in: Walk-in customer'),
	('85322a75-22bb-4524-9427-90c1cab659de', 'APT0014', 'daa5197e-28ba-4258-bcfb-0708dd06d5d5', 'eabcc0ae-71dc-491a-b06f-5c81e645568b', NULL, '2025-09-09', '11:08:00', 30, NULL, NULL, 'arrived', '2025-09-09 16:08:45.91+00', NULL, '2025-09-09 16:08:45.747+00', NULL, '{water_damage,camera_issue,button_issue}', 'phone has a camera issue', 'walk-in', 'walk-in', 'call customer with questions', NULL, NULL, '22222222-2222-2222-2222-222222222222', '2025-09-09 16:08:45.797127+00', '2025-09-09 16:08:45.951263+00', NULL, '2025-09-09 16:08:45.747+00', NULL, NULL, 'Auto-confirmed: Walk-in customer', 'Auto-checked in: Walk-in customer'),
	('23ebaf27-d9e9-4d3e-a737-9f9f64263b54', 'APT0015', '1e46b6a2-f5a0-4ccf-85bc-72c7a061c216', '372358d9-2422-4d30-a6bf-0ac74a393d2c', '2d7d6f5f-76a2-4843-8455-6c0549c75ead', '2025-09-09', '11:10:00', 30, '{a69b3f2b-39fb-4840-8605-db8061683a28,9df771e2-16d4-45a4-a856-5bd41f07e1ef,a45f91c3-783f-4ff8-a92b-8ae141519092,497bd429-34f2-4f6c-b9b2-2b578faf5871}', 390.00, 'converted', '2025-09-09 16:11:13.749+00', NULL, '2025-09-09 16:11:13.593+00', '9da431f6-d75a-4882-a084-2e7a6a97ab20', '{screen_crack,battery_issue}', 'Testing', 'walk-in', 'walk-in', '{"customer_notes":"","technician_notes":""}', NULL, NULL, '15a254fa-8ba8-45a3-946a-9ea31a1d596e', '2025-09-09 16:11:13.655584+00', '2025-09-09 16:12:12.33366+00', NULL, '2025-09-09 16:11:13.593+00', NULL, NULL, 'Auto-confirmed: Walk-in customer', 'Auto-checked in: Walk-in customer');


--
-- Data for Name: appointment_slots; Type: TABLE DATA; Schema: public; Owner: postgres
--



--
-- Data for Name: business_hours; Type: TABLE DATA; Schema: public; Owner: postgres
--

INSERT INTO "public"."business_hours" ("id", "day_of_week", "open_time", "close_time", "is_active", "break_start", "break_end", "created_at", "updated_at") VALUES
	('a1b5c1f0-5989-46d2-9d05-5635532c776b', 1, '09:00:00', '18:00:00', true, '12:00:00', '13:00:00', '2025-09-10 13:30:10.794486+00', '2025-09-10 13:30:10.794486+00'),
	('9b5e3889-27d8-48ce-8d34-3032c2c56a1e', 2, '09:00:00', '18:00:00', true, '12:00:00', '13:00:00', '2025-09-10 13:30:10.794486+00', '2025-09-10 13:30:10.794486+00'),
	('53c764a5-ccb6-4bc4-bd5f-c33fc28dd98c', 3, '09:00:00', '18:00:00', true, '12:00:00', '13:00:00', '2025-09-10 13:30:10.794486+00', '2025-09-10 13:30:10.794486+00'),
	('b8f9427a-fa77-442c-b5b6-8ecb4748f8f5', 4, '09:00:00', '18:00:00', true, '12:00:00', '13:00:00', '2025-09-10 13:30:10.794486+00', '2025-09-10 13:30:10.794486+00'),
	('9996fa3b-6df7-44ab-bfb8-020709137335', 5, '09:00:00', '18:00:00', true, '12:00:00', '13:00:00', '2025-09-10 13:30:10.794486+00', '2025-09-10 13:30:10.794486+00'),
	('d644b82b-3750-4e43-8eac-1ac596874d4a', 6, '10:00:00', '16:00:00', true, NULL, NULL, '2025-09-10 13:30:10.794486+00', '2025-09-10 13:30:10.794486+00'),
	('84bdc8b1-1dff-4d1e-95f5-49b93b6f4a1d', 0, NULL, NULL, false, NULL, NULL, '2025-09-10 13:30:10.794486+00', '2025-09-10 13:30:10.794486+00');


--
-- Data for Name: services; Type: TABLE DATA; Schema: public; Owner: postgres
--

INSERT INTO "public"."services" ("id", "name", "description", "category", "base_price", "estimated_duration_minutes", "requires_parts", "skill_level", "is_active", "sort_order", "created_at", "updated_at") VALUES
	('a69b3f2b-39fb-4840-8605-db8061683a28', 'Screen Replacement', NULL, 'screen_repair', 150.00, 60, true, 'intermediate', true, 1, '2025-09-04 03:18:02.894668+00', '2025-09-04 03:18:02.894668+00'),
	('9df771e2-16d4-45a4-a856-5bd41f07e1ef', 'Battery Replacement', NULL, 'battery_replacement', 80.00, 45, true, 'intermediate', true, 2, '2025-09-04 03:18:02.894668+00', '2025-09-04 03:18:02.894668+00'),
	('1b3e3066-c874-4133-89ff-8876df3469af', 'Charging Port Repair', NULL, 'charging_port', 90.00, 60, true, 'intermediate', true, 3, '2025-09-04 03:18:02.894668+00', '2025-09-04 03:18:02.894668+00'),
	('497bd429-34f2-4f6c-b9b2-2b578faf5871', 'Water Damage Treatment', NULL, 'water_damage', 120.00, 120, false, 'advanced', true, 4, '2025-09-04 03:18:02.894668+00', '2025-09-04 03:18:02.894668+00'),
	('a45f91c3-783f-4ff8-a92b-8ae141519092', 'Diagnostic Service', NULL, 'diagnostic', 40.00, 30, false, 'basic', true, 5, '2025-09-04 03:18:02.894668+00', '2025-09-04 03:18:02.894668+00'),
	('7c955517-be1d-4a2f-a371-73706ea203e8', 'Software Troubleshooting', NULL, 'software_issue', 50.00, 45, false, 'basic', true, 6, '2025-09-04 03:18:02.894668+00', '2025-09-04 03:18:02.894668+00'),
	('661d0597-0c47-4acd-a456-78bcc75b51f1', 'Camera Module Replacement', NULL, 'camera_repair', 100.00, 60, true, 'intermediate', true, 7, '2025-09-04 03:18:02.894668+00', '2025-09-04 03:18:02.894668+00'),
	('c9037a33-7142-483c-b075-f05ffaf0ff9f', 'Speaker Replacement', NULL, 'speaker_repair', 70.00, 45, true, 'intermediate', true, 8, '2025-09-04 03:18:02.894668+00', '2025-09-04 03:18:02.894668+00'),
	('43869371-de56-4c4a-a841-df2b73aad01c', 'Power Button Repair', NULL, 'button_repair', 60.00, 45, true, 'intermediate', true, 9, '2025-09-04 03:18:02.894668+00', '2025-09-04 03:18:02.894668+00'),
	('99db13ff-8e41-42db-85d4-8c6616e47648', 'Volume Button Repair', NULL, 'button_repair', 60.00, 45, true, 'intermediate', true, 10, '2025-09-04 03:18:02.894668+00', '2025-09-04 03:18:02.894668+00'),
	('ddcaf25e-04e3-4992-af55-daa9fd420998', 'Home Button Repair', NULL, 'button_repair', 70.00, 60, true, 'intermediate', true, 11, '2025-09-04 03:18:02.894668+00', '2025-09-04 03:18:02.894668+00'),
	('9def5d24-1e24-4b49-8db5-bb38e7c8e1b5', 'Motherboard Repair', NULL, 'motherboard_repair', 200.00, 180, true, 'expert', true, 12, '2025-09-04 03:18:02.894668+00', '2025-09-04 03:18:02.894668+00'),
	('9f4fa3fb-13e5-4844-9bfe-58c9ca3285db', 'Data Recovery', NULL, 'data_recovery', 150.00, 120, false, 'advanced', true, 13, '2025-09-04 03:18:02.894668+00', '2025-09-04 03:18:02.894668+00'),
	('69790a57-5042-495e-9ee2-1abf33edb3b0', 'Virus Removal', NULL, 'software_issue', 60.00, 60, false, 'basic', true, 14, '2025-09-04 03:18:02.894668+00', '2025-09-04 03:18:02.894668+00'),
	('1c3f9600-ff3f-44c7-9077-3485d90acac8', 'OS Installation', NULL, 'software_issue', 80.00, 90, false, 'intermediate', true, 15, '2025-09-04 03:18:02.894668+00', '2025-09-04 03:18:02.894668+00');


--
-- Data for Name: device_services; Type: TABLE DATA; Schema: public; Owner: postgres
--



--
-- Data for Name: form_submissions; Type: TABLE DATA; Schema: public; Owner: postgres
--



--
-- Data for Name: internal_notifications; Type: TABLE DATA; Schema: public; Owner: postgres
--



--
-- Data for Name: notification_preferences; Type: TABLE DATA; Schema: public; Owner: postgres
--



--
-- Data for Name: notifications; Type: TABLE DATA; Schema: public; Owner: postgres
--

INSERT INTO "public"."notifications" ("id", "ticket_id", "notification_type", "recipient_email", "subject", "content", "sent_at", "status", "created_at", "scheduled_for") VALUES
	('edc56c97-2388-45e5-b29a-a0526a35e9c8', '00000001-0000-0000-0000-000000000001', 'new_ticket', 'admin@phoneguys.com', 'New Repair Ticket: TPG0001', 'A new repair ticket has been created for Alice Johnson - iPhone 14 Pro', '2025-09-03 18:37:32.202521+00', 'sent', '2025-09-03 20:37:32.202521+00', '2025-09-06 16:40:11.926491+00'),
	('4cc8a9ab-c8db-4cb0-8022-7ab958510612', '00000004-0000-0000-0000-000000000004', 'completion', 'diana.prince@email.com', 'Your repair is complete!', 'Your iPhone 13 repair has been completed. Please visit our store to pick up your device.', '2025-09-01 20:37:32.202521+00', 'sent', '2025-09-03 20:37:32.202521+00', '2025-09-06 16:40:11.926491+00'),
	('cd3a7565-597b-4f20-89d8-64b97e214fc2', '00000002-0000-0000-0000-000000000002', 'completion', 'bob.smith@email.com', 'Repair Completed - TPG0002', 'Dear Bob Smith,\n\nGreat news! Your repair (TPG0002) has been completed. Your Samsung Galaxy S23 is ready for pickup.\n\nPlease visit us at your earliest convenience to collect your device.\n\nThank you for choosing The Phone Guys!', NULL, 'pending', '2025-09-06 18:13:13.693736+00', '2025-09-06 18:13:13.693736+00'),
	('d3e5448a-0b4e-4f87-898d-43f282c6809a', '00000002-0000-0000-0000-000000000002', 'repair_completed', 'bob.smith@email.com', 'Your Device is Ready! - Ticket #TPG0002', 'Dear Bob Smith,

Great news! Your Samsung Galaxy S23 repair has been completed.

Ticket Number: TPG0002
Total Cost: 0.00

Your device is ready for pickup at your earliest convenience.

Please bring your ticket number or this email when collecting your device.

Best regards,
The Phone Guys Team', NULL, 'pending', '2025-09-06 18:13:13.649+00', '2025-09-06 18:13:13.649+00'),
	('144c0b6c-d35b-41ca-a4fe-64b603865b6a', '00000002-0000-0000-0000-000000000002', 'repair_completed', 'bob.smith@email.com', 'Your Device is Ready! - Ticket #TPG0002', 'Dear Bob Smith,

Great news! Your Samsung Galaxy S23 repair has been completed.

Ticket Number: TPG0002
Total Cost: 0.00

Your device is ready for pickup at your earliest convenience.

Please bring your ticket number or this email when collecting your device.

Best regards,
The Phone Guys Team', NULL, 'pending', '2025-09-06 18:13:14.964+00', '2025-09-06 18:13:14.964+00'),
	('d336a508-d31b-4208-a85d-82a82d379d6c', '6bd347af-20d8-479c-8179-f6f9746f25d4', 'repair_completed', 'charlie.brown@email.com', 'Your Device is Ready! - Ticket #TPG0011', 'Dear Charlie Brown,

Great news! Your Unknown iPhone 14 Pro Max repair has been completed.

Ticket Number: TPG0011
Total Cost: 0.00

Your device is ready for pickup at your earliest convenience.

Please bring your ticket number or this email when collecting your device.

Best regards,
The Phone Guys Team', NULL, 'pending', '2025-09-06 18:13:43.642+00', '2025-09-06 18:13:43.642+00'),
	('31c57d15-dee2-41a9-a06a-8a361645f301', '6bd347af-20d8-479c-8179-f6f9746f25d4', 'repair_completed', 'charlie.brown@email.com', 'Your Device is Ready! - Ticket #TPG0011', 'Dear Charlie Brown,

Great news! Your Unknown iPhone 14 Pro Max repair has been completed.

Ticket Number: TPG0011
Total Cost: 0.00

Your device is ready for pickup at your earliest convenience.

Please bring your ticket number or this email when collecting your device.

Best regards,
The Phone Guys Team', NULL, 'pending', '2025-09-06 18:13:44.456+00', '2025-09-06 18:13:44.456+00'),
	('b7312a09-77e6-492c-af8d-b4e338f60f29', 'e4fb826c-764c-447c-a357-2ddb01ce25e1', 'repair_completed', 'michael@southwellmedia.com', 'Your Device is Ready! - Ticket #TPG0010', 'Dear Michael Froseth,

Great news! Your Apple iPhone 16 Pro Max repair has been completed.

Ticket Number: TPG0010
Total Cost: 0.00

Your device is ready for pickup at your earliest convenience.

Please bring your ticket number or this email when collecting your device.

Best regards,
The Phone Guys Team', NULL, 'pending', '2025-09-06 18:15:34.153+00', '2025-09-06 18:15:34.153+00'),
	('bab48f9c-d1fc-4886-a909-e2f44776a601', 'e4fb826c-764c-447c-a357-2ddb01ce25e1', 'repair_completed', 'michael@southwellmedia.com', 'Your Device is Ready! - Ticket #TPG0010', 'Dear Michael Froseth,

Great news! Your Apple iPhone 16 Pro Max repair has been completed.

Ticket Number: TPG0010
Total Cost: 0.00

Your device is ready for pickup at your earliest convenience.

Please bring your ticket number or this email when collecting your device.

Best regards,
The Phone Guys Team', NULL, 'pending', '2025-09-06 18:15:35.243+00', '2025-09-06 18:15:35.243+00'),
	('64e130b3-9bbb-4dd8-a893-660b4cebb637', '00000006-0000-0000-0000-000000000006', 'repair_completed', 'fiona.green@email.com', 'Your Device is Ready! - Ticket #TPG0006', 'Dear Fiona Green,

Great news! Your Apple iPhone 16 Pro Max repair has been completed.

Ticket Number: TPG0006
Total Cost: 0.00

Your device is ready for pickup at your earliest convenience.

Please bring your ticket number or this email when collecting your device.

Best regards,
The Phone Guys Team', NULL, 'pending', '2025-09-06 18:22:30.268+00', '2025-09-06 18:22:30.268+00'),
	('7cd0831b-7119-47b2-90ee-171f7e6e0dc1', '00000006-0000-0000-0000-000000000006', 'repair_completed', 'fiona.green@email.com', 'Your Device is Ready! - Ticket #TPG0006', 'Dear Fiona Green,

Great news! Your Apple iPhone 16 Pro Max repair has been completed.

Ticket Number: TPG0006
Total Cost: 0.00

Your device is ready for pickup at your earliest convenience.

Please bring your ticket number or this email when collecting your device.

Best regards,
The Phone Guys Team', NULL, 'pending', '2025-09-06 18:22:30.929+00', '2025-09-06 18:22:30.929+00');


--
-- Data for Name: special_dates; Type: TABLE DATA; Schema: public; Owner: postgres
--



--
-- Data for Name: staff_availability; Type: TABLE DATA; Schema: public; Owner: postgres
--



--
-- Data for Name: ticket_notes; Type: TABLE DATA; Schema: public; Owner: postgres
--

INSERT INTO "public"."ticket_notes" ("id", "ticket_id", "user_id", "note_type", "content", "is_important", "created_at") VALUES
	('c9517eb5-e533-4ca2-9e13-3e625a013db5', '00000001-0000-0000-0000-000000000001', '11111111-1111-1111-1111-111111111111', 'internal', 'Customer called to check status. Informed parts are being ordered.', false, '2025-09-03 20:37:32.202521+00'),
	('42711dbc-eca6-4397-8fa4-3018c7a79b0b', '00000001-0000-0000-0000-000000000001', '22222222-2222-2222-2222-222222222222', 'customer', 'Sent email update to customer about repair timeline.', false, '2025-09-03 20:37:32.202521+00'),
	('c6e07f5d-55d6-4f89-8da8-7892a0e87830', '00000002-0000-0000-0000-000000000002', '22222222-2222-2222-2222-222222222222', 'internal', 'Diagnosed issue - charging port pins are bent. Starting repair.', true, '2025-09-03 20:37:32.202521+00'),
	('d6980542-98f9-4cc8-ab7f-c3b781ea7e5a', '00000004-0000-0000-0000-000000000004', '33333333-3333-3333-3333-333333333333', 'internal', 'Screen replacement completed. Tested all functions - working perfectly.', false, '2025-09-03 20:37:32.202521+00'),
	('151b7bcb-0352-4f7c-8150-aaa0d3b88a52', '00000002-0000-0000-0000-000000000002', '11111111-1111-1111-1111-111111111111', 'internal', 'Status changed from in_progress to completed', true, '2025-09-06 18:13:13.536412+00'),
	('b67118e8-2138-4626-ab03-248f4525cdc8', '6bd347af-20d8-479c-8179-f6f9746f25d4', '11111111-1111-1111-1111-111111111111', 'internal', 'Status changed from in_progress to completed', true, '2025-09-06 18:13:43.463367+00'),
	('b1cbf5ac-3146-456e-adfb-6ab712703fe5', 'e4fb826c-764c-447c-a357-2ddb01ce25e1', '11111111-1111-1111-1111-111111111111', 'internal', 'Status changed from in_progress to completed', true, '2025-09-06 18:15:33.855785+00'),
	('fe394e95-9efd-4b0a-8068-26053ced9ab0', '00000006-0000-0000-0000-000000000006', '15a254fa-8ba8-45a3-946a-9ea31a1d596e', 'internal', 'Status changed from in_progress to completed', true, '2025-09-06 18:22:30.092141+00'),
	('0afb4fee-a842-4967-9c06-ae08723a9ada', '9da431f6-d75a-4882-a084-2e7a6a97ab20', NULL, 'system', 'Converted from appointment APT0015', false, '2025-09-09 16:12:12.27657+00');


--
-- Data for Name: ticket_photo_shares; Type: TABLE DATA; Schema: public; Owner: postgres
--



--
-- Data for Name: ticket_photos; Type: TABLE DATA; Schema: public; Owner: postgres
--

INSERT INTO "public"."ticket_photos" ("id", "ticket_id", "file_name", "file_path", "file_size", "mime_type", "uploaded_by", "uploaded_at", "description", "is_before_photo", "is_after_photo", "tags", "service_id", "created_at", "updated_at") VALUES
	('2a2b1ab7-399b-43b1-b1e4-022e96f3e3cd', 'e4fb826c-764c-447c-a357-2ddb01ce25e1', '1756957026220-16-pro-max-BGLASS.webp', 'e4fb826c-764c-447c-a357-2ddb01ce25e1/1756957026220-16-pro-max-BGLASS.webp', 115594, 'image/webp', '11111111-1111-1111-1111-111111111111', '2025-09-04 03:37:06.511+00', '', false, false, '{before,screen-damage}', 'a69b3f2b-39fb-4840-8605-db8061683a28', '2025-09-04 03:37:06.533491+00', '2025-09-04 03:37:06.533491+00'),
	('b9acecc3-14a4-4c11-8ecd-21d936367260', '00000002-0000-0000-0000-000000000002', '1756959348136-dropped-my-s23u-back-is-cracked-but-the-screen-is-intact-v0-w7ccpynri6cb1.webp', '00000002-0000-0000-0000-000000000002/1756959348136-dropped-my-s23u-back-is-cracked-but-the-screen-is-intact-v0-w7ccpynri6cb1.webp', 155950, 'image/webp', '11111111-1111-1111-1111-111111111111', '2025-09-04 04:15:48.511+00', '', false, false, '{before,damage,screen-damage}', 'a69b3f2b-39fb-4840-8605-db8061683a28', '2025-09-04 04:15:48.533054+00', '2025-09-04 04:15:48.533054+00'),
	('02f78a7d-f30c-4487-87fd-6e9ea6426a02', '6bd347af-20d8-479c-8179-f6f9746f25d4', '1756996827272-16-pro-max-BGLASS.webp', '6bd347af-20d8-479c-8179-f6f9746f25d4/1756996827272-16-pro-max-BGLASS.webp', 115594, 'image/webp', '11111111-1111-1111-1111-111111111111', '2025-09-04 14:40:27.569+00', '', false, false, '{before,screen-damage,water-damage}', 'a45f91c3-783f-4ff8-a92b-8ae141519092', '2025-09-04 14:40:27.620075+00', '2025-09-04 14:40:27.620075+00');


--
-- Data for Name: ticket_services; Type: TABLE DATA; Schema: public; Owner: postgres
--

INSERT INTO "public"."ticket_services" ("id", "ticket_id", "service_id", "quantity", "unit_price", "technician_notes", "performed_by", "performed_at", "created_at") VALUES
	('0fb9e084-349b-4b0f-8cd3-ac46bd5ffeb0', 'e4fb826c-764c-447c-a357-2ddb01ce25e1', 'a69b3f2b-39fb-4840-8605-db8061683a28', 1, NULL, NULL, '11111111-1111-1111-1111-111111111111', NULL, '2025-09-04 03:36:41.064802+00'),
	('8d7ff1a1-a1df-4905-a189-7bfb5884252e', 'e4fb826c-764c-447c-a357-2ddb01ce25e1', '9df771e2-16d4-45a4-a856-5bd41f07e1ef', 1, NULL, NULL, '11111111-1111-1111-1111-111111111111', NULL, '2025-09-04 03:36:41.064802+00'),
	('5c31d150-da08-4d2f-b658-dfba7f25af80', '00000002-0000-0000-0000-000000000002', '1b3e3066-c874-4133-89ff-8876df3469af', 1, NULL, NULL, '11111111-1111-1111-1111-111111111111', NULL, '2025-09-04 04:15:29.305723+00'),
	('e55dc0a9-d0ed-4195-9f6e-bba107648528', '00000002-0000-0000-0000-000000000002', 'a69b3f2b-39fb-4840-8605-db8061683a28', 1, NULL, NULL, '11111111-1111-1111-1111-111111111111', NULL, '2025-09-04 04:15:29.305723+00'),
	('cc2b408b-47b7-4534-a584-db8f896f1464', '6bd347af-20d8-479c-8179-f6f9746f25d4', '497bd429-34f2-4f6c-b9b2-2b578faf5871', 1, 120.00, NULL, NULL, NULL, '2025-09-04 14:39:34.554691+00'),
	('28f7d181-ce0f-4e8f-a4d2-86ca0e99181b', '6bd347af-20d8-479c-8179-f6f9746f25d4', 'a45f91c3-783f-4ff8-a92b-8ae141519092', 1, 40.00, NULL, NULL, NULL, '2025-09-04 14:39:34.554691+00'),
	('38ac4105-c8c6-4504-a0ab-9efba08ced1d', '2656eedb-80fe-4e37-b076-05dbdc67aebd', 'a69b3f2b-39fb-4840-8605-db8061683a28', 1, NULL, NULL, '11111111-1111-1111-1111-111111111111', NULL, '2025-09-04 18:18:46.008323+00'),
	('736316cc-080d-4a27-b0d8-15fbddb0b472', '2656eedb-80fe-4e37-b076-05dbdc67aebd', '9df771e2-16d4-45a4-a856-5bd41f07e1ef', 1, NULL, NULL, '11111111-1111-1111-1111-111111111111', NULL, '2025-09-04 18:18:46.008323+00'),
	('d538691f-e488-4059-badd-21dd8a8d4f6a', '1622ce8c-aaba-49ef-a3fa-c1da569e7b27', 'a69b3f2b-39fb-4840-8605-db8061683a28', 1, 150.00, NULL, NULL, NULL, '2025-09-06 12:26:18.680326+00'),
	('18f5975c-d406-4e64-bc36-1e627d0ae7ac', '1622ce8c-aaba-49ef-a3fa-c1da569e7b27', 'a45f91c3-783f-4ff8-a92b-8ae141519092', 1, 40.00, NULL, NULL, NULL, '2025-09-06 12:26:18.680326+00'),
	('caa73cd5-e2ce-4d24-8efe-0e2442632604', '1622ce8c-aaba-49ef-a3fa-c1da569e7b27', '661d0597-0c47-4acd-a456-78bcc75b51f1', 1, 100.00, NULL, NULL, NULL, '2025-09-06 12:26:18.680326+00'),
	('44f82cbd-fe71-4693-b1c0-d1e09876262c', '09ebe8a0-a348-4736-a17b-5107e47726e6', 'a69b3f2b-39fb-4840-8605-db8061683a28', 1, 150.00, NULL, NULL, NULL, '2025-09-06 13:04:39.893882+00'),
	('11447565-7200-4bdc-bea3-5ae63554b264', '09ebe8a0-a348-4736-a17b-5107e47726e6', '1b3e3066-c874-4133-89ff-8876df3469af', 1, 90.00, NULL, NULL, NULL, '2025-09-06 13:04:39.893882+00'),
	('4ca32a8a-19b7-4526-9214-75138678be6f', '09ebe8a0-a348-4736-a17b-5107e47726e6', 'a45f91c3-783f-4ff8-a92b-8ae141519092', 1, 40.00, NULL, NULL, NULL, '2025-09-06 13:04:39.893882+00'),
	('63b1f9d5-1ba6-413b-ac0b-cd6f150b2ff3', '9da431f6-d75a-4882-a084-2e7a6a97ab20', 'a69b3f2b-39fb-4840-8605-db8061683a28', 1, 150.00, NULL, NULL, NULL, '2025-09-09 16:12:12.207919+00'),
	('3b74d55c-2000-46c4-a774-cf122ffa1e2a', '9da431f6-d75a-4882-a084-2e7a6a97ab20', '9df771e2-16d4-45a4-a856-5bd41f07e1ef', 1, 80.00, NULL, NULL, NULL, '2025-09-09 16:12:12.207919+00'),
	('a61d6c1d-fa54-4599-9873-81f60cf613f9', '9da431f6-d75a-4882-a084-2e7a6a97ab20', '497bd429-34f2-4f6c-b9b2-2b578faf5871', 1, 120.00, NULL, NULL, NULL, '2025-09-09 16:12:12.207919+00'),
	('1b11fe92-6f2d-48a2-ac66-de41592e654e', '9da431f6-d75a-4882-a084-2e7a6a97ab20', 'a45f91c3-783f-4ff8-a92b-8ae141519092', 1, 40.00, NULL, NULL, NULL, '2025-09-09 16:12:12.207919+00');


--
-- Data for Name: time_entries; Type: TABLE DATA; Schema: public; Owner: postgres
--

INSERT INTO "public"."time_entries" ("id", "ticket_id", "user_id", "start_time", "end_time", "duration_minutes", "description", "created_at") VALUES
	('82262cb7-135d-447c-a684-a96763a5c496', '00000002-0000-0000-0000-000000000002', '22222222-2222-2222-2222-222222222222', '2025-09-02 20:37:32.202521+00', '2025-09-02 21:22:32.202521+00', 45, 'Initial diagnosis and disassembly', '2025-09-03 20:37:32.202521+00'),
	('eabec814-bf34-45ba-9e23-b3a01d910645', '00000004-0000-0000-0000-000000000004', '33333333-3333-3333-3333-333333333333', '2025-08-31 20:37:32.202521+00', '2025-08-31 22:37:32.202521+00', 120, 'Complete screen replacement', '2025-09-03 20:37:32.202521+00'),
	('36888a69-55bf-432e-9616-9e05d73c7e60', '00000001-0000-0000-0000-000000000001', '11111111-1111-1111-1111-111111111111', '2025-09-03 21:21:20.608+00', '2025-09-03 21:23:09.686+00', 2, 'Initial diagnosis.', '2025-09-03 21:23:09.689899+00'),
	('c742702d-df44-4f7d-b162-6cdf534ab3f5', '00000001-0000-0000-0000-000000000001', '11111111-1111-1111-1111-111111111111', '2025-09-03 21:23:17.872+00', '2025-09-03 21:32:47.473+00', 10, 'Will need to order a new screen. The breaking is the screen, not the protector.', '2025-09-03 21:32:47.477648+00'),
	('863dd819-784e-4cc2-8db9-a1296b123d5e', 'e4fb826c-764c-447c-a357-2ddb01ce25e1', '11111111-1111-1111-1111-111111111111', '2025-09-04 03:44:09.554+00', '2025-09-04 03:45:40.919+00', 2, 'Timer test', '2025-09-04 03:45:40.976847+00'),
	('f7bd81b3-0225-4b62-8fad-f50773afe6a3', '00000002-0000-0000-0000-000000000002', '11111111-1111-1111-1111-111111111111', '2025-09-04 04:27:30.582+00', '2025-09-04 04:39:20.053+00', 12, 'Initial consultation', '2025-09-04 04:39:20.100285+00'),
	('16b30ba1-e613-4f99-9be6-b0a42fffdb78', 'e4fb826c-764c-447c-a357-2ddb01ce25e1', '11111111-1111-1111-1111-111111111111', '2025-09-04 05:01:12.828+00', '2025-09-04 12:15:32.063+00', 435, 'A long session repairing his device.', '2025-09-04 12:15:32.133677+00'),
	('287c4d5e-bc05-41a9-9cff-5f17a6c3e564', '6bd347af-20d8-479c-8179-f6f9746f25d4', '11111111-1111-1111-1111-111111111111', '2025-09-04 17:36:35.574+00', '2025-09-04 19:05:55.264+00', 90, 'Taking break. Repairing the screen still.', '2025-09-04 19:05:55.326261+00'),
	('2fb6634d-5baf-4529-89a4-3411ce0e3257', '2656eedb-80fe-4e37-b076-05dbdc67aebd', '11111111-1111-1111-1111-111111111111', '2025-09-05 00:24:39.742+00', '2025-09-05 02:00:39.392+00', 96, 'Diagnosis with fix.', '2025-09-05 02:00:39.414986+00'),
	('f3fe0732-e34e-406a-955e-408154b8371b', '1622ce8c-aaba-49ef-a3fa-c1da569e7b27', '11111111-1111-1111-1111-111111111111', '2025-09-06 12:26:37.199+00', '2025-09-06 12:32:02.169+00', 6, 'Initial diagnosis, had customer come in. Will pick back up shortly.', '2025-09-06 12:32:02.301686+00');


--
-- Data for Name: user_activity_logs; Type: TABLE DATA; Schema: public; Owner: postgres
--

INSERT INTO "public"."user_activity_logs" ("id", "user_id", "activity_type", "entity_type", "entity_id", "details", "created_at") VALUES
	('98ffb821-fe44-4710-ad09-c1899438ad7d', '11111111-1111-1111-1111-111111111111', 'ticket_created', 'ticket', '00000005-0000-0000-0000-000000000005', '{"device": "OnePlus 11", "status": "new", "customer_id": "eeeeeeee-eeee-eeee-eeee-eeeeeeeeeeee", "ticket_number": "TPG0005"}', '2025-09-03 20:37:32.202521+00'),
	('6125bd06-f8c0-43ad-a7de-a5916e03e5c4', '11111111-1111-1111-1111-111111111111', 'ticket_created', 'ticket', '00000004-0000-0000-0000-000000000004', '{"device": "Apple iPhone 13", "status": "completed", "customer_id": "dddddddd-dddd-dddd-dddd-dddddddddddd", "ticket_number": "TPG0004"}', '2025-09-03 20:37:32.202521+00'),
	('b6e55462-404e-46b7-9688-e27efa2481df', '11111111-1111-1111-1111-111111111111', 'ticket_created', 'ticket', '00000006-0000-0000-0000-000000000006', '{"device": "Apple iPad Pro 12.9", "status": "in_progress", "customer_id": "ffffffff-ffff-ffff-ffff-ffffffffffff", "ticket_number": "TPG0006"}', '2025-09-03 20:37:32.202521+00'),
	('34d41025-be86-4dc2-873d-1eac9379e54b', '11111111-1111-1111-1111-111111111111', 'ticket_created', 'ticket', '9216c0e4-6c4b-45a1-a7be-9cc50b7de8ca', '{"device": "Apple iPhone 15 Pro Max", "status": "new", "customer_id": "486abf9d-fe13-4fb1-a05e-38bae0be1bb4", "ticket_number": "TPG0008"}', '2025-09-03 21:29:10.730347+00'),
	('fa923698-5e47-479a-a1bd-7eb64c8c36bc', '11111111-1111-1111-1111-111111111111', 'ticket_created', 'ticket', '6bd347af-20d8-479c-8179-f6f9746f25d4', '{"device": "Unknown iPhone 14 Pro Max", "status": "in_progress", "customer_id": "cccccccc-cccc-cccc-cccc-cccccccccccc", "ticket_number": "TPG0011"}', '2025-09-04 14:39:34.441793+00'),
	('c040cc1d-43b6-44b4-a088-3c8bc5540cc1', '11111111-1111-1111-1111-111111111111', 'ticket_created', 'ticket', 'f4096157-df26-4d46-b15b-9b9dd76c96ec', '{"device": "Apple iPhone 14 Pro Max", "status": "new", "customer_id": "cccccccc-cccc-cccc-cccc-cccccccccccc", "ticket_number": "TPG0007"}', '2025-09-03 21:12:02.891693+00'),
	('c66c00d3-9e96-43dd-83bd-7ebce6f54cdf', '11111111-1111-1111-1111-111111111111', 'ticket_created', 'ticket', '1622ce8c-aaba-49ef-a3fa-c1da569e7b27', '{"device": "Apple iPhone 14 Pro", "status": "in_progress", "customer_id": "daa5197e-28ba-4258-bcfb-0708dd06d5d5", "ticket_number": "TPG0015"}', '2025-09-06 12:26:18.537449+00'),
	('812b8d63-c771-46a9-a062-8ec8d4b6ca75', '11111111-1111-1111-1111-111111111111', 'ticket_created', 'ticket', 'e4fb826c-764c-447c-a357-2ddb01ce25e1', '{"device": "Apple iPhone 16 Pro Max", "status": "in_progress", "customer_id": "486abf9d-fe13-4fb1-a05e-38bae0be1bb4", "ticket_number": "TPG0010"}', '2025-09-04 01:07:27.326432+00'),
	('1eca2a48-49e9-412a-81f9-cf893a7fe9d2', '11111111-1111-1111-1111-111111111111', 'ticket_created', 'ticket', '09ebe8a0-a348-4736-a17b-5107e47726e6', '{"device": "Apple iPhone 15 Pro Max", "status": "new", "customer_id": "cf9fa24e-6751-43e8-9b5d-ca07c3ac6d3d", "ticket_number": "TPG0016"}', '2025-09-06 13:04:39.744083+00'),
	('f10bcdb1-4ccf-467e-aa1a-b98fbc2e0b3c', '11111111-1111-1111-1111-111111111111', 'ticket_created', 'ticket', '00000002-0000-0000-0000-000000000002', '{"device": "Samsung Galaxy S23", "status": "in_progress", "customer_id": "bbbbbbbb-bbbb-bbbb-bbbb-bbbbbbbbbbbb", "ticket_number": "TPG0002"}', '2025-09-03 20:37:32.202521+00'),
	('26da147d-6ab8-4dd7-abcf-9332ecdcb274', '11111111-1111-1111-1111-111111111111', 'ticket_created', 'ticket', '00000001-0000-0000-0000-000000000001', '{"device": "Apple iPhone 14 Pro", "status": "in_progress", "customer_id": "aaaaaaaa-aaaa-aaaa-aaaa-aaaaaaaaaaaa", "ticket_number": "TPG0001"}', '2025-09-03 20:37:32.202521+00'),
	('d30f9d9c-1cdf-43fd-bad9-858c466f9af8', '11111111-1111-1111-1111-111111111111', 'ticket_created', 'ticket', '2656eedb-80fe-4e37-b076-05dbdc67aebd', '{"device": "Unknown Galaxy S21", "status": "in_progress", "customer_id": "aaaaaaaa-aaaa-aaaa-aaaa-aaaaaaaaaaaa", "ticket_number": "TPG0012"}', '2025-09-04 18:13:02.952743+00'),
	('ef0628d3-fe47-4050-8e8c-7159efec693a', '11111111-1111-1111-1111-111111111111', 'ticket_created', 'ticket', '5ba8359c-8b47-45ad-837f-3c3c5adc5c92', '{"device": "Apple iPhone 12", "status": "in_progress", "customer_id": "65eb77ae-d772-4bd0-bfec-313769399cd5", "ticket_number": "TPG0014"}', '2025-09-05 17:21:38.308087+00'),
	('a7b6dfc9-3ca0-41e6-849d-12794e1f0f21', '33333333-3333-3333-3333-333333333333', 'ticket_completed', 'ticket', '00000004-0000-0000-0000-000000000004', '{"device": "Apple iPhone 13", "actual_cost": 189.99, "customer_id": "dddddddd-dddd-dddd-dddd-dddddddddddd", "ticket_number": "TPG0004", "total_time_minutes": 120}', '2025-09-01 20:37:32.202521+00'),
	('6c53bb65-9ffa-4e21-aec2-7b07a366bbda', '11111111-1111-1111-1111-111111111111', 'ticket_assigned', 'repair_ticket', '6bd347af-20d8-479c-8179-f6f9746f25d4', '{"ticket_number": "TPG0011"}', '2025-09-06 17:58:42.257934+00'),
	('6115f33d-6702-48d2-b004-4fb76120b99b', '11111111-1111-1111-1111-111111111111', 'ticket_assigned', 'repair_ticket', '00000002-0000-0000-0000-000000000002', '{"ticket_number": "TPG0002"}', '2025-09-06 18:00:29.966401+00'),
	('09ed2b75-34b8-4a85-92d3-e86c0448ee19', '11111111-1111-1111-1111-111111111111', 'note_created', 'ticket_note', '151b7bcb-0352-4f7c-8150-aaa0d3b88a52', '{"note_type": "internal", "ticket_id": "00000002-0000-0000-0000-000000000002"}', '2025-09-06 18:13:13.536412+00'),
	('e2c88130-e89b-4916-b988-2c1824eca684', '11111111-1111-1111-1111-111111111111', 'ticket_status_changed', 'repair_ticket', '00000002-0000-0000-0000-000000000002', '{"new_status": "completed", "old_status": "in_progress", "ticket_number": "TPG0002"}', '2025-09-06 18:13:13.769416+00'),
	('3c6b00a9-6ae7-4b91-9761-de18449904a8', '11111111-1111-1111-1111-111111111111', 'note_created', 'ticket_note', 'b67118e8-2138-4626-ab03-248f4525cdc8', '{"note_type": "internal", "ticket_id": "6bd347af-20d8-479c-8179-f6f9746f25d4"}', '2025-09-06 18:13:43.463367+00'),
	('9559011f-7fd2-4c83-8e8e-322ee0e3f86d', '11111111-1111-1111-1111-111111111111', 'ticket_status_changed', 'repair_ticket', '6bd347af-20d8-479c-8179-f6f9746f25d4', '{"new_status": "completed", "old_status": "in_progress", "ticket_number": "TPG0011"}', '2025-09-06 18:13:43.572454+00'),
	('5d4d55fb-b25b-4c2f-9a8e-2b1d334da365', '11111111-1111-1111-1111-111111111111', 'note_created', 'ticket_note', 'b1cbf5ac-3146-456e-adfb-6ab712703fe5', '{"note_type": "internal", "ticket_id": "e4fb826c-764c-447c-a357-2ddb01ce25e1"}', '2025-09-06 18:15:33.855785+00'),
	('5c6fa154-8655-4a01-b9e3-88894e16689d', '11111111-1111-1111-1111-111111111111', 'ticket_status_changed', 'repair_ticket', 'e4fb826c-764c-447c-a357-2ddb01ce25e1', '{"new_status": "completed", "old_status": "in_progress", "ticket_number": "TPG0010"}', '2025-09-06 18:15:34.038582+00'),
	('cd39ba26-2087-4452-a902-58d30076582f', '15a254fa-8ba8-45a3-946a-9ea31a1d596e', 'ticket_assigned', 'repair_ticket', '00000006-0000-0000-0000-000000000006', '{"ticket_number": "TPG0006"}', '2025-09-06 18:20:45.567942+00'),
	('ea081a60-4f71-44de-883c-35dea3e287ee', '15a254fa-8ba8-45a3-946a-9ea31a1d596e', 'note_created', 'ticket_note', 'fe394e95-9efd-4b0a-8068-26053ced9ab0', '{"note_type": "internal", "ticket_id": "00000006-0000-0000-0000-000000000006"}', '2025-09-06 18:22:30.092141+00'),
	('72b9e6ea-6a0b-486a-b660-44fc9dcdc3ae', '15a254fa-8ba8-45a3-946a-9ea31a1d596e', 'ticket_status_changed', 'repair_ticket', '00000006-0000-0000-0000-000000000006', '{"new_status": "completed", "old_status": "in_progress", "ticket_number": "TPG0006"}', '2025-09-06 18:22:30.198728+00'),
	('1317cd64-e7dc-49d6-8d42-fc4cb7d254f1', '15a254fa-8ba8-45a3-946a-9ea31a1d596e', 'ticket_assigned', 'repair_ticket', '1622ce8c-aaba-49ef-a3fa-c1da569e7b27', '{"ticket_number": "TPG0015"}', '2025-09-06 20:10:58.921634+00'),
	('3dc946a9-1e90-4972-b620-e05f31b67c99', '15a254fa-8ba8-45a3-946a-9ea31a1d596e', 'ticket_assigned', 'repair_ticket', '09ebe8a0-a348-4736-a17b-5107e47726e6', '{"ticket_number": "TPG0016"}', '2025-09-06 20:11:26.209746+00'),
	('9923cc9e-bafa-41c2-aea8-ecb0d3edba64', '15a254fa-8ba8-45a3-946a-9ea31a1d596e', 'ticket_assigned', 'repair_ticket', '9da431f6-d75a-4882-a084-2e7a6a97ab20', '{"ticket_number": "TPG0017"}', '2025-09-09 16:12:12.02983+00'),
	('7aab6313-fee7-4db2-ad9e-4b3dcc3a5d72', '15a254fa-8ba8-45a3-946a-9ea31a1d596e', 'ticket_status_changed', 'repair_ticket', '9da431f6-d75a-4882-a084-2e7a6a97ab20', '{"new_status": "in_progress", "old_status": "new", "ticket_number": "TPG0017"}', '2025-09-09 16:12:17.692839+00');


--
-- Data for Name: user_id_mapping; Type: TABLE DATA; Schema: public; Owner: postgres
--

INSERT INTO "public"."user_id_mapping" ("auth_user_id", "app_user_id", "created_at") VALUES
	('241d165f-cf6c-4836-97ae-8fe1152583d9', '11111111-1111-1111-1111-111111111111', '2025-09-03 21:06:24.439251+00');


--
-- Data for Name: user_statistics; Type: TABLE DATA; Schema: public; Owner: postgres
--

INSERT INTO "public"."user_statistics" ("id", "user_id", "tickets_created", "tickets_assigned", "tickets_completed", "tickets_in_progress", "tickets_cancelled", "tickets_on_hold", "avg_completion_time_hours", "appointments_created", "appointments_assigned", "appointments_converted", "appointments_no_show", "appointments_cancelled", "conversion_rate", "notes_created", "total_time_logged_minutes", "daily_completion_avg", "weekly_completion_avg", "monthly_completion_avg", "customer_satisfaction_avg", "last_activity_at", "stats_updated_at", "created_at", "updated_at") VALUES
	('3931ddf5-9610-4a0d-bff4-359b0239ab45', '22222222-2222-2222-2222-222222222222', 0, 0, 0, 0, 0, 0, 0.00, 1, 1, 1, 0, 0, 100.00, 2, 0, 0.00, 0.00, 0.00, NULL, NULL, '2025-09-06 18:51:46.692465+00', '2025-09-06 17:21:17.789959+00', '2025-09-06 18:51:46.692465+00'),
	('40f17b96-870b-4535-a0a8-1e9bade11ddd', '33333333-3333-3333-3333-333333333333', 0, 1, 1, 0, 0, 0, 2.00, 1, 1, 1, 0, 0, 100.00, 1, 120, 0.33, 1.00, 1.00, NULL, '2025-09-01 20:37:32.202521+00', '2025-09-06 18:51:46.692465+00', '2025-09-06 17:21:17.789959+00', '2025-09-06 18:51:46.692465+00'),
	('c9677c4a-239e-4da3-96ff-7183a056e044', '44444444-4444-4444-4444-444444444444', 0, 0, 0, 0, 0, 0, 0.00, 0, 0, 0, 0, 0, 0.00, 0, 0, 0.00, 0.00, 0.00, NULL, NULL, '2025-09-06 18:51:46.692465+00', '2025-09-06 17:21:17.789959+00', '2025-09-06 18:51:46.692465+00'),
	('f9bf1ce0-7db2-49a6-a38a-972a135a3f05', '9136a7c4-9535-4493-a5bf-c0c403f24ff0', 0, 0, 0, 0, 0, 0, 0.00, 0, 0, 0, 0, 0, 0.00, 0, 0, 0.00, 0.00, 0.00, NULL, NULL, '2025-09-06 18:51:46.692465+00', '2025-09-06 17:21:17.789959+00', '2025-09-06 18:51:46.692465+00'),
	('45c45a0b-7020-4541-bcae-d7f2f556e7c9', '821cf797-33bb-4022-b172-ffd2794a0fdf', 0, 0, 0, 0, 0, 0, 0.00, 0, 0, 0, 0, 0, 0.00, 0, 0, 0.00, 0.00, 0.00, NULL, NULL, '2025-09-06 18:51:46.692465+00', '2025-09-06 17:21:17.789959+00', '2025-09-06 18:51:46.692465+00'),
	('39ec5e97-2555-4ce7-a0b1-6f79de93e999', '11111111-1111-1111-1111-111111111111', 13, 5, 3, 2, 0, 0, 3.24, 2, 2, 1, 0, 0, 50.00, 5, 584, 1.00, 0.00, 0.00, NULL, '2025-09-06 18:15:34.038582+00', '2025-09-06 18:51:46.692465+00', '2025-09-06 17:21:17.789959+00', '2025-09-06 18:51:46.692465+00'),
	('42394e84-87c8-4ee7-87d5-bb025a268c12', '15a254fa-8ba8-45a3-946a-9ea31a1d596e', 0, 4, 1, 3, 0, 0, 0.00, 0, 3, 1, 0, 0, 33.00, 1, 6, 0.33, 0.00, 0.00, NULL, '2025-09-09 16:12:17.692839+00', '2025-09-09 16:12:17.692839+00', '2025-09-06 18:22:30.092141+00', '2025-09-09 16:12:17.692839+00');


--
-- Data for Name: buckets; Type: TABLE DATA; Schema: storage; Owner: supabase_storage_admin
--

INSERT INTO "storage"."buckets" ("id", "name", "owner", "created_at", "updated_at", "public", "avif_autodetection", "file_size_limit", "allowed_mime_types", "owner_id", "type") VALUES
	('ticket-photos', 'ticket-photos', NULL, '2025-09-04 00:52:41.102114+00', '2025-09-04 00:52:41.102114+00', false, false, 10485760, '{image/png,image/jpeg,image/jpg,image/webp,image/heic}', NULL, 'STANDARD'),
	('device-images', 'device-images', NULL, '2025-09-04 01:43:39.449705+00', '2025-09-04 01:43:39.449705+00', true, false, 5242880, '{image/png,image/jpeg,image/jpg,image/webp}', NULL, 'STANDARD');


--
-- Data for Name: buckets_analytics; Type: TABLE DATA; Schema: storage; Owner: supabase_storage_admin
--



--
-- Data for Name: objects; Type: TABLE DATA; Schema: storage; Owner: supabase_storage_admin
--

INSERT INTO "storage"."objects" ("id", "bucket_id", "name", "owner", "created_at", "updated_at", "last_accessed_at", "metadata", "version", "owner_id", "user_metadata", "level") VALUES
	('567864e1-47b2-4346-b24f-41695199bc10', 'device-images', 'iphone-12-pro-max.png', NULL, '2025-09-04 01:43:39.73714+00', '2025-09-04 03:38:05.129948+00', '2025-09-04 01:43:39.73714+00', '{"eTag": "\"6fbb09477896dd0bbc14c12cdac4f6c0\"", "size": 29444, "mimetype": "image/png", "cacheControl": "max-age=3600", "lastModified": "2025-09-04T03:38:06.000Z", "contentLength": 29444, "httpStatusCode": 200}', '06c50adb-03ef-4ce9-9487-96a0d913b62a', NULL, '{}', NULL),
	('ab43260d-26c9-43c8-8788-c7c86e524e6c', 'device-images', 'iphone-13-pro-max.png', NULL, '2025-09-04 01:43:39.82494+00', '2025-09-04 03:38:06.312991+00', '2025-09-04 01:43:39.82494+00', '{"eTag": "\"9397ab085043d6969d6de18f052966db\"", "size": 37378, "mimetype": "image/png", "cacheControl": "max-age=3600", "lastModified": "2025-09-04T03:38:07.000Z", "contentLength": 37378, "httpStatusCode": 200}', '029697f6-112d-4b4b-904a-e3e211b4d761', NULL, '{}', NULL),
	('a0837ae8-8fe2-451b-b5c4-b7a1b70d2fb4', 'device-images', 'iphone-12-pro.png', NULL, '2025-09-04 01:43:39.677427+00', '2025-09-04 03:38:05.732118+00', '2025-09-04 01:43:39.677427+00', '{"eTag": "\"d9787247af47fc4ec81f05a325c256c1\"", "size": 36666, "mimetype": "image/png", "cacheControl": "max-age=3600", "lastModified": "2025-09-04T03:38:06.000Z", "contentLength": 36666, "httpStatusCode": 200}', '35d854b1-a25f-4f28-94e4-f2071afd4105', NULL, '{}', NULL),
	('ea96a2de-f4c6-499a-881b-1d4941d78c90', 'device-images', 'iphone-13-mini.png', NULL, '2025-09-04 01:43:39.793645+00', '2025-09-04 03:38:06.115723+00', '2025-09-04 01:43:39.793645+00', '{"eTag": "\"f5cc3ea57e1c7df276b3f1578a8f4824\"", "size": 38570, "mimetype": "image/png", "cacheControl": "max-age=3600", "lastModified": "2025-09-04T03:38:07.000Z", "contentLength": 38570, "httpStatusCode": 200}', 'a07465f9-c644-4c33-9024-89f92eb3ee82', NULL, '{}', NULL),
	('03429c42-53e7-470f-8888-c956ed691ffe', 'device-images', 'iphone-12.png', NULL, '2025-09-04 01:43:39.616091+00', '2025-09-04 03:38:05.908562+00', '2025-09-04 01:43:39.616091+00', '{"eTag": "\"71f08853a963938f92b7812f1e2e2503\"", "size": 42225, "mimetype": "image/png", "cacheControl": "max-age=3600", "lastModified": "2025-09-04T03:38:06.000Z", "contentLength": 42225, "httpStatusCode": 200}', '9dc80f35-18f2-4aef-86aa-bebcbb51d695', NULL, '{}', NULL),
	('54615055-f7de-4ae0-ad1a-5587e8f7359f', 'device-images', 'iphone-14-pro.png', NULL, '2025-09-04 01:43:39.961851+00', '2025-09-04 03:38:07.086288+00', '2025-09-04 01:43:39.961851+00', '{"eTag": "\"467e270cea92a95236a0005da86033f0\"", "size": 37462, "mimetype": "image/png", "cacheControl": "max-age=3600", "lastModified": "2025-09-04T03:38:08.000Z", "contentLength": 37462, "httpStatusCode": 200}', '7c1a2c69-c4af-4b6a-a1cd-47cace7fd8a7', NULL, '{}', NULL),
	('51cc3861-fe90-4bee-b4c4-fe1c8b6b3bc5', 'device-images', 'iphone-13.png', NULL, '2025-09-04 01:43:39.766253+00', '2025-09-04 03:38:06.485554+00', '2025-09-04 01:43:39.766253+00', '{"eTag": "\"c7f6ab74e3630bf291b418d698b18538\"", "size": 37919, "mimetype": "image/png", "cacheControl": "max-age=3600", "lastModified": "2025-09-04T03:38:07.000Z", "contentLength": 37919, "httpStatusCode": 200}', '00e041b1-dd80-47b9-813c-ce7cb2a3bd38', NULL, '{}', NULL),
	('1c6ff40f-16f3-4337-8c65-2bde7fbf096a', 'device-images', 'iphone-14-pro-max.png', NULL, '2025-09-04 01:43:40.008096+00', '2025-09-04 03:38:06.705572+00', '2025-09-04 01:43:40.008096+00', '{"eTag": "\"07ebe5f4541069976ad6d6603e17d4f0\"", "size": 37625, "mimetype": "image/png", "cacheControl": "max-age=3600", "lastModified": "2025-09-04T03:38:07.000Z", "contentLength": 37625, "httpStatusCode": 200}', '459bd96b-d0b8-485c-8e8e-85d837fe27f6', NULL, '{}', NULL),
	('cb112fd9-e616-4597-8aeb-b07d325ce509', 'device-images', 'iphone-16-pro-max.jpg', NULL, '2025-09-04 01:58:47.811904+00', '2025-09-04 04:18:22.729197+00', '2025-09-04 01:58:47.811904+00', '{"eTag": "\"c1dc75a3a9603f3558b8c12672a7046d\"", "size": 61308, "mimetype": "image/jpeg", "cacheControl": "max-age=3600", "lastModified": "2025-09-04T04:18:23.000Z", "contentLength": 61308, "httpStatusCode": 200}', '278910fe-4eaa-4295-ad78-56352fc9bbec', NULL, '{}', NULL),
	('2a86b9b0-d48d-473f-a159-d6f7e133572c', 'device-images', 'iphone-xs-max.png', NULL, '2025-09-04 01:43:40.040494+00', '2025-09-04 03:38:09.755546+00', '2025-09-04 01:43:40.040494+00', '{"eTag": "\"b2575476c1b44e1227173d72f18af28f\"", "size": 42985, "mimetype": "image/png", "cacheControl": "max-age=3600", "lastModified": "2025-09-04T03:38:10.000Z", "contentLength": 42985, "httpStatusCode": 200}', '7d619772-4a5c-442f-ad87-a5c59ba444c0', NULL, '{}', NULL),
	('156fe7ac-9598-4bcf-9609-77fa061bfd51', 'device-images', 'iphone-14.png', NULL, '2025-09-04 01:43:39.929789+00', '2025-09-04 03:38:07.240228+00', '2025-09-04 01:43:39.929789+00', '{"eTag": "\"0bd1d33f9bdaff1fa03e039fecf73e1f\"", "size": 40103, "mimetype": "image/png", "cacheControl": "max-age=3600", "lastModified": "2025-09-04T03:38:08.000Z", "contentLength": 40103, "httpStatusCode": 200}', 'baf58d5a-a5da-45dc-842c-264ac45923a9', NULL, '{}', NULL),
	('a75795de-67f4-4256-b82b-8be0e9d8662b', 'device-images', '25-05-2022-1653481206pixel-4-xl-1.png', NULL, '2025-09-04 01:43:40.068021+00', '2025-09-04 03:38:01.121962+00', '2025-09-04 01:43:40.068021+00', '{"eTag": "\"ed88310e055b40a0e416fabec6c70c9a\"", "size": 35256, "mimetype": "image/png", "cacheControl": "max-age=3600", "lastModified": "2025-09-04T03:38:02.000Z", "contentLength": 35256, "httpStatusCode": 200}', 'a9c089e7-4bca-4e87-8bdb-83bd61cceb0f', NULL, '{}', NULL),
	('9c92db41-ff9b-4c8f-ae77-de1106345aff', 'device-images', 'iphone-11-pro-max.png', NULL, '2025-09-04 01:43:39.58407+00', '2025-09-04 03:38:04.099247+00', '2025-09-04 01:43:39.58407+00', '{"eTag": "\"cba049dac8f2767e7f8bd21913515a16\"", "size": 48803, "mimetype": "image/png", "cacheControl": "max-age=3600", "lastModified": "2025-09-04T03:38:05.000Z", "contentLength": 48803, "httpStatusCode": 200}', '68dae11f-8ef6-49d6-b4a8-18d40b9098a5', NULL, '{}', NULL),
	('4f1daec1-5cca-44d7-bd51-a16446658a3c', 'device-images', 'iphone-11.png', NULL, '2025-09-04 01:43:39.519566+00', '2025-09-04 03:38:04.659007+00', '2025-09-04 01:43:39.519566+00', '{"eTag": "\"27637fd1abd01da6ba2371969002f6be\"", "size": 28474, "mimetype": "image/png", "cacheControl": "max-age=3600", "lastModified": "2025-09-04T03:38:05.000Z", "contentLength": 28474, "httpStatusCode": 200}', 'a5c5dc7b-80bb-4f19-9fda-70c5745dfce8', NULL, '{}', NULL),
	('af17a38d-80e3-43d0-b411-66067faaefa8', 'device-images', 'iphone-12-mini.png', NULL, '2025-09-04 01:43:39.646616+00', '2025-09-04 03:38:04.928842+00', '2025-09-04 01:43:39.646616+00', '{"eTag": "\"c59a4e1ce8d322d518cbec84e23c163b\"", "size": 39869, "mimetype": "image/png", "cacheControl": "max-age=3600", "lastModified": "2025-09-04T03:38:05.000Z", "contentLength": 39869, "httpStatusCode": 200}', 'c41670de-6817-4cea-a86e-e778a12c4d07', NULL, '{}', NULL),
	('46ab6596-6d80-42cd-bd11-4ad15bf069f9', 'device-images', '25-05-2022-1653481311pixel-5.png', NULL, '2025-09-04 01:43:40.149022+00', '2025-09-04 03:38:02.787227+00', '2025-09-04 01:43:40.149022+00', '{"eTag": "\"9210bddd924c39b39c6dbe21f9fe20a0\"", "size": 52130, "mimetype": "image/png", "cacheControl": "max-age=3600", "lastModified": "2025-09-04T03:38:03.000Z", "contentLength": 52130, "httpStatusCode": 200}', '3685db67-3478-4f7e-8678-49ffb3fedec4', NULL, '{}', NULL),
	('6deaee1a-852c-4255-9a33-512d6edf2cac', 'device-images', '25-05-2022-1653481348pixel-5a.png', NULL, '2025-09-04 01:43:40.166959+00', '2025-09-04 03:38:03.148183+00', '2025-09-04 01:43:40.166959+00', '{"eTag": "\"256e718e7f849e2a22c6c0ba4ac0c963\"", "size": 45676, "mimetype": "image/png", "cacheControl": "max-age=3600", "lastModified": "2025-09-04T03:38:04.000Z", "contentLength": 45676, "httpStatusCode": 200}', 'ae0eeebe-e10e-49ce-bc78-0c41c748fa1b', NULL, '{}', NULL),
	('53ae13c1-4fe0-45d5-8729-5e75bb7cbc06', 'device-images', '25-05-2022-1653481364pixel-6.png', NULL, '2025-09-04 01:43:40.187177+00', '2025-09-04 03:38:03.392469+00', '2025-09-04 01:43:40.187177+00', '{"eTag": "\"216f9700fb67a6726564bd3cc6c8abd8\"", "size": 59129, "mimetype": "image/png", "cacheControl": "max-age=3600", "lastModified": "2025-09-04T03:38:04.000Z", "contentLength": 59129, "httpStatusCode": 200}', 'b1e1d44c-4af2-47f9-833c-92e59f184d60', NULL, '{}', NULL),
	('0973ad97-a721-4961-bf0c-f462aad96291', 'device-images', '25-05-2022-1653481380pixel-6-pro.png', NULL, '2025-09-04 01:43:40.206438+00', '2025-09-04 03:38:03.691372+00', '2025-09-04 01:43:40.206438+00', '{"eTag": "\"526edfc605cfea55f06e0cb7ae852854\"", "size": 59041, "mimetype": "image/png", "cacheControl": "max-age=3600", "lastModified": "2025-09-04T03:38:04.000Z", "contentLength": 59041, "httpStatusCode": 200}', 'e0c5f462-b24b-4359-8642-2d005d982641', NULL, '{}', NULL),
	('37181a54-4fc0-4d54-bf98-ec3729ef8c65', 'device-images', 'google-main.png', NULL, '2025-09-04 01:43:40.226033+00', '2025-09-04 03:38:03.850355+00', '2025-09-04 01:43:40.226033+00', '{"eTag": "\"28e75c8382560052cf4aab837c8c0fc4\"", "size": 18491, "mimetype": "image/png", "cacheControl": "max-age=3600", "lastModified": "2025-09-04T03:38:04.000Z", "contentLength": 18491, "httpStatusCode": 200}', '0e5d980f-a03e-4df5-a77b-d77a6717541f', NULL, '{}', NULL),
	('9b753ec5-ddda-4470-ad90-e2131d2bfb15', 'device-images', 'iphone-14-pro-plus.png', NULL, '2025-09-04 01:43:40.4548+00', '2025-09-04 03:38:06.923528+00', '2025-09-04 01:43:40.4548+00', '{"eTag": "\"7f99920c31c4c899d3fccae7b6c9b2e8\"", "size": 44682, "mimetype": "image/png", "cacheControl": "max-age=3600", "lastModified": "2025-09-04T03:38:07.000Z", "contentLength": 44682, "httpStatusCode": 200}', '200cfbaf-93d7-462c-ba15-87e929ae73e9', NULL, '{}', NULL),
	('751e4172-b2d2-4692-ab45-9ec464711c1e', 'device-images', 'iphone-5s.png', NULL, '2025-09-04 01:43:40.515653+00', '2025-09-04 03:38:07.457176+00', '2025-09-04 01:43:40.515653+00', '{"eTag": "\"3a6dc51e7036c6ff0f515de2572f15ca\"", "size": 41486, "mimetype": "image/png", "cacheControl": "max-age=3600", "lastModified": "2025-09-04T03:38:08.000Z", "contentLength": 41486, "httpStatusCode": 200}', '5d0f4161-963a-4f2f-9ca4-3b9ccdf4a891', NULL, '{}', NULL),
	('23241398-a1c6-4bdb-a6db-5d41416c9589', 'device-images', 'iphone-6-plus.png', NULL, '2025-09-04 01:43:40.534643+00', '2025-09-04 03:38:07.673402+00', '2025-09-04 01:43:40.534643+00', '{"eTag": "\"8944aa61398f0c00d2494c5d6452f3bf\"", "size": 8365, "mimetype": "image/png", "cacheControl": "max-age=3600", "lastModified": "2025-09-04T03:38:08.000Z", "contentLength": 8365, "httpStatusCode": 200}', '700e21df-ccbf-4106-9188-c4220ac67f95', NULL, '{}', NULL),
	('0a6bfad9-de2b-4cdf-9ab3-6019bb936fbc', 'device-images', 'iphone-6.png', NULL, '2025-09-04 01:43:40.555362+00', '2025-09-04 03:38:07.885941+00', '2025-09-04 01:43:40.555362+00', '{"eTag": "\"4747149f437720af26cffba3c6ec1cef\"", "size": 51337, "mimetype": "image/png", "cacheControl": "max-age=3600", "lastModified": "2025-09-04T03:38:08.000Z", "contentLength": 51337, "httpStatusCode": 200}', '978d8b4c-8387-4a52-903d-77b04401d63b', NULL, '{}', NULL),
	('e3e1731e-804e-495b-8d50-c0654dcf4863', 'device-images', 'iphone-6s-plus.png', NULL, '2025-09-04 01:43:40.57781+00', '2025-09-04 03:38:08.086136+00', '2025-09-04 01:43:40.57781+00', '{"eTag": "\"cd2096e1ea8a560d1c0163b90e446325\"", "size": 32787, "mimetype": "image/png", "cacheControl": "max-age=3600", "lastModified": "2025-09-04T03:38:09.000Z", "contentLength": 32787, "httpStatusCode": 200}', 'a4e25025-7cab-44f2-b2b3-272bff2d75a1', NULL, '{}', NULL),
	('62aab5f9-d5c0-4f31-8472-663594651c44', 'device-images', 'iphone-6s.png', NULL, '2025-09-04 01:43:40.600079+00', '2025-09-04 03:38:08.279404+00', '2025-09-04 01:43:40.600079+00', '{"eTag": "\"a6b45e6799194ab3c4d5eb219d672bfb\"", "size": 40223, "mimetype": "image/png", "cacheControl": "max-age=3600", "lastModified": "2025-09-04T03:38:09.000Z", "contentLength": 40223, "httpStatusCode": 200}', 'bd6cca05-2061-4df2-b862-17704870346b', NULL, '{}', NULL),
	('842f85e5-47da-4749-a7ab-a81b44a4f1b1', 'device-images', 'iphone-7-plus.png', NULL, '2025-09-04 01:43:40.621156+00', '2025-09-04 03:38:08.501445+00', '2025-09-04 01:43:40.621156+00', '{"eTag": "\"6f567f6bdc398683ec7d59d96638fd80\"", "size": 53113, "mimetype": "image/png", "cacheControl": "max-age=3600", "lastModified": "2025-09-04T03:38:09.000Z", "contentLength": 53113, "httpStatusCode": 200}', 'b9bdb831-d11a-44ec-9184-9fa66413bba0', NULL, '{}', NULL),
	('f75f4895-e0fc-434b-94c3-a0b21cace535', 'device-images', 'iphone-8-plus.png', NULL, '2025-09-04 01:43:40.643165+00', '2025-09-04 03:38:08.671699+00', '2025-09-04 01:43:40.643165+00', '{"eTag": "\"312fb95b175cbf92a7f9cc2d334766ff\"", "size": 41669, "mimetype": "image/png", "cacheControl": "max-age=3600", "lastModified": "2025-09-04T03:38:09.000Z", "contentLength": 41669, "httpStatusCode": 200}', '4f5c5a3e-b104-455e-8c61-ba42319aa028', NULL, '{}', NULL),
	('9d3871cd-7b8b-4e78-88d4-695b41770c89', 'device-images', 'iphone-8.png', NULL, '2025-09-04 01:43:40.664545+00', '2025-09-04 03:38:08.865252+00', '2025-09-04 01:43:40.664545+00', '{"eTag": "\"b10f5e972c4f5d23972d7ba0422a5b00\"", "size": 44021, "mimetype": "image/png", "cacheControl": "max-age=3600", "lastModified": "2025-09-04T03:38:09.000Z", "contentLength": 44021, "httpStatusCode": 200}', 'f8c4dd6a-c75f-483d-9fb5-2eb17031df08', NULL, '{}', NULL),
	('0e17bf73-4287-4f34-875b-e6aa8cfde178', 'device-images', 's7.png', NULL, '2025-09-04 01:43:43.335527+00', '2025-09-04 03:38:38.490779+00', '2025-09-04 01:43:43.335527+00', '{"eTag": "\"3a45dd4d60e6d851abf321f9f1243681\"", "size": 56004, "mimetype": "image/png", "cacheControl": "max-age=3600", "lastModified": "2025-09-04T03:38:39.000Z", "contentLength": 56004, "httpStatusCode": 200}', '8a868f15-4e4d-4116-a2b4-185664a1d476', NULL, '{}', NULL),
	('25388383-ecf2-4acf-8d43-06ec9c57d1fb', 'device-images', '25-05-2022-1653481274pixel-4a.png', NULL, '2025-09-04 01:43:40.12888+00', '2025-09-04 03:38:02.367776+00', '2025-09-04 01:43:40.12888+00', '{"eTag": "\"84684a1563d23cc69db40a8c51eadbfa\"", "size": 37071, "mimetype": "image/png", "cacheControl": "max-age=3600", "lastModified": "2025-09-04T03:38:03.000Z", "contentLength": 37071, "httpStatusCode": 200}', '912de027-0e81-4478-a7d0-5889e96692fc', NULL, '{}', NULL),
	('4bbbc923-15db-4461-adb0-96d005ebe1c3', 'device-images', 'iphone-se-2022.png', NULL, '2025-09-04 01:43:40.727613+00', '2025-09-04 03:38:09.596629+00', '2025-09-04 01:43:40.727613+00', '{"eTag": "\"e1de78a89cea4125f40ddb34c72c5d44\"", "size": 38262, "mimetype": "image/png", "cacheControl": "max-age=3600", "lastModified": "2025-09-04T03:38:10.000Z", "contentLength": 38262, "httpStatusCode": 200}', '836f47a4-17ad-4692-a7cf-4c854d2bac20', NULL, '{}', NULL),
	('dab3fdb7-d4fb-4c99-8d94-2778ac36a699', 'device-images', 'ipone-x.png', NULL, '2025-09-04 01:43:40.763379+00', '2025-09-04 03:38:09.925916+00', '2025-09-04 01:43:40.763379+00', '{"eTag": "\"e8917e9a7de7973c7c9ab7092acef873\"", "size": 34083, "mimetype": "image/png", "cacheControl": "max-age=3600", "lastModified": "2025-09-04T03:38:10.000Z", "contentLength": 34083, "httpStatusCode": 200}', 'a70b3747-5d03-43ac-af69-26391e124a70', NULL, '{}', NULL),
	('8fba765f-7257-4c21-b33b-f1b67a1797ce', 'device-images', 'iphone-main.png', NULL, '2025-09-04 01:43:40.781049+00', '2025-09-04 03:38:10.111195+00', '2025-09-04 01:43:40.781049+00', '{"eTag": "\"93ababb3a3eb049dc39c2eedc9191d19\"", "size": 15403, "mimetype": "image/png", "cacheControl": "max-age=3600", "lastModified": "2025-09-04T03:38:11.000Z", "contentLength": 15403, "httpStatusCode": 200}', 'ba1d836a-2b99-4578-a350-1ffd1f52ba55', NULL, '{}', NULL),
	('a8b74409-f82b-406d-a29c-af4d239c5c8c', 'device-images', '25-05-2022-1653476710g4.png', NULL, '2025-09-04 01:43:40.799845+00', '2025-09-04 03:38:10.279184+00', '2025-09-04 01:43:40.799845+00', '{"eTag": "\"41e205ab840df72778cbf4aa2f54b08c\"", "size": 47468, "mimetype": "image/png", "cacheControl": "max-age=3600", "lastModified": "2025-09-04T03:38:11.000Z", "contentLength": 47468, "httpStatusCode": 200}', 'b94cf765-e757-4edc-9aaa-40e8648bfecf', NULL, '{}', NULL),
	('217881f3-75b3-463b-84c2-fc11bfa097de', 'device-images', '25-05-2022-1653476734g5.png', NULL, '2025-09-04 01:43:40.819686+00', '2025-09-04 03:38:10.466929+00', '2025-09-04 01:43:40.819686+00', '{"eTag": "\"b7c32dca64b3c74cd0d83a8027c3742b\"", "size": 40635, "mimetype": "image/png", "cacheControl": "max-age=3600", "lastModified": "2025-09-04T03:38:11.000Z", "contentLength": 40635, "httpStatusCode": 200}', '387b5ba9-5998-4a74-8f74-63e84e990bf9', NULL, '{}', NULL),
	('e52e9612-3e56-4ffc-ad52-c6a29815eb7f', 'device-images', '25-05-2022-1653476754g6.png', NULL, '2025-09-04 01:43:40.838585+00', '2025-09-04 03:38:10.622208+00', '2025-09-04 01:43:40.838585+00', '{"eTag": "\"2673d8d16072e7e43eebe8419012c58c\"", "size": 46200, "mimetype": "image/png", "cacheControl": "max-age=3600", "lastModified": "2025-09-04T03:38:11.000Z", "contentLength": 46200, "httpStatusCode": 200}', '5e847e98-4f8a-40b8-a026-441dd06cd1aa', NULL, '{}', NULL),
	('8be2f18d-28d7-4ed6-9079-77d399fb0b4d', 'device-images', '25-05-2022-1653476772g7.png', NULL, '2025-09-04 01:43:40.861012+00', '2025-09-04 03:38:10.822778+00', '2025-09-04 01:43:40.861012+00', '{"eTag": "\"a4c093f1a7edd01ab9677f883a10bdd2\"", "size": 49792, "mimetype": "image/png", "cacheControl": "max-age=3600", "lastModified": "2025-09-04T03:38:11.000Z", "contentLength": 49792, "httpStatusCode": 200}', '6d95aab7-0bed-4551-a24c-aa8f553cfd16', NULL, '{}', NULL),
	('18999233-6a9a-4085-a943-301bb55b02ac', 'device-images', '25-05-2022-1653476800g8.png', NULL, '2025-09-04 01:43:40.879135+00', '2025-09-04 03:38:11.001616+00', '2025-09-04 01:43:40.879135+00', '{"eTag": "\"4dff37da3b8e239c95e84f80dbc455b2\"", "size": 57136, "mimetype": "image/png", "cacheControl": "max-age=3600", "lastModified": "2025-09-04T03:38:11.000Z", "contentLength": 57136, "httpStatusCode": 200}', 'ec15c8ac-516e-479b-a46f-c9aaccab7cbb', NULL, '{}', NULL),
	('7fe810da-a902-442a-8441-6b04fba31c0b', 'device-images', '25-05-2022-1653476836g8.png', NULL, '2025-09-04 01:43:40.896868+00', '2025-09-04 03:38:11.212185+00', '2025-09-04 01:43:40.896868+00', '{"eTag": "\"4dff37da3b8e239c95e84f80dbc455b2\"", "size": 57136, "mimetype": "image/png", "cacheControl": "max-age=3600", "lastModified": "2025-09-04T03:38:12.000Z", "contentLength": 57136, "httpStatusCode": 200}', '2ee78ffd-bbbe-48b0-b17d-5abc2f95d213', NULL, '{}', NULL),
	('4425ba5f-cf84-4bee-8fe1-8924d3151f47', 'device-images', '25-05-2022-1653476850g8x.png', NULL, '2025-09-04 01:43:40.915407+00', '2025-09-04 03:38:11.428836+00', '2025-09-04 01:43:40.915407+00', '{"eTag": "\"c4a6a58493d85b8bd2ad6048db794ecf\"", "size": 58304, "mimetype": "image/png", "cacheControl": "max-age=3600", "lastModified": "2025-09-04T03:38:12.000Z", "contentLength": 58304, "httpStatusCode": 200}', '2c860ea5-3e96-4625-a1a1-eba99c6d1368', NULL, '{}', NULL),
	('1d4c99f2-9436-43c4-8cdc-1fea1ef1757a', 'device-images', '25-05-2022-1653476886lg-velvet.png', NULL, '2025-09-04 01:43:40.933214+00', '2025-09-04 03:38:11.599143+00', '2025-09-04 01:43:40.933214+00', '{"eTag": "\"d144e418bc0e784f79290cd41d4dd98c\"", "size": 42522, "mimetype": "image/png", "cacheControl": "max-age=3600", "lastModified": "2025-09-04T03:38:12.000Z", "contentLength": 42522, "httpStatusCode": 200}', 'f443a08e-620f-4862-86e3-4ea816648737', NULL, '{}', NULL),
	('12f03a01-cf5e-4e27-8f7c-b75902ac9925', 'device-images', '25-05-2022-1653476916k-30.png', NULL, '2025-09-04 01:43:40.950312+00', '2025-09-04 03:38:11.805788+00', '2025-09-04 01:43:40.950312+00', '{"eTag": "\"944cd0afd03ee53e0d99db4fc441adbe\"", "size": 57648, "mimetype": "image/png", "cacheControl": "max-age=3600", "lastModified": "2025-09-04T03:38:12.000Z", "contentLength": 57648, "httpStatusCode": 200}', '10f55d15-928c-471b-b31f-29b8a560bc78', NULL, '{}', NULL),
	('acf0182d-5ec5-491f-a51a-2c3ab8c4a45f', 'device-images', '25-05-2022-1653478838k31.png', NULL, '2025-09-04 01:43:40.968648+00', '2025-09-04 03:38:12.041824+00', '2025-09-04 01:43:40.968648+00', '{"eTag": "\"2c37ecc71bebfcf34f9b92762b81e316\"", "size": 45822, "mimetype": "image/png", "cacheControl": "max-age=3600", "lastModified": "2025-09-04T03:38:12.000Z", "contentLength": 45822, "httpStatusCode": 200}', 'e12484ee-84fa-4228-961c-6795e58019fc', NULL, '{}', NULL),
	('31fe5a5a-5c40-4be8-9275-c9e473305b4e', 'device-images', '25-05-2022-1653478866k40.png', NULL, '2025-09-04 01:43:40.98707+00', '2025-09-04 03:38:12.22951+00', '2025-09-04 01:43:40.98707+00', '{"eTag": "\"57fd64c1f9315368c1de9edc84c1900a\"", "size": 58596, "mimetype": "image/png", "cacheControl": "max-age=3600", "lastModified": "2025-09-04T03:38:13.000Z", "contentLength": 58596, "httpStatusCode": 200}', '495c541a-c189-4fe8-afe9-d745804aeb2b', NULL, '{}', NULL),
	('70545a54-a3c6-4149-8bf9-e7a8d6c32b23', 'device-images', '25-05-2022-1653478883k50.png', NULL, '2025-09-04 01:43:41.004827+00', '2025-09-04 03:38:12.441639+00', '2025-09-04 01:43:41.004827+00', '{"eTag": "\"0290ef163401fd1d5e26ec4cf1fd63e5\"", "size": 57522, "mimetype": "image/png", "cacheControl": "max-age=3600", "lastModified": "2025-09-04T03:38:13.000Z", "contentLength": 57522, "httpStatusCode": 200}', '30178800-959a-46eb-a397-e7e91a57fc47', NULL, '{}', NULL),
	('9ffa7cdc-d243-4f83-8d0f-8d8e217aec94', 'device-images', 'iphone-se-2020.png', NULL, '2025-09-04 01:43:40.706431+00', '2025-09-04 03:38:09.215959+00', '2025-09-04 01:43:40.706431+00', '{"eTag": "\"ee708b0a106341060e5c51e4bce96722\"", "size": 50338, "mimetype": "image/png", "cacheControl": "max-age=3600", "lastModified": "2025-09-04T03:38:10.000Z", "contentLength": 50338, "httpStatusCode": 200}', 'd54772e5-d3bf-411d-93b9-361551d9d7b8', NULL, '{}', NULL),
	('4b53f95a-228c-4ffb-bedf-1ad41903996e', 'device-images', 'galaxy-a54.png', NULL, '2025-09-04 17:39:44.955676+00', '2025-09-04 17:39:44.955676+00', '2025-09-04 17:39:44.955676+00', '{"eTag": "\"ed1cb93b6c883bb3d365b1a25f7be287\"", "size": 56612, "mimetype": "image/png", "cacheControl": "max-age=3600", "lastModified": "2025-09-04T17:39:45.000Z", "contentLength": 56612, "httpStatusCode": 200}', '5ca352ac-73ba-4c57-a9af-1843549dd411', NULL, '{}', 1),
	('c9ee8da7-7496-4998-a1b6-abc97247e275', 'device-images', '25-05-2022-1653478950k-62.png', NULL, '2025-09-04 01:43:41.061051+00', '2025-09-04 03:38:12.98332+00', '2025-09-04 01:43:41.061051+00', '{"eTag": "\"b45725c237207eb76e0bc6dd34ce0605\"", "size": 50309, "mimetype": "image/png", "cacheControl": "max-age=3600", "lastModified": "2025-09-04T03:38:13.000Z", "contentLength": 50309, "httpStatusCode": 200}', '70ec5dde-5bf4-46d4-a7d3-62a564ea9833', NULL, '{}', NULL),
	('fa3e303c-e8b8-4728-91ec-77b70f3a31fd', 'device-images', '25-05-2022-1653478985k-92-1.png', NULL, '2025-09-04 01:43:41.079805+00', '2025-09-04 03:38:13.146484+00', '2025-09-04 01:43:41.079805+00', '{"eTag": "\"46b45f6d4608f4320af7ed0ce6a9a5e4\"", "size": 53198, "mimetype": "image/png", "cacheControl": "max-age=3600", "lastModified": "2025-09-04T03:38:14.000Z", "contentLength": 53198, "httpStatusCode": 200}', '19156ae4-680c-4093-b11f-a518d6d74165', NULL, '{}', NULL),
	('6c0b7c1f-9c7d-479a-8128-5c02f3d8b1d2', 'device-images', '25-05-2022-1653478985k-92.png', NULL, '2025-09-04 01:43:41.097249+00', '2025-09-04 03:38:13.372636+00', '2025-09-04 01:43:41.097249+00', '{"eTag": "\"46b45f6d4608f4320af7ed0ce6a9a5e4\"", "size": 53198, "mimetype": "image/png", "cacheControl": "max-age=3600", "lastModified": "2025-09-04T03:38:14.000Z", "contentLength": 53198, "httpStatusCode": 200}', '86864050-02fd-48af-bc25-a08321bde128', NULL, '{}', NULL),
	('91d032e6-db6f-4057-a296-78633368c3cf', 'device-images', '25-05-2022-1653479120stylo-4.png', NULL, '2025-09-04 01:43:41.114824+00', '2025-09-04 03:38:13.56661+00', '2025-09-04 01:43:41.114824+00', '{"eTag": "\"26180399663bc1e8c586c2a5a5d1a426\"", "size": 52358, "mimetype": "image/png", "cacheControl": "max-age=3600", "lastModified": "2025-09-04T03:38:14.000Z", "contentLength": 52358, "httpStatusCode": 200}', '4cb7a869-22da-420b-9334-7a0cae82d43e', NULL, '{}', NULL),
	('b4529ba3-2782-4c86-b680-df725a58baf8', 'device-images', '25-05-2022-1653479160stylo-4-plus.png', NULL, '2025-09-04 01:43:41.131849+00', '2025-09-04 03:38:13.730333+00', '2025-09-04 01:43:41.131849+00', '{"eTag": "\"03abca4630d0d80f314b25a2b792b898\"", "size": 46640, "mimetype": "image/png", "cacheControl": "max-age=3600", "lastModified": "2025-09-04T03:38:14.000Z", "contentLength": 46640, "httpStatusCode": 200}', '1c3efa25-a561-422e-aeb8-0d7b9c402c67', NULL, '{}', NULL),
	('d539d2c7-249a-474d-9497-f121597cbf42', 'device-images', '25-05-2022-1653479179stylo-5.png', NULL, '2025-09-04 01:43:41.148405+00', '2025-09-04 03:38:14.201792+00', '2025-09-04 01:43:41.148405+00', '{"eTag": "\"342d6602b3961179485e29a70af1c8ae\"", "size": 42483, "mimetype": "image/png", "cacheControl": "max-age=3600", "lastModified": "2025-09-04T03:38:15.000Z", "contentLength": 42483, "httpStatusCode": 200}', 'a9b55792-832d-4d5f-b374-d773acbd732d', NULL, '{}', NULL),
	('23427b7a-8c41-42d3-bdd6-6f13d587e70f', 'device-images', '25-05-2022-1653479193stylo-6.png', NULL, '2025-09-04 01:43:41.164551+00', '2025-09-04 03:38:14.414019+00', '2025-09-04 01:43:41.164551+00', '{"eTag": "\"fa0c6ab6c1c46d145422c7e069c3554b\"", "size": 56537, "mimetype": "image/png", "cacheControl": "max-age=3600", "lastModified": "2025-09-04T03:38:15.000Z", "contentLength": 56537, "httpStatusCode": 200}', 'e5e0cd1c-1533-4176-9e06-7f25b82add12', NULL, '{}', NULL),
	('474552cf-fb37-4ce9-912e-4201b6193495', 'device-images', '25-05-2022-1653479332stylo-7.png', NULL, '2025-09-04 01:43:41.181245+00', '2025-09-04 03:38:14.592358+00', '2025-09-04 01:43:41.181245+00', '{"eTag": "\"edbfebfca3cd9c22c8a9dce10a7490c4\"", "size": 30692, "mimetype": "image/png", "cacheControl": "max-age=3600", "lastModified": "2025-09-04T03:38:15.000Z", "contentLength": 30692, "httpStatusCode": 200}', '3d138869-35df-4f98-a40d-844ba7a68f40', NULL, '{}', NULL),
	('d0686baa-874b-4c9d-a086-81c7f719b178', 'device-images', '30-05-2022-1653918882lg-v30.png', NULL, '2025-09-04 01:43:41.20008+00', '2025-09-04 03:38:14.766819+00', '2025-09-04 01:43:41.20008+00', '{"eTag": "\"d7799c4e98614cda4f9f3700352ac23b\"", "size": 64808, "mimetype": "image/png", "cacheControl": "max-age=3600", "lastModified": "2025-09-04T03:38:15.000Z", "contentLength": 64808, "httpStatusCode": 200}', '263ec5e5-bf72-4a0b-b10b-a501f3492f30', NULL, '{}', NULL),
	('6c667713-2d57-4cbf-8b0c-b24522782f66', 'device-images', '30-05-2022-1653919086lg-v30-thin-q.png', NULL, '2025-09-04 01:43:41.220208+00', '2025-09-04 03:38:14.99224+00', '2025-09-04 01:43:41.220208+00', '{"eTag": "\"c62e45ec4f910a43e87d52b7a49bf582\"", "size": 70230, "mimetype": "image/png", "cacheControl": "max-age=3600", "lastModified": "2025-09-04T03:38:15.000Z", "contentLength": 70230, "httpStatusCode": 200}', '2743b0d5-ebe9-4a1e-afdc-9b4f4701e6b3', NULL, '{}', NULL),
	('a92004d2-1911-49c4-a01b-7da9148d59a9', 'device-images', '30-05-2022-1653919144lg-v35.png', NULL, '2025-09-04 01:43:41.240325+00', '2025-09-04 03:38:15.222594+00', '2025-09-04 01:43:41.240325+00', '{"eTag": "\"26a9164d01db032a5fd2770345bf45a5\"", "size": 75266, "mimetype": "image/png", "cacheControl": "max-age=3600", "lastModified": "2025-09-04T03:38:16.000Z", "contentLength": 75266, "httpStatusCode": 200}', '267a8bd6-8786-4600-9c68-3d9f6acdbd5d', NULL, '{}', NULL),
	('938076cc-eb07-4798-8468-c8fe17c20c85', 'device-images', '30-05-2022-1653919178lg-v40.png', NULL, '2025-09-04 01:43:41.257575+00', '2025-09-04 03:38:15.41039+00', '2025-09-04 01:43:41.257575+00', '{"eTag": "\"234f3fef25e125ce83eedfd60e7bbe98\"", "size": 67193, "mimetype": "image/png", "cacheControl": "max-age=3600", "lastModified": "2025-09-04T03:38:16.000Z", "contentLength": 67193, "httpStatusCode": 200}', '32468c02-e9f5-401d-ad1c-379286915d2c', NULL, '{}', NULL),
	('846b79fe-8124-42ed-b1b4-ea15b566f041', 'device-images', '30-05-2022-1653919211lg-v50.png', NULL, '2025-09-04 01:43:41.275885+00', '2025-09-04 03:38:15.646828+00', '2025-09-04 01:43:41.275885+00', '{"eTag": "\"0918884610ec9fcb2fd5988b017f36d0\"", "size": 70539, "mimetype": "image/png", "cacheControl": "max-age=3600", "lastModified": "2025-09-04T03:38:16.000Z", "contentLength": 70539, "httpStatusCode": 200}', '11473a4b-1d19-4ff5-ab8e-f54a9250cbe8', NULL, '{}', NULL),
	('3ef020cf-93c0-406b-a8a2-afa7288cbf72', 'device-images', '30-05-2022-1653919238lg-50s.png', NULL, '2025-09-04 01:43:41.296227+00', '2025-09-04 03:38:15.889596+00', '2025-09-04 01:43:41.296227+00', '{"eTag": "\"e3ae909345cb556b2fbaec734ca1a6a7\"", "size": 91627, "mimetype": "image/png", "cacheControl": "max-age=3600", "lastModified": "2025-09-04T03:38:16.000Z", "contentLength": 91627, "httpStatusCode": 200}', '43d7ad3b-5e89-44f0-b688-c6d40d38996a', NULL, '{}', NULL),
	('0f38f9f3-daf2-41be-ba17-d2314e4eac37', 'device-images', '30-05-2022-1653919277lg-60.png', NULL, '2025-09-04 01:43:41.316859+00', '2025-09-04 03:38:16.061903+00', '2025-09-04 01:43:41.316859+00', '{"eTag": "\"b2fab72b3923df72b29e432cc9a2c67c\"", "size": 51468, "mimetype": "image/png", "cacheControl": "max-age=3600", "lastModified": "2025-09-04T03:38:17.000Z", "contentLength": 51468, "httpStatusCode": 200}', '79eb8127-668d-4380-b14c-5998b00e41c1', NULL, '{}', NULL),
	('563e0e2a-f1b7-4a6c-8abb-4948d950d738', 'device-images', '25-05-2022-1653478928k-61.png', NULL, '2025-09-04 01:43:41.044797+00', '2025-09-04 03:38:12.779199+00', '2025-09-04 01:43:41.044797+00', '{"eTag": "\"a49dff2739c80908e740298762d77331\"", "size": 52782, "mimetype": "image/png", "cacheControl": "max-age=3600", "lastModified": "2025-09-04T03:38:13.000Z", "contentLength": 52782, "httpStatusCode": 200}', '28068d60-ae89-49c7-aa93-23a4dbd8c9aa', NULL, '{}', NULL),
	('2477bb13-ceb9-4d83-a2cd-bb1bbef41abc', 'device-images', 'motorola-edge30-fusion.jpg', NULL, '2025-09-04 01:43:41.373016+00', '2025-09-04 03:38:16.565837+00', '2025-09-04 01:43:41.373016+00', '{"eTag": "\"ea3e677bd21dc5652d348f28e5933b4d\"", "size": 8034, "mimetype": "image/jpeg", "cacheControl": "max-age=3600", "lastModified": "2025-09-04T03:38:17.000Z", "contentLength": 8034, "httpStatusCode": 200}', 'd0ece925-e409-4b4b-b478-545250cb2cf2', NULL, '{}', NULL),
	('0a80beaa-dd28-4f3d-a628-ed304264333a', 'device-images', 'motorola-edge30-neo-.jpg', NULL, '2025-09-04 01:43:41.391909+00', '2025-09-04 03:38:16.708413+00', '2025-09-04 01:43:41.391909+00', '{"eTag": "\"1b8c375f73f39e306fdfae3c84e038a7\"", "size": 8220, "mimetype": "image/jpeg", "cacheControl": "max-age=3600", "lastModified": "2025-09-04T03:38:17.000Z", "contentLength": 8220, "httpStatusCode": 200}', '0beb689d-7750-4cd2-89e9-42e058c67bb9', NULL, '{}', NULL),
	('49e5804f-a3b8-4a5b-a0f8-5582e8aeab21', 'device-images', 'motorola-edge30-ultra.jpg', NULL, '2025-09-04 01:43:41.411266+00', '2025-09-04 03:38:16.864638+00', '2025-09-04 01:43:41.411266+00', '{"eTag": "\"b80a604a16564dea43bfa26a50f28e66\"", "size": 7274, "mimetype": "image/jpeg", "cacheControl": "max-age=3600", "lastModified": "2025-09-04T03:38:17.000Z", "contentLength": 7274, "httpStatusCode": 200}', '14a2939c-bc23-44db-934a-8271c37d3e77', NULL, '{}', NULL),
	('a104f976-58f7-49e8-8761-eb18843f14fd', 'device-images', 'motorola-moto-e22.jpg', NULL, '2025-09-04 01:43:41.430568+00', '2025-09-04 03:38:17.013418+00', '2025-09-04 01:43:41.430568+00', '{"eTag": "\"eacd23b4d1c86f035b6051513ec9d93d\"", "size": 9148, "mimetype": "image/jpeg", "cacheControl": "max-age=3600", "lastModified": "2025-09-04T03:38:17.000Z", "contentLength": 9148, "httpStatusCode": 200}', '650914ed-f8f6-418d-b32f-9918f5926676', NULL, '{}', NULL),
	('95ab6d6c-029d-4668-8281-b9cd27d41b66', 'device-images', 'motorola-moto-e22i.jpg', NULL, '2025-09-04 01:43:41.450711+00', '2025-09-04 03:38:17.142975+00', '2025-09-04 01:43:41.450711+00', '{"eTag": "\"e6ef8f768498ff7af9abe285f07b24bc\"", "size": 6473, "mimetype": "image/jpeg", "cacheControl": "max-age=3600", "lastModified": "2025-09-04T03:38:18.000Z", "contentLength": 6473, "httpStatusCode": 200}', '95204025-6e17-40e4-872e-c67a850566da', NULL, '{}', NULL),
	('89e50e70-eb8e-4bf8-9268-b52eb386443a', 'device-images', 'motorola-moto-e32-1.jpg', NULL, '2025-09-04 01:43:41.494975+00', '2025-09-04 03:38:17.460126+00', '2025-09-04 01:43:41.494975+00', '{"eTag": "\"eb61fcac6c53ee4897a1d057fd506bbe\"", "size": 14519, "mimetype": "image/jpeg", "cacheControl": "max-age=3600", "lastModified": "2025-09-04T03:38:18.000Z", "contentLength": 14519, "httpStatusCode": 200}', '9a0a82ea-aa12-45b6-aa04-134ddc8f4298', NULL, '{}', NULL),
	('0223ef75-5b7a-47ba-b0aa-1c1c6f0651f2', 'device-images', 'motorola-moto-e32.jpg', NULL, '2025-09-04 01:43:41.513095+00', '2025-09-04 03:38:17.595025+00', '2025-09-04 01:43:41.513095+00', '{"eTag": "\"eb61fcac6c53ee4897a1d057fd506bbe\"", "size": 14519, "mimetype": "image/jpeg", "cacheControl": "max-age=3600", "lastModified": "2025-09-04T03:38:18.000Z", "contentLength": 14519, "httpStatusCode": 200}', 'a3eac17b-c5a1-4702-9cf4-655660dba89d', NULL, '{}', NULL),
	('d2de38ff-be0a-4931-809d-ddb83cf462db', 'device-images', 'motorola-moto-g32.jpg', NULL, '2025-09-04 01:43:41.530322+00', '2025-09-04 03:38:17.770042+00', '2025-09-04 01:43:41.530322+00', '{"eTag": "\"2953aee96fd3fa69562517e435c59344\"", "size": 20134, "mimetype": "image/jpeg", "cacheControl": "max-age=3600", "lastModified": "2025-09-04T03:38:18.000Z", "contentLength": 20134, "httpStatusCode": 200}', '5687265a-2a8d-42ad-8086-2032ee182394', NULL, '{}', NULL),
	('2588d4ec-900d-466a-81d0-275d202fdee1', 'device-images', 'motorola-moto-g42-r.jpg', NULL, '2025-09-04 01:43:41.554606+00', '2025-09-04 03:38:17.943269+00', '2025-09-04 01:43:41.554606+00', '{"eTag": "\"9603e85d182c7e2897f71697f972f4b6\"", "size": 10938, "mimetype": "image/jpeg", "cacheControl": "max-age=3600", "lastModified": "2025-09-04T03:38:18.000Z", "contentLength": 10938, "httpStatusCode": 200}', 'b20e0303-a86c-4d10-80ee-31672410a31b', NULL, '{}', NULL),
	('0fd8b431-edef-444e-b3bd-e1365a283fc3', 'device-images', 'motorola-moto-g62.jpg', NULL, '2025-09-04 01:43:41.578633+00', '2025-09-04 03:38:18.142299+00', '2025-09-04 01:43:41.578633+00', '{"eTag": "\"b118d595c0248e399e503cfe5f6330ce\"", "size": 10635, "mimetype": "image/jpeg", "cacheControl": "max-age=3600", "lastModified": "2025-09-04T03:38:19.000Z", "contentLength": 10635, "httpStatusCode": 200}', 'd9b125f1-11a5-4b9a-8426-e6fb54503401', NULL, '{}', NULL),
	('c2a300c4-fa87-4070-b2df-62e81b51c423', 'device-images', 'motorola-moto-g71s.jpg', NULL, '2025-09-04 01:43:41.594269+00', '2025-09-04 03:38:18.336275+00', '2025-09-04 01:43:41.594269+00', '{"eTag": "\"0cb64330d17b7d1346888b191a534b00\"", "size": 6612, "mimetype": "image/jpeg", "cacheControl": "max-age=3600", "lastModified": "2025-09-04T03:38:19.000Z", "contentLength": 6612, "httpStatusCode": 200}', '8d461511-2b4f-46b0-bc04-71c24c48e1f3', NULL, '{}', NULL),
	('d275c750-3fcd-4aed-832a-b7957011d0ce', 'device-images', 'motorola-moto-g72-5g-.jpg', NULL, '2025-09-04 01:43:41.609982+00', '2025-09-04 03:38:18.472723+00', '2025-09-04 01:43:41.609982+00', '{"eTag": "\"b99fff54b57219dca83c646191353321\"", "size": 9728, "mimetype": "image/jpeg", "cacheControl": "max-age=3600", "lastModified": "2025-09-04T03:38:19.000Z", "contentLength": 9728, "httpStatusCode": 200}', '6d03ccfa-4806-4698-be15-2ada1941254a', NULL, '{}', NULL),
	('0b940c7c-c652-49a1-a5d2-8494f0796861', 'device-images', 'motorola-moto-g82.jpg', NULL, '2025-09-04 01:43:41.625346+00', '2025-09-04 03:38:18.807955+00', '2025-09-04 01:43:41.625346+00', '{"eTag": "\"ddfcd165fa33386d93a93c346df94782\"", "size": 16486, "mimetype": "image/jpeg", "cacheControl": "max-age=3600", "lastModified": "2025-09-04T03:38:19.000Z", "contentLength": 16486, "httpStatusCode": 200}', '4b5b9533-cdb8-4fc4-9dba-dab48a6bf273', NULL, '{}', NULL),
	('6c93fb05-3ea1-4b68-8b50-df3aee1a4fa5', 'device-images', 'motorola-moto-s30-pro.jpg', NULL, '2025-09-04 01:43:41.641316+00', '2025-09-04 03:38:19.002265+00', '2025-09-04 01:43:41.641316+00', '{"eTag": "\"0c0cb1ff565ccd20298a8e5fd1ca8fbb\"", "size": 7584, "mimetype": "image/jpeg", "cacheControl": "max-age=3600", "lastModified": "2025-09-04T03:38:19.000Z", "contentLength": 7584, "httpStatusCode": 200}', 'b132cc4d-b945-46f3-95e5-f6427a19c58f', NULL, '{}', NULL),
	('b5d11ad9-3e68-4c4d-9c36-0d218f0f6fec', 'device-images', 'motorola-moto-x30-pro.jpg', NULL, '2025-09-04 01:43:41.659934+00', '2025-09-04 03:38:19.249598+00', '2025-09-04 01:43:41.659934+00', '{"eTag": "\"46a9a32659efd20752cdf6f2bbe5a2e6\"", "size": 5909, "mimetype": "image/jpeg", "cacheControl": "max-age=3600", "lastModified": "2025-09-04T03:38:20.000Z", "contentLength": 5909, "httpStatusCode": 200}', '309ed108-a1b4-4422-9fe5-a1483075e67e', NULL, '{}', NULL),
	('9a9e3637-d76a-4ae0-9eee-4a35003b4b61', 'device-images', 'motorola-edge-2022.jpg', NULL, '2025-09-04 01:43:41.35072+00', '2025-09-04 03:38:16.379292+00', '2025-09-04 01:43:41.35072+00', '{"eTag": "\"e2a45851e3e0482d8ab0e2ca849fabd2\"", "size": 8113, "mimetype": "image/jpeg", "cacheControl": "max-age=3600", "lastModified": "2025-09-04T03:38:17.000Z", "contentLength": 8113, "httpStatusCode": 200}', '856ba53a-a32b-4165-9f33-0f0d70ca207b', NULL, '{}', NULL),
	('55b0e29d-8e36-4f1d-a7f6-3315db72e540', 'device-images', '1224723-oneplus-8.jpg', NULL, '2025-09-04 01:43:41.711234+00', '2025-09-04 03:38:19.767324+00', '2025-09-04 01:43:41.711234+00', '{"eTag": "\"d2580edce5b250a98b5590a32bcef94f\"", "size": 8460, "mimetype": "image/jpeg", "cacheControl": "max-age=3600", "lastModified": "2025-09-04T03:38:20.000Z", "contentLength": 8460, "httpStatusCode": 200}', '1e4f4b66-fd6e-46e1-a254-f10c69f0c723', NULL, '{}', NULL),
	('a52238f3-f614-4151-b128-5251f11a134c', 'device-images', '150117oneplus8.jpg', NULL, '2025-09-04 01:43:41.727487+00', '2025-09-04 03:38:19.93503+00', '2025-09-04 01:43:41.727487+00', '{"eTag": "\"1d2b0d5d2f07025db2c714077a3cafe0\"", "size": 5798, "mimetype": "image/jpeg", "cacheControl": "max-age=3600", "lastModified": "2025-09-04T03:38:20.000Z", "contentLength": 5798, "httpStatusCode": 200}', '25fc3cec-5692-4dc7-856e-d568ded6afcf', NULL, '{}', NULL),
	('0d7fdcd8-6f89-43e1-8512-41a559bec756', 'device-images', '212238646w200h200zamena-stekla-ekrana.webp', NULL, '2025-09-04 01:43:41.744952+00', '2025-09-04 03:38:20.081587+00', '2025-09-04 01:43:41.744952+00', '{"eTag": "\"7a6fa64b988829b81616ae83ad262149\"", "size": 3726, "mimetype": "image/jpeg", "cacheControl": "max-age=3600", "lastModified": "2025-09-04T03:38:21.000Z", "contentLength": 3726, "httpStatusCode": 200}', '2b511116-0ea2-4e09-87e0-832b6650ab16', NULL, '{}', NULL),
	('89f8a774-f026-4ab6-a62d-41255f7813a6', 'device-images', '2f35a125ad466b8727d72e1f09a7aa39-1.jpg', NULL, '2025-09-04 01:43:41.766248+00', '2025-09-04 03:38:20.226679+00', '2025-09-04 01:43:41.766248+00', '{"eTag": "\"dce3c0a4f2f7d71f6437bbc1b9acd666\"", "size": 7905, "mimetype": "image/jpeg", "cacheControl": "max-age=3600", "lastModified": "2025-09-04T03:38:21.000Z", "contentLength": 7905, "httpStatusCode": 200}', '1c1b7d52-98d9-4a88-991b-d0075e42c6c4', NULL, '{}', NULL),
	('98733ea7-c0d8-486d-99f5-c08cc8337278', 'device-images', '2f35a125ad466b8727d72e1f09a7aa39.jpg', NULL, '2025-09-04 01:43:41.786171+00', '2025-09-04 03:38:20.507009+00', '2025-09-04 01:43:41.786171+00', '{"eTag": "\"dce3c0a4f2f7d71f6437bbc1b9acd666\"", "size": 7905, "mimetype": "image/jpeg", "cacheControl": "max-age=3600", "lastModified": "2025-09-04T03:38:21.000Z", "contentLength": 7905, "httpStatusCode": 200}', 'e7662d6c-eb6b-4175-aa96-06070758d2f4', NULL, '{}', NULL),
	('3a3c34f1-8519-4559-a254-354a1fbebd8b', 'device-images', '6085036498.jpg', NULL, '2025-09-04 01:43:41.805718+00', '2025-09-04 03:38:20.658948+00', '2025-09-04 01:43:41.805718+00', '{"eTag": "\"c5dc4d1dfb9ccf5fbea401bd6c976989\"", "size": 12133, "mimetype": "image/jpeg", "cacheControl": "max-age=3600", "lastModified": "2025-09-04T03:38:21.000Z", "contentLength": 12133, "httpStatusCode": 200}', '0c76a2db-c072-4357-9b22-576988f51443', NULL, '{}', NULL),
	('016a35f9-7041-4445-8bd5-38df3a8ffb43', 'device-images', '61p6u9swzrlacul200sr200200.jpg', NULL, '2025-09-04 01:43:41.824827+00', '2025-09-04 03:38:20.774617+00', '2025-09-04 01:43:41.824827+00', '{"eTag": "\"df2a6f566fa0b04ce3f63967cfdfcc95\"", "size": 5546, "mimetype": "image/jpeg", "cacheControl": "max-age=3600", "lastModified": "2025-09-04T03:38:21.000Z", "contentLength": 5546, "httpStatusCode": 200}', '47344cdc-e972-4186-9099-3114b758f4be', NULL, '{}', NULL),
	('f4d75ec7-304c-47af-84f1-4314951a9fa1', 'device-images', '866original.webp', NULL, '2025-09-04 01:43:41.841576+00', '2025-09-04 03:38:21.081167+00', '2025-09-04 01:43:41.841576+00', '{"eTag": "\"a88548aa247f294e5068012e3aeced19\"", "size": 7206, "mimetype": "image/jpeg", "cacheControl": "max-age=3600", "lastModified": "2025-09-04T03:38:22.000Z", "contentLength": 7206, "httpStatusCode": 200}', '61ee0333-d9b3-49cd-a7a0-e2083e064c92', NULL, '{}', NULL),
	('3d8fb63b-d887-40a1-a2c1-bf2a4cae71b0', 'device-images', 'coolpad-cool-3-plus.jpg', NULL, '2025-09-04 01:43:41.863149+00', '2025-09-04 03:38:21.233145+00', '2025-09-04 01:43:41.863149+00', '{"eTag": "\"d53638ec1918d8f3070f09f4edae9f8b\"", "size": 27900, "mimetype": "image/jpeg", "cacheControl": "max-age=3600", "lastModified": "2025-09-04T03:38:22.000Z", "contentLength": 27900, "httpStatusCode": 200}', 'fd940a17-9bd8-4777-8e1c-88c5f01df664', NULL, '{}', NULL),
	('b166d66c-10a7-4474-9960-5dcd3cbe6881', 'device-images', 'i-1-1.webp', NULL, '2025-09-04 01:43:41.882583+00', '2025-09-04 03:38:21.372244+00', '2025-09-04 01:43:41.882583+00', '{"eTag": "\"f55d4f60b6e8dd6bebd5a105393adb8a\"", "size": 2908, "mimetype": "image/jpeg", "cacheControl": "max-age=3600", "lastModified": "2025-09-04T03:38:22.000Z", "contentLength": 2908, "httpStatusCode": 200}', '455567c8-773e-4f19-891f-38972cb18731', NULL, '{}', NULL),
	('76f844dd-05dd-4b0c-bd30-0d056b2733ca', 'device-images', 'i-2-1.webp', NULL, '2025-09-04 01:43:41.900862+00', '2025-09-04 03:38:21.561969+00', '2025-09-04 01:43:41.900862+00', '{"eTag": "\"5e9aa899c4bb708a0b4c9aa489f4e405\"", "size": 3988, "mimetype": "image/jpeg", "cacheControl": "max-age=3600", "lastModified": "2025-09-04T03:38:22.000Z", "contentLength": 3988, "httpStatusCode": 200}', '75f1c349-0639-4715-afd9-4a83642884eb', NULL, '{}', NULL),
	('c86cc9b0-53f2-4693-86b8-16290ae0e361', 'device-images', 'i-3-1.webp', NULL, '2025-09-04 01:43:41.92079+00', '2025-09-04 03:38:21.719803+00', '2025-09-04 01:43:41.92079+00', '{"eTag": "\"fc390cfc24677386d305e12a36cfa466\"", "size": 3202, "mimetype": "image/jpeg", "cacheControl": "max-age=3600", "lastModified": "2025-09-04T03:38:22.000Z", "contentLength": 3202, "httpStatusCode": 200}', '49a2d1f5-21ce-47d2-9157-23cb39caee61', NULL, '{}', NULL),
	('98ec20b7-5125-4950-8ac1-e6de527595ab', 'device-images', 'i-3.webp', NULL, '2025-09-04 01:43:41.942312+00', '2025-09-04 03:38:21.868162+00', '2025-09-04 01:43:41.942312+00', '{"eTag": "\"4c8ef620c36316deb6132d9376f36bc7\"", "size": 2636, "mimetype": "image/jpeg", "cacheControl": "max-age=3600", "lastModified": "2025-09-04T03:38:22.000Z", "contentLength": 2636, "httpStatusCode": 200}', '2e1d8b47-29eb-4e6a-a8cd-7aa9bde584bf', NULL, '{}', NULL),
	('70cc9053-8b31-47dd-9898-b61161a7b934', 'device-images', 'i-4.webp', NULL, '2025-09-04 01:43:41.967102+00', '2025-09-04 03:38:22.059538+00', '2025-09-04 01:43:41.967102+00', '{"eTag": "\"73f1375d2d94d5595201a1ba0e92335d\"", "size": 2606, "mimetype": "image/jpeg", "cacheControl": "max-age=3600", "lastModified": "2025-09-04T03:38:22.000Z", "contentLength": 2606, "httpStatusCode": 200}', 'b7ba484d-b626-4b80-bc41-4659f9820158', NULL, '{}', NULL),
	('ec76df5e-a9f6-4e00-b42f-60b60fec1f75', 'device-images', 'i-5.webp', NULL, '2025-09-04 01:43:41.987108+00', '2025-09-04 03:38:22.219298+00', '2025-09-04 01:43:41.987108+00', '{"eTag": "\"e2d59c25114e6a4fbfc6b6ce725633c4\"", "size": 4340, "mimetype": "image/jpeg", "cacheControl": "max-age=3600", "lastModified": "2025-09-04T03:38:23.000Z", "contentLength": 4340, "httpStatusCode": 200}', '791736c5-4f02-48a5-862e-23e11d881ae8', NULL, '{}', NULL),
	('5fcfe7b1-b3f2-43d2-87db-0e6675f2fc71', 'device-images', 'i-6.webp', NULL, '2025-09-04 01:43:42.005394+00', '2025-09-04 03:38:22.371131+00', '2025-09-04 01:43:42.005394+00', '{"eTag": "\"c3f3445780d36c127b3091672b8b28b1\"", "size": 2916, "mimetype": "image/jpeg", "cacheControl": "max-age=3600", "lastModified": "2025-09-04T03:38:23.000Z", "contentLength": 2916, "httpStatusCode": 200}', '323799b0-ffb3-46be-95cc-fdd569d67819', NULL, '{}', NULL),
	('5090afbf-a145-46b2-ad24-e2d4c3de72df', 'device-images', '101834photos0.jpeg', NULL, '2025-09-04 01:43:41.693686+00', '2025-09-04 03:38:19.585165+00', '2025-09-04 01:43:41.693686+00', '{"eTag": "\"d767632e9c42a36e5bb7f34fc2fb3f54\"", "size": 6002, "mimetype": "image/jpeg", "cacheControl": "max-age=3600", "lastModified": "2025-09-04T03:38:20.000Z", "contentLength": 6002, "httpStatusCode": 200}', '6f8b00d5-ac47-42c4-b324-5fe76b16c1d2', NULL, '{}', NULL),
	('4dbb57f3-6d28-4ecf-9b7b-4b11ec25e13f', 'device-images', 'i-8.webp', NULL, '2025-09-04 01:43:42.056425+00', '2025-09-04 03:38:22.928634+00', '2025-09-04 01:43:42.056425+00', '{"eTag": "\"3cf9c4d42d8dc3a6b9e74686ad27a7e2\"", "size": 2920, "mimetype": "image/jpeg", "cacheControl": "max-age=3600", "lastModified": "2025-09-04T03:38:23.000Z", "contentLength": 2920, "httpStatusCode": 200}', '64e263d3-32e0-4613-8fdf-09dff429fc77', NULL, '{}', NULL),
	('02b224d3-4035-4cf0-a939-2e543d0882b8', 'device-images', 'i-9.webp', NULL, '2025-09-04 01:43:42.072675+00', '2025-09-04 03:38:23.065401+00', '2025-09-04 01:43:42.072675+00', '{"eTag": "\"15dc91a2032a7659ab67607dbe331fe5\"", "size": 3336, "mimetype": "image/jpeg", "cacheControl": "max-age=3600", "lastModified": "2025-09-04T03:38:24.000Z", "contentLength": 3336, "httpStatusCode": 200}', '519935a2-8d17-4a59-876c-df03e8d7bb57', NULL, '{}', NULL),
	('52b6a5a5-5c77-429d-a231-3fa9512e4919', 'device-images', 'oneplus-6t.jpg', NULL, '2025-09-04 01:43:42.091798+00', '2025-09-04 03:38:23.251708+00', '2025-09-04 01:43:42.091798+00', '{"eTag": "\"0ae54dc080b65e78ef598937a4abfc90\"", "size": 25965, "mimetype": "image/jpeg", "cacheControl": "max-age=3600", "lastModified": "2025-09-04T03:38:24.000Z", "contentLength": 25965, "httpStatusCode": 200}', '5fcfc323-1107-4662-bfbc-eb8ff9336155', NULL, '{}', NULL),
	('cd36b224-a12a-4af9-b185-a46dcd9fa506', 'device-images', 'oneplus-9-prothumb.jpg', NULL, '2025-09-04 01:43:42.111924+00', '2025-09-04 03:38:23.430077+00', '2025-09-04 01:43:42.111924+00', '{"eTag": "\"dc9334b68ddc8672e5994ac7e9269302\"", "size": 21659, "mimetype": "image/jpeg", "cacheControl": "max-age=3600", "lastModified": "2025-09-04T03:38:24.000Z", "contentLength": 21659, "httpStatusCode": 200}', '703903ac-de91-44fb-bb9b-33cfc172ee50', NULL, '{}', NULL),
	('d9543a68-8ceb-4b38-aad2-e1a6e5fd200c', 'device-images', 'orig.webp', NULL, '2025-09-04 01:43:42.131505+00', '2025-09-04 03:38:23.669825+00', '2025-09-04 01:43:42.131505+00', '{"eTag": "\"5eda340d78a85ddc396602319e060ce7\"", "size": 76378, "mimetype": "image/jpeg", "cacheControl": "max-age=3600", "lastModified": "2025-09-04T03:38:24.000Z", "contentLength": 76378, "httpStatusCode": 200}', '5791fcea-3584-43cb-b52b-86b36dd80930', NULL, '{}', NULL),
	('190f600c-2182-4c10-9892-0fffe2050442', 'device-images', 's-l200.jpg', NULL, '2025-09-04 01:43:42.148452+00', '2025-09-04 03:38:23.943535+00', '2025-09-04 01:43:42.148452+00', '{"eTag": "\"61df7fc4f5439e4347db0a96208a9a43\"", "size": 7976, "mimetype": "image/jpeg", "cacheControl": "max-age=3600", "lastModified": "2025-09-04T03:38:24.000Z", "contentLength": 7976, "httpStatusCode": 200}', '3c26c943-7f06-4ff8-a30a-d55d98712071', NULL, '{}', NULL),
	('c09cca8c-3cb8-4877-8dbd-22295a365659', 'device-images', 'oneplus-main.png', NULL, '2025-09-04 01:43:42.168258+00', '2025-09-04 03:38:24.117014+00', '2025-09-04 01:43:42.168258+00', '{"eTag": "\"811a9c9c751cfce324fbd52eadc29ffe\"", "size": 23435, "mimetype": "image/png", "cacheControl": "max-age=3600", "lastModified": "2025-09-04T03:38:25.000Z", "contentLength": 23435, "httpStatusCode": 200}', '4a827bc7-6564-4ece-bd91-241bace52514', NULL, '{}', NULL),
	('5ba9c3d1-eb44-4f3e-8541-32b8f1d1a693', 'device-images', '24-05-2022-1653398658a-01.png', NULL, '2025-09-04 01:43:42.187735+00', '2025-09-04 03:38:24.307281+00', '2025-09-04 01:43:42.187735+00', '{"eTag": "\"b77bdb58d3d73eacd469d54545563b21\"", "size": 60324, "mimetype": "image/png", "cacheControl": "max-age=3600", "lastModified": "2025-09-04T03:38:25.000Z", "contentLength": 60324, "httpStatusCode": 200}', 'eb9cf1e1-f9a4-427a-be63-b6045860b8f6', NULL, '{}', NULL),
	('d47cf382-f683-418e-9b89-6eb2c71f4557', 'device-images', '24-05-2022-1653398683a-02.png', NULL, '2025-09-04 01:43:42.208364+00', '2025-09-04 03:38:24.603795+00', '2025-09-04 01:43:42.208364+00', '{"eTag": "\"d62ad6b8491edce84c7cece643975f44\"", "size": 72361, "mimetype": "image/png", "cacheControl": "max-age=3600", "lastModified": "2025-09-04T03:38:25.000Z", "contentLength": 72361, "httpStatusCode": 200}', '954ee40a-75e1-40a7-93e3-a10cbcd7bbc8', NULL, '{}', NULL),
	('676fd5c2-477b-4be5-a4f5-933a2a5ad48f', 'device-images', '24-05-2022-1653398704a-02-s.png', NULL, '2025-09-04 01:43:42.228704+00', '2025-09-04 03:38:24.805518+00', '2025-09-04 01:43:42.228704+00', '{"eTag": "\"e22328149d0eb66e46a4b9edd68a5a0f\"", "size": 76222, "mimetype": "image/png", "cacheControl": "max-age=3600", "lastModified": "2025-09-04T03:38:25.000Z", "contentLength": 76222, "httpStatusCode": 200}', '8aec1a92-afe5-4a23-9048-5a5db95767aa', NULL, '{}', NULL),
	('4d4fc9e5-4d87-40d8-925d-d6f430a79e5e', 'device-images', '24-05-2022-1653398765a-03.png', NULL, '2025-09-04 01:43:42.24885+00', '2025-09-04 03:38:25.056336+00', '2025-09-04 01:43:42.24885+00', '{"eTag": "\"01152adbf40e2bd916e3e7b420ece726\"", "size": 58581, "mimetype": "image/png", "cacheControl": "max-age=3600", "lastModified": "2025-09-04T03:38:25.000Z", "contentLength": 58581, "httpStatusCode": 200}', 'c8e41882-fd90-46ab-b050-7a40e7c04dab', NULL, '{}', NULL),
	('8bf74231-4999-4210-8caf-99aeba260d2c', 'device-images', '24-05-2022-1653398807a-10.png', NULL, '2025-09-04 01:43:42.283853+00', '2025-09-04 03:38:25.49953+00', '2025-09-04 01:43:42.283853+00', '{"eTag": "\"b2ac9a08efe256a014fb19d06377b43b\"", "size": 69580, "mimetype": "image/png", "cacheControl": "max-age=3600", "lastModified": "2025-09-04T03:38:26.000Z", "contentLength": 69580, "httpStatusCode": 200}', 'a404c746-37cb-4846-b44e-1b766da17417', NULL, '{}', NULL),
	('7cf78ab7-2706-44f2-814e-24a2fa10d99e', 'device-images', '24-05-2022-1653398865a-10-e.png', NULL, '2025-09-04 01:43:42.304429+00', '2025-09-04 03:38:25.6574+00', '2025-09-04 01:43:42.304429+00', '{"eTag": "\"d7f5c183b149500f26fb69c95da10fa3\"", "size": 43295, "mimetype": "image/png", "cacheControl": "max-age=3600", "lastModified": "2025-09-04T03:38:26.000Z", "contentLength": 43295, "httpStatusCode": 200}', '66a3908a-e897-490d-91df-47c0ef23f51e', NULL, '{}', NULL),
	('89f00962-6db6-4eee-a53d-4750e6640652', 'device-images', '24-05-2022-1653398889a-10-s.png', NULL, '2025-09-04 01:43:42.322389+00', '2025-09-04 03:38:25.875024+00', '2025-09-04 01:43:42.322389+00', '{"eTag": "\"a011e5445835e5fea54e46816c79e4a3\"", "size": 68876, "mimetype": "image/png", "cacheControl": "max-age=3600", "lastModified": "2025-09-04T03:38:26.000Z", "contentLength": 68876, "httpStatusCode": 200}', '9f52528c-66b4-4bb1-86d2-4f014ec0a30e', NULL, '{}', NULL),
	('a9aee132-ce5e-4111-a538-d77b273003ee', 'device-images', '24-05-2022-1653398910a-11.png', NULL, '2025-09-04 01:43:42.340803+00', '2025-09-04 03:38:26.02357+00', '2025-09-04 01:43:42.340803+00', '{"eTag": "\"c710f1045c53b2ba9570f8ad55c7545f\"", "size": 57001, "mimetype": "image/png", "cacheControl": "max-age=3600", "lastModified": "2025-09-04T03:38:26.000Z", "contentLength": 57001, "httpStatusCode": 200}', 'da440ba5-cce4-4ad4-b6e5-63a996613061', NULL, '{}', NULL),
	('650468b0-0fa4-4700-9b12-0d0d5de01379', 'device-images', 'i-7.webp', NULL, '2025-09-04 01:43:42.039594+00', '2025-09-04 03:38:22.759292+00', '2025-09-04 01:43:42.039594+00', '{"eTag": "\"8a0c8a5cb1bb4e3a7193be336a6a0219\"", "size": 3834, "mimetype": "image/jpeg", "cacheControl": "max-age=3600", "lastModified": "2025-09-04T03:38:23.000Z", "contentLength": 3834, "httpStatusCode": 200}', 'bebdad35-7297-4d6b-a7d0-c30539bd7d6a', NULL, '{}', NULL),
	('e1deb40f-6d2e-4d25-97b2-d468613d7587', 'device-images', '25-05-2022-1653473337j3-j-337.png', NULL, '2025-09-04 01:43:42.393195+00', '2025-09-04 03:38:26.571208+00', '2025-09-04 01:43:42.393195+00', '{"eTag": "\"1ae55a52cad80e114eb780352acac927\"", "size": 42876, "mimetype": "image/png", "cacheControl": "max-age=3600", "lastModified": "2025-09-04T03:38:27.000Z", "contentLength": 42876, "httpStatusCode": 200}', '4a67b4b3-b05f-4927-8754-3fc3a730df92', NULL, '{}', NULL),
	('3b5b36e7-17ae-4e16-8417-0aca7d42a3df', 'device-images', '25-05-2022-1653473369j7-j-727-1.png', NULL, '2025-09-04 01:43:42.409009+00', '2025-09-04 03:38:26.780986+00', '2025-09-04 01:43:42.409009+00', '{"eTag": "\"717a25d8ee9909cf9d23680cc529c7b5\"", "size": 38510, "mimetype": "image/png", "cacheControl": "max-age=3600", "lastModified": "2025-09-04T03:38:27.000Z", "contentLength": 38510, "httpStatusCode": 200}', 'a714fd57-a4de-4f7a-b966-d788e8718f96', NULL, '{}', NULL),
	('62d907eb-8637-4cc3-ad1b-6c5ac5aa9be5', 'device-images', '25-05-2022-1653473401samsung-j7-pro-j730.png', NULL, '2025-09-04 01:43:42.425964+00', '2025-09-04 03:38:26.938779+00', '2025-09-04 01:43:42.425964+00', '{"eTag": "\"49474d6882e77341d74a5f26f0e2a773\"", "size": 40234, "mimetype": "image/png", "cacheControl": "max-age=3600", "lastModified": "2025-09-04T03:38:27.000Z", "contentLength": 40234, "httpStatusCode": 200}', 'c628dc8f-f0b3-48c3-a3c3-907211ffdeab', NULL, '{}', NULL),
	('e43fe7bb-6cd8-40df-95f9-41d0b0919ad4', 'device-images', '25-05-2022-1653473427j7-refine-j-737.png', NULL, '2025-09-04 01:43:42.442465+00', '2025-09-04 03:38:27.101273+00', '2025-09-04 01:43:42.442465+00', '{"eTag": "\"d248a98dd2893c5a06f9089f1c7d90bf\"", "size": 47111, "mimetype": "image/png", "cacheControl": "max-age=3600", "lastModified": "2025-09-04T03:38:28.000Z", "contentLength": 47111, "httpStatusCode": 200}', '70062ea0-a781-4667-b387-9af2606a3068', NULL, '{}', NULL),
	('2e0df72d-a074-42f0-90b8-07514b045575', 'device-images', '25-05-2022-1653473450j8-plus-j-805.png', NULL, '2025-09-04 01:43:42.458646+00', '2025-09-04 03:38:27.386304+00', '2025-09-04 01:43:42.458646+00', '{"eTag": "\"40f78508d6d066830877b169593f1967\"", "size": 42872, "mimetype": "image/png", "cacheControl": "max-age=3600", "lastModified": "2025-09-04T03:38:28.000Z", "contentLength": 42872, "httpStatusCode": 200}', 'a873b943-44d4-46af-a305-26a3d1fd3593', NULL, '{}', NULL),
	('6e1af937-0f20-41da-a28d-42f17a5b33ea', 'device-images', '25-05-2022-1653474606a-20.png', NULL, '2025-09-04 01:43:42.477246+00', '2025-09-04 03:38:27.644199+00', '2025-09-04 01:43:42.477246+00', '{"eTag": "\"fe68bd2788a7eb404e3797c1e72ee800\"", "size": 77387, "mimetype": "image/png", "cacheControl": "max-age=3600", "lastModified": "2025-09-04T03:38:28.000Z", "contentLength": 77387, "httpStatusCode": 200}', '0d887ec3-9cb3-4cb5-a79e-eb869c2b1aa5', NULL, '{}', NULL),
	('6215bd42-dd24-4fbb-9bc0-cf2ea54f7f12', 'device-images', '25-05-2022-1653474633a-20-e-1.png', NULL, '2025-09-04 01:43:42.495757+00', '2025-09-04 03:38:27.908634+00', '2025-09-04 01:43:42.495757+00', '{"eTag": "\"72d00019dba3ffa92ccef9abe7fcb618\"", "size": 75996, "mimetype": "image/png", "cacheControl": "max-age=3600", "lastModified": "2025-09-04T03:38:28.000Z", "contentLength": 75996, "httpStatusCode": 200}', 'cc77b761-575e-4dbf-93da-6ea9ebec8709', NULL, '{}', NULL),
	('d20d42bd-3da9-47a3-8434-b5ba86c36816', 'device-images', '25-05-2022-1653474650a-21.png', NULL, '2025-09-04 01:43:42.515621+00', '2025-09-04 03:38:28.094061+00', '2025-09-04 01:43:42.515621+00', '{"eTag": "\"72ca60a6e3c7bee5cffb1dd19c92a518\"", "size": 57037, "mimetype": "image/png", "cacheControl": "max-age=3600", "lastModified": "2025-09-04T03:38:29.000Z", "contentLength": 57037, "httpStatusCode": 200}', '0f4519ab-e6d1-41a3-9920-69992ef0a671', NULL, '{}', NULL),
	('690c9709-ad6f-4950-b275-28cb63f6819f', 'device-images', '25-05-2022-1653474670a-21-s.png', NULL, '2025-09-04 01:43:42.535971+00', '2025-09-04 03:38:28.280228+00', '2025-09-04 01:43:42.535971+00', '{"eTag": "\"f000d9db311b6ccb642b2c1d0043592f\"", "size": 58488, "mimetype": "image/png", "cacheControl": "max-age=3600", "lastModified": "2025-09-04T03:38:29.000Z", "contentLength": 58488, "httpStatusCode": 200}', 'a9bdef65-12ae-4f91-9f66-f7d5e24123ec', NULL, '{}', NULL),
	('0f510aaa-be2d-4cbc-85aa-15e5d50138a8', 'device-images', '25-05-2022-1653474687a-22.png', NULL, '2025-09-04 01:43:42.558273+00', '2025-09-04 03:38:28.686515+00', '2025-09-04 01:43:42.558273+00', '{"eTag": "\"ed1cb93b6c883bb3d365b1a25f7be287\"", "size": 56612, "mimetype": "image/png", "cacheControl": "max-age=3600", "lastModified": "2025-09-04T03:38:29.000Z", "contentLength": 56612, "httpStatusCode": 200}', '251f3275-debb-4fc5-96e0-f4d726e3a7f2', NULL, '{}', NULL),
	('1bb907cf-7e1a-4b0f-8fbf-f5664ee18e7b', 'device-images', '25-05-2022-1653474716a-32-5g.png', NULL, '2025-09-04 01:43:42.576708+00', '2025-09-04 03:38:28.894912+00', '2025-09-04 01:43:42.576708+00', '{"eTag": "\"052402fcd3e636092fc6b92e96d73cad\"", "size": 65701, "mimetype": "image/png", "cacheControl": "max-age=3600", "lastModified": "2025-09-04T03:38:29.000Z", "contentLength": 65701, "httpStatusCode": 200}', '7ec6ec2d-7e78-498b-a96e-3a9407978ecd', NULL, '{}', NULL),
	('2cd6f416-3d13-49e1-8761-331be59a6906', 'device-images', '25-05-2022-1653474742a-33-5g.png', NULL, '2025-09-04 01:43:42.592343+00', '2025-09-04 03:38:29.072795+00', '2025-09-04 01:43:42.592343+00', '{"eTag": "\"649d907a148d72a2547e40f789811156\"", "size": 44765, "mimetype": "image/png", "cacheControl": "max-age=3600", "lastModified": "2025-09-04T03:38:30.000Z", "contentLength": 44765, "httpStatusCode": 200}', '3a75dfb9-f518-40e5-baad-57d501f8d9c6', NULL, '{}', NULL),
	('6e2c116a-7dab-4481-b32f-179249551d0e', 'device-images', '25-05-2022-1653474760a-40.png', NULL, '2025-09-04 01:43:42.609263+00', '2025-09-04 03:38:29.292929+00', '2025-09-04 01:43:42.609263+00', '{"eTag": "\"80480dfd1b428929d48600370a330b38\"", "size": 86612, "mimetype": "image/png", "cacheControl": "max-age=3600", "lastModified": "2025-09-04T03:38:30.000Z", "contentLength": 86612, "httpStatusCode": 200}', 'f1139b7d-d934-4730-b7d2-23d5c9507e61', NULL, '{}', NULL),
	('90f2ac8a-6c58-4b90-b53b-76288f1f2140', 'device-images', '25-05-2022-1653474776a-40-s.png', NULL, '2025-09-04 01:43:42.626373+00', '2025-09-04 03:38:29.504285+00', '2025-09-04 01:43:42.626373+00', '{"eTag": "\"8a2df8fde6af8f77368ca43b6ac7b8ab\"", "size": 74842, "mimetype": "image/png", "cacheControl": "max-age=3600", "lastModified": "2025-09-04T03:38:30.000Z", "contentLength": 74842, "httpStatusCode": 200}', 'ec87bb07-1532-4548-895c-18b19764154e', NULL, '{}', NULL),
	('bc7582a1-cbd2-455e-8030-90dc611d9572', 'device-images', '25-05-2022-1653474799a-42-5g.png', NULL, '2025-09-04 01:43:42.6483+00', '2025-09-04 03:38:29.66797+00', '2025-09-04 01:43:42.6483+00', '{"eTag": "\"f0f1ebc1c0471d024353ddd3741ad8cc\"", "size": 72003, "mimetype": "image/png", "cacheControl": "max-age=3600", "lastModified": "2025-09-04T03:38:30.000Z", "contentLength": 72003, "httpStatusCode": 200}', 'f2d60271-f686-4196-ab68-4f886b256eaf', NULL, '{}', NULL),
	('9758486d-7458-4193-8c58-9135375e2e25', 'device-images', '25-05-2022-1653473285j3-327.png', NULL, '2025-09-04 01:43:42.376559+00', '2025-09-04 03:38:26.402703+00', '2025-09-04 01:43:42.376559+00', '{"eTag": "\"370e31fd949eb5a7225e762014fcd06f\"", "size": 38967, "mimetype": "image/png", "cacheControl": "max-age=3600", "lastModified": "2025-09-04T03:38:27.000Z", "contentLength": 38967, "httpStatusCode": 200}', '21bc78ec-55cb-418e-9e5c-feb6105f5752', NULL, '{}', NULL),
	('e50845db-e61a-429b-8ef6-d3be9d10e3d7', 'device-images', '25-05-2022-1653474908a-52-4g.png', NULL, '2025-09-04 01:43:42.701867+00', '2025-09-04 03:38:30.470994+00', '2025-09-04 01:43:42.701867+00', '{"eTag": "\"f27f685100fb4fdf3c1dd3fa44d8db1e\"", "size": 55324, "mimetype": "image/png", "cacheControl": "max-age=3600", "lastModified": "2025-09-04T03:38:31.000Z", "contentLength": 55324, "httpStatusCode": 200}', '8a633415-c3ef-47dc-8d6b-04a4ba3595ed', NULL, '{}', NULL),
	('90c9e714-af07-45cd-abaa-1f3694dccb50', 'device-images', '28-05-2022-1653746293a-13.png', NULL, '2025-09-04 01:43:42.720524+00', '2025-09-04 03:38:30.659169+00', '2025-09-04 01:43:42.720524+00', '{"eTag": "\"85fd45f9d830e8cf2f18530b4c1d0580\"", "size": 75558, "mimetype": "image/png", "cacheControl": "max-age=3600", "lastModified": "2025-09-04T03:38:31.000Z", "contentLength": 75558, "httpStatusCode": 200}', '92bd6cd0-342b-44a4-b6b5-a92347dc28fa', NULL, '{}', NULL),
	('a41c7c1f-77e8-4978-b436-f5b40705a35e', 'device-images', 'a-52-5g.png', NULL, '2025-09-04 01:43:42.738169+00', '2025-09-04 03:38:30.858432+00', '2025-09-04 01:43:42.738169+00', '{"eTag": "\"41fc8c9809aa79ee8e4e6cfd0ccf9654\"", "size": 79368, "mimetype": "image/png", "cacheControl": "max-age=3600", "lastModified": "2025-09-04T03:38:31.000Z", "contentLength": 79368, "httpStatusCode": 200}', 'f3a1bffb-b680-4279-9b3c-a569e60b3762', NULL, '{}', NULL),
	('79e5f76d-1c2b-4845-b51b-056115d6a10b', 'device-images', 'a-52-s.png', NULL, '2025-09-04 01:43:42.756185+00', '2025-09-04 03:38:31.057254+00', '2025-09-04 01:43:42.756185+00', '{"eTag": "\"c30e7a9c07b3248ce095caddb9ff1c20\"", "size": 73243, "mimetype": "image/png", "cacheControl": "max-age=3600", "lastModified": "2025-09-04T03:38:31.000Z", "contentLength": 73243, "httpStatusCode": 200}', '58ddd467-4d64-422e-bb19-7b4dc162c90e', NULL, '{}', NULL),
	('7b480f6c-cf7c-484c-b2e8-4a71b499a3af', 'device-images', 'a-71-5g.png', NULL, '2025-09-04 01:43:42.773801+00', '2025-09-04 03:38:31.225541+00', '2025-09-04 01:43:42.773801+00', '{"eTag": "\"b8c20a6a798119a120dfe030dc9e4f9f\"", "size": 71103, "mimetype": "image/png", "cacheControl": "max-age=3600", "lastModified": "2025-09-04T03:38:32.000Z", "contentLength": 71103, "httpStatusCode": 200}', '3300e241-c124-4e5d-a05f-f7091a69f701', NULL, '{}', NULL),
	('c84b03bc-40e8-411d-9613-8b4a38e8d8fa', 'device-images', 'a-71.png', NULL, '2025-09-04 01:43:42.789562+00', '2025-09-04 03:38:31.420903+00', '2025-09-04 01:43:42.789562+00', '{"eTag": "\"09ba6ce754f94e8138d813a9189d84a7\"", "size": 65462, "mimetype": "image/png", "cacheControl": "max-age=3600", "lastModified": "2025-09-04T03:38:32.000Z", "contentLength": 65462, "httpStatusCode": 200}', '2a7647fc-4621-4b6e-8ecb-228b0f03d404', NULL, '{}', NULL),
	('d9e31b6f-e67d-4edb-93ba-31aaccbb88fe', 'device-images', 'a-72.png', NULL, '2025-09-04 01:43:42.806747+00', '2025-09-04 03:38:31.69055+00', '2025-09-04 01:43:42.806747+00', '{"eTag": "\"5aca6ca5bcbef071cb1cdaf710bb8315\"", "size": 55155, "mimetype": "image/png", "cacheControl": "max-age=3600", "lastModified": "2025-09-04T03:38:32.000Z", "contentLength": 55155, "httpStatusCode": 200}', 'c62d3ea8-5a93-4060-8ece-bb3361f398d3', NULL, '{}', NULL),
	('ed5ad2a8-056b-4e54-b198-3665da8300e1', 'device-images', 'note-10-lite.png', NULL, '2025-09-04 01:43:42.825468+00', '2025-09-04 03:38:32.370918+00', '2025-09-04 01:43:42.825468+00', '{"eTag": "\"95676d010e09cb4278236b847df80cb1\"", "size": 27002, "mimetype": "image/png", "cacheControl": "max-age=3600", "lastModified": "2025-09-04T03:38:33.000Z", "contentLength": 27002, "httpStatusCode": 200}', 'd0352ecf-048e-4577-81c4-fe514e472be5', NULL, '{}', NULL),
	('f30355db-aa7d-4ba2-9f07-b29bbac966ed', 'device-images', 'note-10-plus.png', NULL, '2025-09-04 01:43:42.845199+00', '2025-09-04 03:38:32.807357+00', '2025-09-04 01:43:42.845199+00', '{"eTag": "\"cd4ac22570fbdd8bb6912ec582afe472\"", "size": 57286, "mimetype": "image/png", "cacheControl": "max-age=3600", "lastModified": "2025-09-04T03:38:33.000Z", "contentLength": 57286, "httpStatusCode": 200}', '79af4736-55d7-446c-b2f8-d7874307d164', NULL, '{}', NULL),
	('408b849d-ac63-41b9-9201-0bd71a5d8bcc', 'device-images', 'note-10.png', NULL, '2025-09-04 01:43:42.869329+00', '2025-09-04 03:38:32.996881+00', '2025-09-04 01:43:42.869329+00', '{"eTag": "\"038e9db747724062fa04e1e30fdfc0fc\"", "size": 52269, "mimetype": "image/png", "cacheControl": "max-age=3600", "lastModified": "2025-09-04T03:38:33.000Z", "contentLength": 52269, "httpStatusCode": 200}', 'a1b318c5-cbb5-4e7b-baf8-f24d05e84938', NULL, '{}', NULL),
	('9b0cff92-0e2e-464e-a0ae-72f8ce2657bb', 'device-images', 'note-20-5g.png', NULL, '2025-09-04 01:43:42.888511+00', '2025-09-04 03:38:33.16535+00', '2025-09-04 01:43:42.888511+00', '{"eTag": "\"491ef0f74e0f8933d7f822fe1eb4a61b\"", "size": 67112, "mimetype": "image/png", "cacheControl": "max-age=3600", "lastModified": "2025-09-04T03:38:34.000Z", "contentLength": 67112, "httpStatusCode": 200}', 'a28a73a8-9dc8-4a86-8c3b-b1303b74ee8e', NULL, '{}', NULL),
	('24b0cac4-226e-4b37-a86b-22cdbb6d15ea', 'device-images', 'note-20-ultra-5g.png', NULL, '2025-09-04 01:43:42.905011+00', '2025-09-04 03:38:33.369399+00', '2025-09-04 01:43:42.905011+00', '{"eTag": "\"997201924c62ff95925dd6d7907e10c7\"", "size": 60270, "mimetype": "image/png", "cacheControl": "max-age=3600", "lastModified": "2025-09-04T03:38:34.000Z", "contentLength": 60270, "httpStatusCode": 200}', 'c6cddc16-43dd-4e24-8ba3-b2dda833725d', NULL, '{}', NULL),
	('642d99a1-fcbf-4f8c-a0f7-dafa5ea322d2', 'device-images', 'note-4.png', NULL, '2025-09-04 01:43:42.922442+00', '2025-09-04 03:38:33.624972+00', '2025-09-04 01:43:42.922442+00', '{"eTag": "\"58cf90e9f6a87d3b5771b974c774a361\"", "size": 82814, "mimetype": "image/png", "cacheControl": "max-age=3600", "lastModified": "2025-09-04T03:38:34.000Z", "contentLength": 82814, "httpStatusCode": 200}', '60e91f5a-ecaf-4eb1-9e1c-f3102c542056', NULL, '{}', NULL),
	('9dc2f1a6-9fb4-4eeb-a9ae-4cf0f1a2e782', 'device-images', 'note-5.png', NULL, '2025-09-04 01:43:42.939446+00', '2025-09-04 03:38:33.775711+00', '2025-09-04 01:43:42.939446+00', '{"eTag": "\"63c005190a3244960700f31f235aee02\"", "size": 59748, "mimetype": "image/png", "cacheControl": "max-age=3600", "lastModified": "2025-09-04T03:38:34.000Z", "contentLength": 59748, "httpStatusCode": 200}', 'c2403462-8aa0-4805-9663-8fabd84f5543', NULL, '{}', NULL),
	('2f1649ee-eb32-49ed-8c54-8fb54dbdc06f', 'device-images', 'note-8.png', NULL, '2025-09-04 01:43:42.955166+00', '2025-09-04 03:38:34.137027+00', '2025-09-04 01:43:42.955166+00', '{"eTag": "\"5984d62403aeeec072b42bccdd71957a\"", "size": 34891, "mimetype": "image/png", "cacheControl": "max-age=3600", "lastModified": "2025-09-04T03:38:35.000Z", "contentLength": 34891, "httpStatusCode": 200}', 'beeb214e-8d06-49e0-aae5-7f8d435e5fc6', NULL, '{}', NULL),
	('29309c6a-b1ab-4e73-952a-277d3702719f', 'device-images', 'note-9.png', NULL, '2025-09-04 01:43:42.975767+00', '2025-09-04 03:38:34.357622+00', '2025-09-04 01:43:42.975767+00', '{"eTag": "\"fac786da7d718eb2d6aeab138e8286c5\"", "size": 57609, "mimetype": "image/png", "cacheControl": "max-age=3600", "lastModified": "2025-09-04T03:38:35.000Z", "contentLength": 57609, "httpStatusCode": 200}', '86f58aa8-8f36-4974-b90a-42f10b81a633', NULL, '{}', NULL),
	('776d32bb-ffda-4653-9c62-83940d2a49ff', 'device-images', '25-05-2022-1653474874a-51.png', NULL, '2025-09-04 01:43:42.684069+00', '2025-09-04 03:38:30.286209+00', '2025-09-04 01:43:42.684069+00', '{"eTag": "\"3255c1758e6fa8c0435ed5c27160d5f5\"", "size": 76835, "mimetype": "image/png", "cacheControl": "max-age=3600", "lastModified": "2025-09-04T03:38:31.000Z", "contentLength": 76835, "httpStatusCode": 200}', '4dd7c592-a866-4399-bf65-93e5a6221787', NULL, '{}', NULL),
	('129d9167-00bd-4708-bfe4-547d524d6ae2', 'device-images', 's10-5g.png', NULL, '2025-09-04 01:43:43.029687+00', '2025-09-04 03:38:34.944234+00', '2025-09-04 01:43:43.029687+00', '{"eTag": "\"c52b9d3be6f040208dfb7df3d0edf886\"", "size": 59039, "mimetype": "image/png", "cacheControl": "max-age=3600", "lastModified": "2025-09-04T03:38:35.000Z", "contentLength": 59039, "httpStatusCode": 200}', 'd3f34624-3c2f-4854-b4a5-b42893548040', NULL, '{}', NULL),
	('03bcf80e-a04c-4785-8cc7-19aac51ed6cd', 'device-images', 's10-lite.png', NULL, '2025-09-04 01:43:43.047723+00', '2025-09-04 03:38:35.138661+00', '2025-09-04 01:43:43.047723+00', '{"eTag": "\"de7c41f5dc50635687760d1af6eed695\"", "size": 43766, "mimetype": "image/png", "cacheControl": "max-age=3600", "lastModified": "2025-09-04T03:38:36.000Z", "contentLength": 43766, "httpStatusCode": 200}', '54d72a7b-ae62-410f-8358-0f1e9dede51d', NULL, '{}', NULL),
	('e4b33031-5993-4e88-bfac-4bbffb7e9620', 'device-images', 's10-plus-1.png', NULL, '2025-09-04 01:43:43.071736+00', '2025-09-04 03:38:35.31189+00', '2025-09-04 01:43:43.071736+00', '{"eTag": "\"46220580edeb2de4a8c2cec1c4bcca14\"", "size": 46609, "mimetype": "image/png", "cacheControl": "max-age=3600", "lastModified": "2025-09-04T03:38:36.000Z", "contentLength": 46609, "httpStatusCode": 200}', 'ed3647d1-cd15-4d44-a019-36df1ccf587b', NULL, '{}', NULL),
	('383a2a44-c379-44b9-9700-83ee3c9dc00d', 'device-images', 's10e.png', NULL, '2025-09-04 01:43:43.104924+00', '2025-09-04 03:38:35.784907+00', '2025-09-04 01:43:43.104924+00', '{"eTag": "\"d3187fc11fa43dfee1dea893d531220a\"", "size": 64648, "mimetype": "image/png", "cacheControl": "max-age=3600", "lastModified": "2025-09-04T03:38:36.000Z", "contentLength": 64648, "httpStatusCode": 200}', '8bf6ba39-90af-4d98-8f8c-2dc2a89cabfa', NULL, '{}', NULL),
	('21d21f46-3230-4e37-b4ea-5245404910f9', 'device-images', 's10.png', NULL, '2025-09-04 01:43:43.088317+00', '2025-09-04 03:32:00.850387+00', '2025-09-04 01:43:43.088317+00', '{"eTag": "\"ecb6d89a65676a4ba6937aa893bcffa1\"", "size": 54715, "mimetype": "image/png", "cacheControl": "max-age=3600", "lastModified": "2025-09-04T03:32:01.000Z", "contentLength": 54715, "httpStatusCode": 200}', '86ef49e2-6598-48b9-b239-1180e74dcee8', NULL, '{}', NULL),
	('84feaac7-2f44-494a-b969-88314f78a720', 'device-images', 's20-plus.png', NULL, '2025-09-04 01:43:43.121086+00', '2025-09-04 03:38:36.001182+00', '2025-09-04 01:43:43.121086+00', '{"eTag": "\"bfb4aeb01dd1ad830e75f648625d8d9c\"", "size": 46284, "mimetype": "image/png", "cacheControl": "max-age=3600", "lastModified": "2025-09-04T03:38:36.000Z", "contentLength": 46284, "httpStatusCode": 200}', '1526b43d-d5ff-4a4e-898e-b2d1374362c7', NULL, '{}', NULL),
	('b6cfb4b5-af14-4433-825c-df404a0e4eb9', 'device-images', 's20-ultra.png', NULL, '2025-09-04 01:43:43.139612+00', '2025-09-04 03:38:36.228595+00', '2025-09-04 01:43:43.139612+00', '{"eTag": "\"e60a7dd1c4238c91f4fc4ef1c1e9b3c8\"", "size": 50371, "mimetype": "image/png", "cacheControl": "max-age=3600", "lastModified": "2025-09-04T03:38:37.000Z", "contentLength": 50371, "httpStatusCode": 200}', '7292fb29-9ea7-4ff5-bbf1-586ea9e8e24f', NULL, '{}', NULL),
	('a49682eb-549e-4749-be37-0b1a0ba84c7b', 'device-images', 's20.png', NULL, '2025-09-04 01:43:43.157882+00', '2025-09-04 03:38:36.433998+00', '2025-09-04 01:43:43.157882+00', '{"eTag": "\"43f39c275e8fd9150e449478e0e5ae76\"", "size": 67666, "mimetype": "image/png", "cacheControl": "max-age=3600", "lastModified": "2025-09-04T03:38:37.000Z", "contentLength": 67666, "httpStatusCode": 200}', 'c66baa5c-c2cc-4b68-b8ed-82f40dcb4416', NULL, '{}', NULL),
	('01888507-e4de-455f-8f38-9452b33979f0', 'device-images', 's21-plus.png', NULL, '2025-09-04 01:43:43.178266+00', '2025-09-04 03:38:36.654781+00', '2025-09-04 01:43:43.178266+00', '{"eTag": "\"926d614f17f42e0d13cddcbe0a6bcb61\"", "size": 52737, "mimetype": "image/png", "cacheControl": "max-age=3600", "lastModified": "2025-09-04T03:38:37.000Z", "contentLength": 52737, "httpStatusCode": 200}', '26a04c2c-00f3-497a-95f2-de267de8b07a', NULL, '{}', NULL),
	('68c29024-99fc-463c-bb8b-0b1c66fd688b', 'device-images', 's21-ultra.png', NULL, '2025-09-04 01:43:43.198025+00', '2025-09-04 03:38:36.90903+00', '2025-09-04 01:43:43.198025+00', '{"eTag": "\"735fc8f9222dfb8c6c8307a8ea52ce4b\"", "size": 73948, "mimetype": "image/png", "cacheControl": "max-age=3600", "lastModified": "2025-09-04T03:38:37.000Z", "contentLength": 73948, "httpStatusCode": 200}', '11f9a087-4a33-431b-811b-23c0a414c4d6', NULL, '{}', NULL),
	('97593e31-5af2-4885-af72-eaa9372a0dc7', 'device-images', 's21.png', NULL, '2025-09-04 01:43:43.224746+00', '2025-09-04 03:38:37.193883+00', '2025-09-04 01:43:43.224746+00', '{"eTag": "\"5afc19c604b8c46e5b1894dac94581db\"", "size": 77447, "mimetype": "image/png", "cacheControl": "max-age=3600", "lastModified": "2025-09-04T03:38:38.000Z", "contentLength": 77447, "httpStatusCode": 200}', '72e6ec81-784d-4aea-afe3-387bf308fa5a', NULL, '{}', NULL),
	('94e3e65d-9f49-4498-9209-f8ac316eda99', 'device-images', 's22-plus.png', NULL, '2025-09-04 01:43:43.245416+00', '2025-09-04 03:38:37.399146+00', '2025-09-04 01:43:43.245416+00', '{"eTag": "\"ad5e68d0aba8632c7c4364654e750f7f\"", "size": 73352, "mimetype": "image/png", "cacheControl": "max-age=3600", "lastModified": "2025-09-04T03:38:38.000Z", "contentLength": 73352, "httpStatusCode": 200}', '0d0c6716-8498-4709-b760-1895c2c595f4', NULL, '{}', NULL),
	('b4867e21-b49e-4747-b562-555d91f6efe0', 'device-images', 's22.png', NULL, '2025-09-04 01:43:43.263714+00', '2025-09-04 03:38:37.644725+00', '2025-09-04 01:43:43.263714+00', '{"eTag": "\"d09fdff57d1dc76f13fd11fd06c09e91\"", "size": 72904, "mimetype": "image/png", "cacheControl": "max-age=3600", "lastModified": "2025-09-04T03:38:38.000Z", "contentLength": 72904, "httpStatusCode": 200}', '52cdb323-7783-4e96-ae2d-e7386a22b4b6', NULL, '{}', NULL),
	('1684649e-ba83-42f0-9163-42b12e6e0ec5', 'device-images', 's6-edge-1.png', NULL, '2025-09-04 01:43:43.282464+00', '2025-09-04 03:38:37.834697+00', '2025-09-04 01:43:43.282464+00', '{"eTag": "\"83e5b659bac534c1768bafa7f997078f\"", "size": 62280, "mimetype": "image/png", "cacheControl": "max-age=3600", "lastModified": "2025-09-04T03:38:38.000Z", "contentLength": 62280, "httpStatusCode": 200}', '084465d9-b2e7-4d2f-a8d5-836389410357', NULL, '{}', NULL),
	('c64308ec-e543-4b1b-855e-8eefb62a3f6f', 'device-images', 's7-active.png', NULL, '2025-09-04 01:43:43.30138+00', '2025-09-04 03:38:38.089593+00', '2025-09-04 01:43:43.30138+00', '{"eTag": "\"c575f2ac3abdae27042d4e3e23e66d02\"", "size": 66264, "mimetype": "image/png", "cacheControl": "max-age=3600", "lastModified": "2025-09-04T03:38:39.000Z", "contentLength": 66264, "httpStatusCode": 200}', 'c936b7a6-e9c2-4812-aaf0-5c95ee25c655', NULL, '{}', NULL),
	('a2b7b672-8e9f-441a-9d07-6c0c6303fbce', 'device-images', 's7-edge.png', NULL, '2025-09-04 01:43:43.318354+00', '2025-09-04 03:38:38.252519+00', '2025-09-04 01:43:43.318354+00', '{"eTag": "\"b25f08708ce3c4bee5644987a1783bd7\"", "size": 34516, "mimetype": "image/png", "cacheControl": "max-age=3600", "lastModified": "2025-09-04T03:38:39.000Z", "contentLength": 34516, "httpStatusCode": 200}', 'bc3c3c8e-6820-48f9-87e6-0711859a288d', NULL, '{}', NULL),
	('9a2f042a-0609-4a54-a909-e50c0d6204f7', 'device-images', 's-21-fe.png', NULL, '2025-09-04 01:43:43.012893+00', '2025-09-04 03:38:34.76248+00', '2025-09-04 01:43:43.012893+00', '{"eTag": "\"ab2d16304b02b1d8dc2f104c47f5e4eb\"", "size": 67614, "mimetype": "image/png", "cacheControl": "max-age=3600", "lastModified": "2025-09-04T03:38:35.000Z", "contentLength": 67614, "httpStatusCode": 200}', '0df8647c-5c27-405f-8843-68893fe3a671', NULL, '{}', NULL),
	('01da4d94-2236-44c6-bd58-f73dd765da88', 'device-images', 'galaxy-s21-ultra.png', NULL, '2025-09-04 01:43:39.486273+00', '2025-09-04 03:31:23.68999+00', '2025-09-04 01:43:39.486273+00', '{"eTag": "\"ea43238fbd0489eab011a8fc1dfbbe1e\"", "size": 6882, "mimetype": "image/png", "cacheControl": "max-age=3600", "lastModified": "2025-09-04T03:31:24.000Z", "contentLength": 6882, "httpStatusCode": 200}', '0c7fa941-2d4b-4dc2-941b-bc26471d3107', NULL, '{}', NULL),
	('29c642af-f85f-41b0-b329-b40cc292ca93', 'device-images', 'iphone-se-1st-gen.png', NULL, '2025-09-04 01:43:40.685935+00', '2025-09-04 03:38:09.019635+00', '2025-09-04 01:43:40.685935+00', '{"eTag": "\"5d07a4428516b97afdfd6615f7a4a5e5\"", "size": 30073, "mimetype": "image/png", "cacheControl": "max-age=3600", "lastModified": "2025-09-04T03:38:09.000Z", "contentLength": 30073, "httpStatusCode": 200}', 'eb4bc27e-283f-4293-9d80-8cca4c1d571b', NULL, '{}', NULL),
	('a23897ef-6d18-4288-b608-dcecf45ab68b', 'device-images', 's8-edge.png', NULL, '2025-09-04 01:43:43.37558+00', '2025-09-04 03:38:38.872199+00', '2025-09-04 01:43:43.37558+00', '{"eTag": "\"ebea6001274ebe0fc322a493c2c4a2a2\"", "size": 64532, "mimetype": "image/png", "cacheControl": "max-age=3600", "lastModified": "2025-09-04T03:38:39.000Z", "contentLength": 64532, "httpStatusCode": 200}', '9c88d381-a795-44b2-b27b-755c4fae5759', NULL, '{}', NULL),
	('3b995a1f-9352-4668-83aa-7f2dc58afdd1', 'device-images', 's8-plus.png', NULL, '2025-09-04 01:43:43.394075+00', '2025-09-04 03:38:39.149+00', '2025-09-04 01:43:43.394075+00', '{"eTag": "\"61a4a697fa1d12d4c84a8c58fae19874\"", "size": 60752, "mimetype": "image/png", "cacheControl": "max-age=3600", "lastModified": "2025-09-04T03:38:40.000Z", "contentLength": 60752, "httpStatusCode": 200}', 'cb6f33a4-fbc1-4feb-8325-ef19e6e3e7f6', NULL, '{}', NULL),
	('2d386778-1042-4abc-8443-4480847a7d86', 'device-images', 's9.png', NULL, '2025-09-04 01:43:43.415393+00', '2025-09-04 03:38:39.326055+00', '2025-09-04 01:43:43.415393+00', '{"eTag": "\"c8147da62ee0c327e4eca6978ca3070a\"", "size": 42934, "mimetype": "image/png", "cacheControl": "max-age=3600", "lastModified": "2025-09-04T03:38:40.000Z", "contentLength": 42934, "httpStatusCode": 200}', '7675b39c-a121-411c-b18c-60136129e266', NULL, '{}', NULL),
	('e8fd59af-eb58-42f1-b072-38946dcab9da', 'device-images', 's9plus.png', NULL, '2025-09-04 01:43:43.441584+00', '2025-09-04 03:38:39.507056+00', '2025-09-04 01:43:43.441584+00', '{"eTag": "\"63d960f05fed7578a0a2719c2807d688\"", "size": 35260, "mimetype": "image/png", "cacheControl": "max-age=3600", "lastModified": "2025-09-04T03:38:40.000Z", "contentLength": 35260, "httpStatusCode": 200}', 'f1a67e66-4679-4e28-a566-3518ea7655e6', NULL, '{}', NULL),
	('de804e71-0325-41cd-a16e-cdcec50a8ece', 'device-images', 'samsung-galaxy-a53-5g.png', NULL, '2025-09-04 01:43:43.4734+00', '2025-09-04 03:38:39.68843+00', '2025-09-04 01:43:43.4734+00', '{"eTag": "\"4772deb2e494bc3f713bf461bdc334a7\"", "size": 58655, "mimetype": "image/png", "cacheControl": "max-age=3600", "lastModified": "2025-09-04T03:38:40.000Z", "contentLength": 58655, "httpStatusCode": 200}', 'ef27a97a-d3fd-4ffe-9078-cb87c2e2f434', NULL, '{}', NULL),
	('55b17fff-5597-4d95-baa8-3cbd8123b7c1', 'device-images', 'samsung-galaxy-s21-ultra.png', NULL, '2025-09-04 01:43:43.494591+00', '2025-09-04 03:38:40.088043+00', '2025-09-04 01:43:43.494591+00', '{"eTag": "\"ea43238fbd0489eab011a8fc1dfbbe1e\"", "size": 6882, "mimetype": "image/png", "cacheControl": "max-age=3600", "lastModified": "2025-09-04T03:38:40.000Z", "contentLength": 6882, "httpStatusCode": 200}', 'ee709e6c-31a9-4b93-ad9f-17fee102902d', NULL, '{}', NULL),
	('adef7683-fb43-4b86-8953-ea9d60f1ba63', 'device-images', 'samsung-main.png', NULL, '2025-09-04 01:43:43.513567+00', '2025-09-04 03:38:40.287923+00', '2025-09-04 01:43:43.513567+00', '{"eTag": "\"651dee088cb7a234d02f28fbaecda7ae\"", "size": 22688, "mimetype": "image/png", "cacheControl": "max-age=3600", "lastModified": "2025-09-04T03:38:41.000Z", "contentLength": 22688, "httpStatusCode": 200}', 'dc22659d-40f0-4964-bc25-d2ff16c01f58', NULL, '{}', NULL),
	('aae7de1c-2874-4ca3-9327-bcc3a183feb8', 'device-images', '25-05-2022-1653481206pixel-4-xl.png', NULL, '2025-09-04 01:43:40.086834+00', '2025-09-04 03:38:01.442389+00', '2025-09-04 01:43:40.086834+00', '{"eTag": "\"ed88310e055b40a0e416fabec6c70c9a\"", "size": 35256, "mimetype": "image/png", "cacheControl": "max-age=3600", "lastModified": "2025-09-04T03:38:02.000Z", "contentLength": 35256, "httpStatusCode": 200}', '8ce777da-747d-4b1d-b384-d8fd70f2614a', NULL, '{}', NULL),
	('4d43f3e3-7775-4d9f-9d7f-cd48e2361a03', 'device-images', '25-05-2022-1653481274pixel-4a-1.png', NULL, '2025-09-04 01:43:40.106806+00', '2025-09-04 03:38:01.911799+00', '2025-09-04 01:43:40.106806+00', '{"eTag": "\"84684a1563d23cc69db40a8c51eadbfa\"", "size": 37071, "mimetype": "image/png", "cacheControl": "max-age=3600", "lastModified": "2025-09-04T03:38:02.000Z", "contentLength": 37071, "httpStatusCode": 200}', 'de083884-17c1-48ad-a3f0-10b4a3a57a6b', NULL, '{}', NULL),
	('b58ef88f-eb55-4b86-90e6-58d1c423affa', 'device-images', 'iphone-11-pro.png', NULL, '2025-09-04 01:43:39.554017+00', '2025-09-04 03:38:04.387769+00', '2025-09-04 01:43:39.554017+00', '{"eTag": "\"72d0d6426772fa6bdc9f0c2da0ecf421\"", "size": 53876, "mimetype": "image/png", "cacheControl": "max-age=3600", "lastModified": "2025-09-04T03:38:05.000Z", "contentLength": 53876, "httpStatusCode": 200}', 'dbbbd889-e66d-4b57-a3ee-7773e956c7a2', NULL, '{}', NULL),
	('3039d29c-52ef-4f1f-ac08-2ce8b46c4655', 'device-images', '25-05-2022-1653478907k51.png', NULL, '2025-09-04 01:43:41.025469+00', '2025-09-04 03:38:12.629224+00', '2025-09-04 01:43:41.025469+00', '{"eTag": "\"cc12000cf00ad4230483a092912e907d\"", "size": 50635, "mimetype": "image/png", "cacheControl": "max-age=3600", "lastModified": "2025-09-04T03:38:13.000Z", "contentLength": 50635, "httpStatusCode": 200}', 'ad6c6b41-0aab-4d8d-a85f-64d469042299', NULL, '{}', NULL),
	('a60b539e-767c-4417-9e0f-61d60b95ad35', 'device-images', 'lg-main.png', NULL, '2025-09-04 01:43:41.333863+00', '2025-09-04 03:38:16.250879+00', '2025-09-04 01:43:41.333863+00', '{"eTag": "\"f2bd1282c9df3cd7c13a07072be4c68f\"", "size": 27030, "mimetype": "image/png", "cacheControl": "max-age=3600", "lastModified": "2025-09-04T03:38:17.000Z", "contentLength": 27030, "httpStatusCode": 200}', '4ac3a9de-7431-47e0-890f-0e5a2349e8aa', NULL, '{}', NULL),
	('f7f09b21-ec0c-42ef-a6ff-0032b6c2954b', 'device-images', 'motorola-moto-e22s.jpg', NULL, '2025-09-04 01:43:41.473299+00', '2025-09-04 03:38:17.316163+00', '2025-09-04 01:43:41.473299+00', '{"eTag": "\"18f695fe2998cfd23dd2f19d62d6f4b5\"", "size": 8576, "mimetype": "image/jpeg", "cacheControl": "max-age=3600", "lastModified": "2025-09-04T03:38:18.000Z", "contentLength": 8576, "httpStatusCode": 200}', '05a84075-0b5c-4820-8795-1b6d4ca971dd', NULL, '{}', NULL),
	('acd5332b-e1bb-48af-9faf-e83c0b6cfbc1', 'device-images', 's8-active.png', NULL, '2025-09-04 01:43:43.355506+00', '2025-09-04 03:38:38.681466+00', '2025-09-04 01:43:43.355506+00', '{"eTag": "\"5fcba192010c0349ba5615caa0974809\"", "size": 55905, "mimetype": "image/png", "cacheControl": "max-age=3600", "lastModified": "2025-09-04T03:38:39.000Z", "contentLength": 55905, "httpStatusCode": 200}', 'ae6eeff0-21b4-40aa-9869-cb316ff1fecd', NULL, '{}', NULL),
	('0f38bc8e-6396-44f1-89b6-e56e7717f4be', 'device-images', 'test-iphone-11.png', NULL, '2025-09-04 03:34:22.106207+00', '2025-09-04 03:34:22.106207+00', '2025-09-04 03:34:22.106207+00', '{"eTag": "\"27637fd1abd01da6ba2371969002f6be\"", "size": 28474, "mimetype": "image/png", "cacheControl": "max-age=3600", "lastModified": "2025-09-04T03:34:23.000Z", "contentLength": 28474, "httpStatusCode": 200}', '3e552317-940d-4400-b686-20f20b87f2d9', NULL, '{}', 1),
	('7966df15-4aa2-44ed-b4b2-ecf6883da0de', 'ticket-photos', 'e4fb826c-764c-447c-a357-2ddb01ce25e1/1756957026220-16-pro-max-BGLASS.webp', NULL, '2025-09-04 03:37:06.424428+00', '2025-09-04 03:37:06.424428+00', '2025-09-04 03:37:06.424428+00', '{"eTag": "\"6b665742b0627f01406efd0508aa9bed\"", "size": 115594, "mimetype": "image/webp", "cacheControl": "max-age=3600", "lastModified": "2025-09-04T03:37:07.000Z", "contentLength": 115594, "httpStatusCode": 200}', '68a5f706-e646-4fda-b631-1f381350debc', NULL, '{}', 2),
	('9b009871-948d-4376-a621-c2d69e5a35c1', 'device-images', '24-05-2022-1653398922a-12.png', NULL, '2025-09-04 01:43:42.359639+00', '2025-09-04 03:38:26.211188+00', '2025-09-04 01:43:42.359639+00', '{"eTag": "\"45325bf01705af567b4627d785c4ab99\"", "size": 85994, "mimetype": "image/png", "cacheControl": "max-age=3600", "lastModified": "2025-09-04T03:38:27.000Z", "contentLength": 85994, "httpStatusCode": 200}', '5dc96784-6bef-475b-b261-0b77486e00e1', NULL, '{}', NULL),
	('31b907a6-272b-4a6b-9922-46974f3095ec', 'device-images', 'motorola-main.png', NULL, '2025-09-04 01:43:41.675828+00', '2025-09-04 03:38:19.437379+00', '2025-09-04 01:43:41.675828+00', '{"eTag": "\"b914d0ea69608dcfc5e6f6535100403d\"", "size": 31729, "mimetype": "image/png", "cacheControl": "max-age=3600", "lastModified": "2025-09-04T03:38:20.000Z", "contentLength": 31729, "httpStatusCode": 200}', '30a9b2a0-d571-4cbf-97fc-da2731848adb', NULL, '{}', NULL),
	('abc97e4f-aa3e-4e7c-beea-e70385979195', 'device-images', 'i-7-1.webp', NULL, '2025-09-04 01:43:42.022879+00', '2025-09-04 03:38:22.549322+00', '2025-09-04 01:43:42.022879+00', '{"eTag": "\"8a0c8a5cb1bb4e3a7193be336a6a0219\"", "size": 3834, "mimetype": "image/jpeg", "cacheControl": "max-age=3600", "lastModified": "2025-09-04T03:38:23.000Z", "contentLength": 3834, "httpStatusCode": 200}', 'eab6d7cd-31db-4fd9-838b-cf06c9817823', NULL, '{}', NULL),
	('9f5533ec-09ab-4c8d-8426-31c305b022e8', 'device-images', '25-05-2022-1653474817a-50.png', NULL, '2025-09-04 01:43:42.666971+00', '2025-09-04 03:38:30.079533+00', '2025-09-04 01:43:42.666971+00', '{"eTag": "\"60f3643af8454260cb8214780663936b\"", "size": 77674, "mimetype": "image/png", "cacheControl": "max-age=3600", "lastModified": "2025-09-04T03:38:30.000Z", "contentLength": 77674, "httpStatusCode": 200}', 'afa2aae0-d11e-4077-a258-41cf84f17467', NULL, '{}', NULL),
	('eeefd8c8-01fc-4b54-aff8-7acce14a3318', 'device-images', '24-05-2022-1653398781a-03s.png', NULL, '2025-09-04 01:43:42.266379+00', '2025-09-04 03:38:25.291707+00', '2025-09-04 01:43:42.266379+00', '{"eTag": "\"11463e2beab14a94191595943c8af9e2\"", "size": 62643, "mimetype": "image/png", "cacheControl": "max-age=3600", "lastModified": "2025-09-04T03:38:26.000Z", "contentLength": 62643, "httpStatusCode": 200}', '081395b1-e916-4cb7-9d3a-c6c044b61576', NULL, '{}', NULL),
	('98b45cad-364c-4e78-a1e3-ce47612e5330', 'ticket-photos', '00000002-0000-0000-0000-000000000002/1756959348136-dropped-my-s23u-back-is-cracked-but-the-screen-is-intact-v0-w7ccpynri6cb1.webp', NULL, '2025-09-04 04:15:48.39113+00', '2025-09-04 04:15:48.39113+00', '2025-09-04 04:15:48.39113+00', '{"eTag": "\"110628246971dae9d7e2e5dd60df53b9\"", "size": 155950, "mimetype": "image/webp", "cacheControl": "max-age=3600", "lastModified": "2025-09-04T04:15:49.000Z", "contentLength": 155950, "httpStatusCode": 200}', '8e04a61f-0057-4d29-995b-75b7581e2b97', NULL, '{}', 2),
	('18541aaa-b2bb-47f9-bdd9-f93dcadc3421', 'device-images', 's-20-fe-5g.png', NULL, '2025-09-04 01:43:42.995333+00', '2025-09-04 03:38:34.55349+00', '2025-09-04 01:43:42.995333+00', '{"eTag": "\"fdb1d591b05f5a754b26d566082df60e\"", "size": 66509, "mimetype": "image/png", "cacheControl": "max-age=3600", "lastModified": "2025-09-04T03:38:35.000Z", "contentLength": 66509, "httpStatusCode": 200}', '6cefb4a5-5e26-4aa9-aafa-b09d5589127f', NULL, '{}', NULL),
	('e0df5bd8-35ca-4fb6-b6cb-91f8399e58f6', 'device-images', 'galaxy-s23.png', NULL, '2025-09-04 03:55:57.932433+00', '2025-09-04 03:55:57.932433+00', '2025-09-04 03:55:57.932433+00', '{"eTag": "\"4772deb2e494bc3f713bf461bdc334a7\"", "size": 58655, "mimetype": "image/png", "cacheControl": "max-age=3600", "lastModified": "2025-09-04T03:55:58.000Z", "contentLength": 58655, "httpStatusCode": 200}', '82f81c6f-73b3-404b-a883-3439c6624042', NULL, '{}', 1),
	('4dcfbdf4-0cce-4f7f-b5ed-b96c1d52f6b7', 'device-images', 'gallery-1756959555002.jpg', NULL, '2025-09-04 04:19:15.202024+00', '2025-09-04 04:19:15.202024+00', '2025-09-04 04:19:15.202024+00', '{"eTag": "\"c1dc75a3a9603f3558b8c12672a7046d\"", "size": 61308, "mimetype": "image/jpeg", "cacheControl": "max-age=3600", "lastModified": "2025-09-04T04:19:16.000Z", "contentLength": 61308, "httpStatusCode": 200}', '882110df-4c47-460d-9ef4-ea421e0feeed', NULL, '{}', 1),
	('917515b7-fdfe-41d2-b1e9-c1faae4475e9', 'device-images', 'iphone-14-plus.png', NULL, '2025-09-04 04:57:56.63441+00', '2025-09-04 04:57:56.63441+00', '2025-09-04 04:57:56.63441+00', '{"eTag": "\"7f99920c31c4c899d3fccae7b6c9b2e8\"", "size": 44682, "mimetype": "image/png", "cacheControl": "max-age=3600", "lastModified": "2025-09-04T04:57:57.000Z", "contentLength": 44682, "httpStatusCode": 200}', '01953723-f011-4a62-9f97-41f18a13a439', NULL, '{}', 1),
	('a20aaa67-b6a7-41b7-9b92-dda2e5d3ade5', 'device-images', 'iphone-13-pro.png', NULL, '2025-09-04 04:58:19.660702+00', '2025-09-04 04:58:19.660702+00', '2025-09-04 04:58:19.660702+00', '{"eTag": "\"9397ab085043d6969d6de18f052966db\"", "size": 37378, "mimetype": "image/png", "cacheControl": "max-age=3600", "lastModified": "2025-09-04T04:58:20.000Z", "contentLength": 37378, "httpStatusCode": 200}', 'ee125d9d-4160-41c6-ae5e-00ce81f3ff6e', NULL, '{}', 1),
	('4e78d8d9-979b-42c5-b2fa-4fb3f872c1c5', 'ticket-photos', '6bd347af-20d8-479c-8179-f6f9746f25d4/1756996827272-16-pro-max-BGLASS.webp', NULL, '2025-09-04 14:40:27.460118+00', '2025-09-04 14:40:27.460118+00', '2025-09-04 14:40:27.460118+00', '{"eTag": "\"6b665742b0627f01406efd0508aa9bed\"", "size": 115594, "mimetype": "image/webp", "cacheControl": "max-age=3600", "lastModified": "2025-09-04T14:40:28.000Z", "contentLength": 115594, "httpStatusCode": 200}', '4499b031-4e87-48ba-a8ec-a4afb30bac73', NULL, '{}', 2),
	('c96d16a1-54b7-4013-8136-c9f8663b3c10', 'device-images', 'gallery-1757007556458.png', NULL, '2025-09-04 17:39:16.703989+00', '2025-09-04 17:39:16.703989+00', '2025-09-04 17:39:16.703989+00', '{"eTag": "\"01152adbf40e2bd916e3e7b420ece726\"", "size": 58581, "mimetype": "image/png", "cacheControl": "max-age=3600", "lastModified": "2025-09-04T17:39:17.000Z", "contentLength": 58581, "httpStatusCode": 200}', '3406ee4e-7e2c-40ef-8497-08b5b53b0412', NULL, '{}', 1),
	('30548cfb-31fd-4fbf-8e06-5dc256d515e6', 'device-images', 'galaxy-a34.png', NULL, '2025-09-04 17:39:34.464379+00', '2025-09-04 17:39:34.464379+00', '2025-09-04 17:39:34.464379+00', '{"eTag": "\"717a25d8ee9909cf9d23680cc529c7b5\"", "size": 38510, "mimetype": "image/png", "cacheControl": "max-age=3600", "lastModified": "2025-09-04T17:39:35.000Z", "contentLength": 38510, "httpStatusCode": 200}', 'f586bce2-5f8a-4e9b-9bf5-219c0adaf0b9', NULL, '{}', 1),
	('443d411d-9e34-4a32-8a58-9cdc2bca2bba', 'device-images', 'galaxy-s21.png', NULL, '2025-09-04 17:39:55.425682+00', '2025-09-04 17:39:55.425682+00', '2025-09-04 17:39:55.425682+00', '{"eTag": "\"5aca6ca5bcbef071cb1cdaf710bb8315\"", "size": 55155, "mimetype": "image/png", "cacheControl": "max-age=3600", "lastModified": "2025-09-04T17:39:56.000Z", "contentLength": 55155, "httpStatusCode": 200}', '5c64c01e-d15e-4300-88b4-0eca2f62f3e9', NULL, '{}', 1),
	('61a85298-31aa-4b65-8615-6484a0c9196a', 'device-images', 'phone-guys-lg.jpg', NULL, '2025-09-06 19:44:03.23702+00', '2025-09-06 19:44:03.23702+00', '2025-09-06 19:44:03.23702+00', '{"eTag": "\"2e4ec329f6a68ca354743afe4dd9b386\"", "size": 340412, "mimetype": "image/jpeg", "cacheControl": "max-age=3600", "lastModified": "2025-09-06T19:44:04.000Z", "contentLength": 340412, "httpStatusCode": 200}', 'ffac258e-a838-4e8d-adf5-37d0121bf542', NULL, '{}', 1),
	('25382e1d-4ac2-49f2-8ce8-052069411444', 'device-images', 'phoneguys-logo.png', NULL, '2025-09-06 19:52:46.638488+00', '2025-09-06 19:52:46.638488+00', '2025-09-06 19:52:46.638488+00', '{"eTag": "\"44eb7570414e7185c4e50090df42b599\"", "size": 76830, "mimetype": "image/png", "cacheControl": "max-age=3600", "lastModified": "2025-09-06T19:52:47.000Z", "contentLength": 76830, "httpStatusCode": 200}', '625d9b8a-df68-4123-8292-583d001fc714', NULL, '{}', 1);


--
-- Data for Name: prefixes; Type: TABLE DATA; Schema: storage; Owner: supabase_storage_admin
--

INSERT INTO "storage"."prefixes" ("bucket_id", "name", "created_at", "updated_at") VALUES
	('ticket-photos', 'e4fb826c-764c-447c-a357-2ddb01ce25e1', '2025-09-04 03:37:06.424428+00', '2025-09-04 03:37:06.424428+00'),
	('ticket-photos', '00000002-0000-0000-0000-000000000002', '2025-09-04 04:15:48.39113+00', '2025-09-04 04:15:48.39113+00'),
	('ticket-photos', '6bd347af-20d8-479c-8179-f6f9746f25d4', '2025-09-04 14:40:27.460118+00', '2025-09-04 14:40:27.460118+00');


--
-- Data for Name: s3_multipart_uploads; Type: TABLE DATA; Schema: storage; Owner: supabase_storage_admin
--



--
-- Data for Name: s3_multipart_uploads_parts; Type: TABLE DATA; Schema: storage; Owner: supabase_storage_admin
--



--
-- Name: refresh_tokens_id_seq; Type: SEQUENCE SET; Schema: auth; Owner: supabase_auth_admin
--

SELECT pg_catalog.setval('"auth"."refresh_tokens_id_seq"', 187, true);


--
-- PostgreSQL database dump complete
--

RESET ALL;
