SET session_replication_role = replica;

--
-- PostgreSQL database dump
--

-- Dumped from database version 17.4
-- Dumped by pg_dump version 17.4

SET statement_timeout = 0;
SET lock_timeout = 0;
SET idle_in_transaction_session_timeout = 0;
SET transaction_timeout = 0;
SET client_encoding = 'UTF8';
SET standard_conforming_strings = on;
SELECT pg_catalog.set_config('search_path', '', false);
SET check_function_bodies = false;
SET xmloption = content;
SET client_min_messages = warning;
SET row_security = off;

--
-- Data for Name: audit_log_entries; Type: TABLE DATA; Schema: auth; Owner: supabase_auth_admin
--

INSERT INTO "auth"."audit_log_entries" ("instance_id", "id", "payload", "created_at", "ip_address") VALUES
	('00000000-0000-0000-0000-000000000000', '754e757f-f6ee-4f0e-976d-78b6df832b8e', '{"action":"user_signedup","actor_id":"00000000-0000-0000-0000-000000000000","actor_username":"service_role","actor_via_sso":false,"log_type":"team","traits":{"provider":"email","user_email":"admin@phoneguys.com","user_id":"241d165f-cf6c-4836-97ae-8fe1152583d9","user_phone":""}}', '2025-09-03 20:41:35.684113+00', ''),
	('00000000-0000-0000-0000-000000000000', '32f910c4-0183-4879-a24c-55da99bb32a3', '{"action":"login","actor_id":"241d165f-cf6c-4836-97ae-8fe1152583d9","actor_username":"admin@phoneguys.com","actor_via_sso":false,"log_type":"account","traits":{"provider":"email"}}', '2025-09-03 20:41:45.942838+00', ''),
	('00000000-0000-0000-0000-000000000000', 'c1237e6e-12b2-4cd1-abe3-de27eb126d58', '{"action":"token_refreshed","actor_id":"241d165f-cf6c-4836-97ae-8fe1152583d9","actor_username":"admin@phoneguys.com","actor_via_sso":false,"log_type":"token"}', '2025-09-03 21:40:12.621464+00', ''),
	('00000000-0000-0000-0000-000000000000', '98b7dfc1-a88f-47cb-9893-4ddf05e654a3', '{"action":"token_revoked","actor_id":"241d165f-cf6c-4836-97ae-8fe1152583d9","actor_username":"admin@phoneguys.com","actor_via_sso":false,"log_type":"token"}', '2025-09-03 21:40:12.623712+00', ''),
	('00000000-0000-0000-0000-000000000000', '8dc19039-1e4a-4a24-8b51-b9df4b8a9502', '{"action":"login","actor_id":"241d165f-cf6c-4836-97ae-8fe1152583d9","actor_username":"admin@phoneguys.com","actor_via_sso":false,"log_type":"account","traits":{"provider":"email"}}', '2025-09-04 00:50:48.708752+00', ''),
	('00000000-0000-0000-0000-000000000000', '9537c206-f1e5-4b66-86c5-45b717499c9e', '{"action":"token_refreshed","actor_id":"241d165f-cf6c-4836-97ae-8fe1152583d9","actor_username":"admin@phoneguys.com","actor_via_sso":false,"log_type":"token"}', '2025-09-04 01:55:25.692607+00', ''),
	('00000000-0000-0000-0000-000000000000', 'a29d7ce0-00ef-4d18-89e8-f6a3e5e4d61c', '{"action":"token_revoked","actor_id":"241d165f-cf6c-4836-97ae-8fe1152583d9","actor_username":"admin@phoneguys.com","actor_via_sso":false,"log_type":"token"}', '2025-09-04 01:55:25.69548+00', ''),
	('00000000-0000-0000-0000-000000000000', 'f89932b6-a48a-494d-893d-228c5c4873f0', '{"action":"token_refreshed","actor_id":"241d165f-cf6c-4836-97ae-8fe1152583d9","actor_username":"admin@phoneguys.com","actor_via_sso":false,"log_type":"token"}', '2025-09-04 03:02:30.404214+00', ''),
	('00000000-0000-0000-0000-000000000000', 'daab4796-9374-4532-b7b6-4fd9a75283de', '{"action":"token_revoked","actor_id":"241d165f-cf6c-4836-97ae-8fe1152583d9","actor_username":"admin@phoneguys.com","actor_via_sso":false,"log_type":"token"}', '2025-09-04 03:02:30.406984+00', ''),
	('00000000-0000-0000-0000-000000000000', '0cd4b57b-9882-43d2-8327-c3be821cc344', '{"action":"token_refreshed","actor_id":"241d165f-cf6c-4836-97ae-8fe1152583d9","actor_username":"admin@phoneguys.com","actor_via_sso":false,"log_type":"token"}', '2025-09-04 03:02:30.48879+00', ''),
	('00000000-0000-0000-0000-000000000000', 'cf3c0716-c17f-4118-a3e0-e49730e75630', '{"action":"token_refreshed","actor_id":"241d165f-cf6c-4836-97ae-8fe1152583d9","actor_username":"admin@phoneguys.com","actor_via_sso":false,"log_type":"token"}', '2025-09-04 03:02:30.942278+00', '');


--
-- Data for Name: flow_state; Type: TABLE DATA; Schema: auth; Owner: supabase_auth_admin
--



--
-- Data for Name: users; Type: TABLE DATA; Schema: auth; Owner: supabase_auth_admin
--

INSERT INTO "auth"."users" ("instance_id", "id", "aud", "role", "email", "encrypted_password", "email_confirmed_at", "invited_at", "confirmation_token", "confirmation_sent_at", "recovery_token", "recovery_sent_at", "email_change_token_new", "email_change", "email_change_sent_at", "last_sign_in_at", "raw_app_meta_data", "raw_user_meta_data", "is_super_admin", "created_at", "updated_at", "phone", "phone_confirmed_at", "phone_change", "phone_change_token", "phone_change_sent_at", "email_change_token_current", "email_change_confirm_status", "banned_until", "reauthentication_token", "reauthentication_sent_at", "is_sso_user", "deleted_at", "is_anonymous") VALUES
	('00000000-0000-0000-0000-000000000000', '241d165f-cf6c-4836-97ae-8fe1152583d9', 'authenticated', 'authenticated', 'admin@phoneguys.com', '$2a$10$kd8MjfzGQ/tnK7u3p9I/Bu5WjfWQ3Eyy3K1vsMyepaJwZkJsmae6y', '2025-09-03 20:41:35.686387+00', NULL, '', NULL, '', NULL, '', '', NULL, '2025-09-04 00:50:48.710102+00', '{"provider": "email", "providers": ["email"]}', '{"email_verified": true}', NULL, '2025-09-03 20:41:35.679124+00', '2025-09-04 03:02:30.410832+00', NULL, NULL, '', '', NULL, '', 0, NULL, '', NULL, false, NULL, false);


--
-- Data for Name: identities; Type: TABLE DATA; Schema: auth; Owner: supabase_auth_admin
--

INSERT INTO "auth"."identities" ("provider_id", "user_id", "identity_data", "provider", "last_sign_in_at", "created_at", "updated_at", "id") VALUES
	('241d165f-cf6c-4836-97ae-8fe1152583d9', '241d165f-cf6c-4836-97ae-8fe1152583d9', '{"sub": "241d165f-cf6c-4836-97ae-8fe1152583d9", "email": "admin@phoneguys.com", "email_verified": false, "phone_verified": false}', 'email', '2025-09-03 20:41:35.682697+00', '2025-09-03 20:41:35.682728+00', '2025-09-03 20:41:35.682728+00', 'e5b8818a-d28f-49a3-8a7c-d5037a5a4fd3');


--
-- Data for Name: instances; Type: TABLE DATA; Schema: auth; Owner: supabase_auth_admin
--



--
-- Data for Name: sessions; Type: TABLE DATA; Schema: auth; Owner: supabase_auth_admin
--

INSERT INTO "auth"."sessions" ("id", "user_id", "created_at", "updated_at", "factor_id", "aal", "not_after", "refreshed_at", "user_agent", "ip", "tag") VALUES
	('d9b541a3-f972-4a0c-b72f-c9fb7891f0bf', '241d165f-cf6c-4836-97ae-8fe1152583d9', '2025-09-03 20:41:45.943749+00', '2025-09-03 21:40:12.630888+00', NULL, 'aal1', NULL, '2025-09-03 21:40:12.630833', 'Mozilla/5.0 (Windows NT 10.0; Win64; x64) AppleWebKit/537.36 (KHTML, like Gecko) Chrome/141.0.0.0 Safari/537.36', '172.18.0.1', NULL),
	('9b479135-e56f-4bab-a9ec-b307bb1bd36a', '241d165f-cf6c-4836-97ae-8fe1152583d9', '2025-09-04 00:50:48.710157+00', '2025-09-04 03:02:30.944456+00', NULL, 'aal1', NULL, '2025-09-04 03:02:30.944317', 'Next.js Middleware', '172.18.0.1', NULL);


--
-- Data for Name: mfa_amr_claims; Type: TABLE DATA; Schema: auth; Owner: supabase_auth_admin
--

INSERT INTO "auth"."mfa_amr_claims" ("session_id", "created_at", "updated_at", "authentication_method", "id") VALUES
	('d9b541a3-f972-4a0c-b72f-c9fb7891f0bf', '2025-09-03 20:41:45.947656+00', '2025-09-03 20:41:45.947656+00', 'password', 'c0314ba8-a604-4d88-afb8-7ac640298ef4'),
	('9b479135-e56f-4bab-a9ec-b307bb1bd36a', '2025-09-04 00:50:48.714134+00', '2025-09-04 00:50:48.714134+00', 'password', 'dfa6da97-f1e2-4561-8b60-2fd053d4dd9f');


--
-- Data for Name: mfa_factors; Type: TABLE DATA; Schema: auth; Owner: supabase_auth_admin
--



--
-- Data for Name: mfa_challenges; Type: TABLE DATA; Schema: auth; Owner: supabase_auth_admin
--



--
-- Data for Name: oauth_clients; Type: TABLE DATA; Schema: auth; Owner: supabase_auth_admin
--



--
-- Data for Name: one_time_tokens; Type: TABLE DATA; Schema: auth; Owner: supabase_auth_admin
--



--
-- Data for Name: refresh_tokens; Type: TABLE DATA; Schema: auth; Owner: supabase_auth_admin
--

INSERT INTO "auth"."refresh_tokens" ("instance_id", "id", "token", "user_id", "revoked", "created_at", "updated_at", "parent", "session_id") VALUES
	('00000000-0000-0000-0000-000000000000', 1, '275645i3ulcl', '241d165f-cf6c-4836-97ae-8fe1152583d9', true, '2025-09-03 20:41:45.94541+00', '2025-09-03 21:40:12.624498+00', NULL, 'd9b541a3-f972-4a0c-b72f-c9fb7891f0bf'),
	('00000000-0000-0000-0000-000000000000', 2, 'otjluyk5vshf', '241d165f-cf6c-4836-97ae-8fe1152583d9', false, '2025-09-03 21:40:12.626927+00', '2025-09-03 21:40:12.626927+00', '275645i3ulcl', 'd9b541a3-f972-4a0c-b72f-c9fb7891f0bf'),
	('00000000-0000-0000-0000-000000000000', 3, 'w762p5zlmrst', '241d165f-cf6c-4836-97ae-8fe1152583d9', true, '2025-09-04 00:50:48.711532+00', '2025-09-04 01:55:25.696493+00', NULL, '9b479135-e56f-4bab-a9ec-b307bb1bd36a'),
	('00000000-0000-0000-0000-000000000000', 4, 'b63xnezmjf2q', '241d165f-cf6c-4836-97ae-8fe1152583d9', true, '2025-09-04 01:55:25.699445+00', '2025-09-04 03:02:30.407995+00', 'w762p5zlmrst', '9b479135-e56f-4bab-a9ec-b307bb1bd36a'),
	('00000000-0000-0000-0000-000000000000', 5, 'i2myddny5jhy', '241d165f-cf6c-4836-97ae-8fe1152583d9', false, '2025-09-04 03:02:30.409049+00', '2025-09-04 03:02:30.409049+00', 'b63xnezmjf2q', '9b479135-e56f-4bab-a9ec-b307bb1bd36a');


--
-- Data for Name: sso_providers; Type: TABLE DATA; Schema: auth; Owner: supabase_auth_admin
--



--
-- Data for Name: saml_providers; Type: TABLE DATA; Schema: auth; Owner: supabase_auth_admin
--



--
-- Data for Name: saml_relay_states; Type: TABLE DATA; Schema: auth; Owner: supabase_auth_admin
--



--
-- Data for Name: sso_domains; Type: TABLE DATA; Schema: auth; Owner: supabase_auth_admin
--



--
-- Data for Name: customers; Type: TABLE DATA; Schema: public; Owner: postgres
--

INSERT INTO "public"."customers" ("id", "name", "email", "phone", "created_at", "updated_at", "address", "city", "state", "zip_code", "notes", "total_orders", "total_spent", "is_active") VALUES
	('aaaaaaaa-aaaa-aaaa-aaaa-aaaaaaaaaaaa', 'Alice Johnson', 'alice.johnson@email.com', '555-0101', '2025-09-03 20:37:32.202521+00', '2025-09-03 20:37:32.202521+00', NULL, NULL, NULL, NULL, NULL, 0, 0.00, true),
	('bbbbbbbb-bbbb-bbbb-bbbb-bbbbbbbbbbbb', 'Bob Smith', 'bob.smith@email.com', '555-0102', '2025-09-03 20:37:32.202521+00', '2025-09-03 20:37:32.202521+00', NULL, NULL, NULL, NULL, NULL, 0, 0.00, true),
	('cccccccc-cccc-cccc-cccc-cccccccccccc', 'Charlie Brown', 'charlie.brown@email.com', '555-0103', '2025-09-03 20:37:32.202521+00', '2025-09-03 20:37:32.202521+00', NULL, NULL, NULL, NULL, NULL, 0, 0.00, true),
	('dddddddd-dddd-dddd-dddd-dddddddddddd', 'Diana Prince', 'diana.prince@email.com', '555-0104', '2025-09-03 20:37:32.202521+00', '2025-09-03 20:37:32.202521+00', NULL, NULL, NULL, NULL, NULL, 0, 0.00, true),
	('eeeeeeee-eeee-eeee-eeee-eeeeeeeeeeee', 'Edward Norton', 'edward.norton@email.com', '555-0105', '2025-09-03 20:37:32.202521+00', '2025-09-03 20:37:32.202521+00', NULL, NULL, NULL, NULL, NULL, 0, 0.00, true),
	('ffffffff-ffff-ffff-ffff-ffffffffffff', 'Fiona Green', 'fiona.green@email.com', '555-0106', '2025-09-03 20:37:32.202521+00', '2025-09-03 20:37:32.202521+00', NULL, NULL, NULL, NULL, NULL, 0, 0.00, true),
	('486abf9d-fe13-4fb1-a05e-38bae0be1bb4', 'Michael Froseth', 'michael@southwellmedia.com', '9455452608', '2025-09-03 21:28:28.892+00', '2025-09-03 21:29:46.477394+00', '805 Bluff Ave E', 'Shakopee', 'MN', '55379', 'Customer has an Apple iPhone 16 Pro Max', 0, 0.00, true);


--
-- Data for Name: manufacturers; Type: TABLE DATA; Schema: public; Owner: postgres
--

INSERT INTO "public"."manufacturers" ("id", "name", "logo_url", "country", "is_active", "total_repairs_count", "created_at", "updated_at") VALUES
	('72985891-6802-4a2f-bbdd-c8e618b78720', 'Samsung', NULL, 'South Korea', true, 0, '2025-09-03 20:37:32.166493+00', '2025-09-03 20:37:32.166493+00'),
	('f5c8fd8c-fe7b-470d-8bb7-48d65f245b93', 'Google', NULL, 'United States', true, 0, '2025-09-03 20:37:32.166493+00', '2025-09-03 20:37:32.166493+00'),
	('7cf66721-2bd7-4477-af09-ab080734c1bd', 'OnePlus', NULL, 'China', true, 0, '2025-09-03 20:37:32.166493+00', '2025-09-03 20:37:32.166493+00'),
	('0c9df595-89d4-452a-a2f3-58a534be1d82', 'Motorola', NULL, 'United States', true, 0, '2025-09-03 20:37:32.166493+00', '2025-09-03 20:37:32.166493+00'),
	('a6a192be-b2b0-4ee6-8043-4d32876c1ab4', 'LG', NULL, 'South Korea', true, 0, '2025-09-03 20:37:32.166493+00', '2025-09-03 20:37:32.166493+00'),
	('2baf0c99-fa0e-45bd-96b1-f6846444d053', 'Nokia', NULL, 'Finland', true, 0, '2025-09-03 20:37:32.166493+00', '2025-09-03 20:37:32.166493+00'),
	('85184b32-e1a5-41f0-aa00-690fe651ae7b', 'Sony', NULL, 'Japan', true, 0, '2025-09-03 20:37:32.166493+00', '2025-09-03 20:37:32.166493+00'),
	('37cfba03-153d-4aea-b354-f7c4d1d0af70', 'Huawei', NULL, 'China', true, 0, '2025-09-03 20:37:32.166493+00', '2025-09-03 20:37:32.166493+00'),
	('f689c4d6-f52f-475a-9c17-0c71a03a5b58', 'Xiaomi', NULL, 'China', true, 0, '2025-09-03 20:37:32.166493+00', '2025-09-03 20:37:32.166493+00'),
	('d2de89aa-1d2f-409e-8d2d-b41b468a7efb', 'Apple', NULL, 'United States', true, 2, '2025-09-03 20:37:32.166493+00', '2025-09-03 21:29:10.730347+00');


--
-- Data for Name: devices; Type: TABLE DATA; Schema: public; Owner: postgres
--

INSERT INTO "public"."devices" ("id", "manufacturer_id", "model_name", "model_number", "device_type", "release_year", "thumbnail_url", "image_url", "description", "specifications", "screen_size", "storage_options", "color_options", "common_issues", "average_repair_cost", "average_repair_time_hours", "parts_availability", "is_active", "total_repairs_count", "created_at", "updated_at") VALUES
	('80c45429-8436-4c9c-ad20-7ae09bd36ebd', 'd2de89aa-1d2f-409e-8d2d-b41b468a7efb', 'iPhone 14 Plus', NULL, 'smartphone', 2022, NULL, '/images/devices/iphone/iphone-14-plus.png', NULL, '{}', NULL, '{}', '{}', '{}', NULL, NULL, 'available', true, 0, '2025-09-04 00:51:11.802789+00', '2025-09-04 00:51:11.802789+00'),
	('6122f4a8-e9ba-41cc-9710-d25ae10364a5', 'd2de89aa-1d2f-409e-8d2d-b41b468a7efb', 'iPhone 13 Pro', NULL, 'smartphone', 2021, NULL, '/images/devices/iphone/iphone-13-pro.png', NULL, '{}', NULL, '{}', '{}', '{}', NULL, NULL, 'available', true, 0, '2025-09-04 00:51:11.827269+00', '2025-09-04 00:51:11.827269+00'),
	('9c612b2e-7d9f-492b-873c-e6125dc68456', 'd2de89aa-1d2f-409e-8d2d-b41b468a7efb', 'iPhone SE 3rd Gen', NULL, 'smartphone', 2022, NULL, '/images/devices/iphone/iphone-se-3rd-gen.png', NULL, '{}', NULL, '{}', '{}', '{}', NULL, NULL, 'available', true, 0, '2025-09-04 00:51:11.905016+00', '2025-09-04 00:51:11.905016+00'),
	('e66286bf-bc0c-442a-8e84-fd0beee81306', 'd2de89aa-1d2f-409e-8d2d-b41b468a7efb', 'iPhone SE 2nd Gen', NULL, 'smartphone', 2020, NULL, '/images/devices/iphone/iphone-se-2020.png', NULL, '{}', NULL, '{}', '{}', '{}', NULL, NULL, 'available', true, 0, '2025-09-04 00:51:11.912724+00', '2025-09-04 00:51:11.912724+00'),
	('6a2fb5f2-7068-46f5-8673-02112502e4c1', 'd2de89aa-1d2f-409e-8d2d-b41b468a7efb', 'iPhone XS', NULL, 'smartphone', 2018, NULL, '/images/devices/iphone/iphone-xs.png', NULL, '{}', NULL, '{}', '{}', '{}', NULL, NULL, 'limited', true, 0, '2025-09-04 00:51:11.929649+00', '2025-09-04 00:51:11.929649+00'),
	('c813d3e2-9cde-4905-84a3-d3b58aeb6a39', 'd2de89aa-1d2f-409e-8d2d-b41b468a7efb', 'iPhone XR', NULL, 'smartphone', 2018, NULL, '/images/devices/iphone/iphone-xr.png', NULL, '{}', NULL, '{}', '{}', '{}', NULL, NULL, 'limited', true, 0, '2025-09-04 00:51:11.937423+00', '2025-09-04 00:51:11.937423+00'),
	('d737b9c0-2b58-4bb7-a363-e61637fb3c9e', 'd2de89aa-1d2f-409e-8d2d-b41b468a7efb', 'iPhone X', NULL, 'smartphone', 2017, NULL, '/images/devices/iphone/iphone-x.png', NULL, '{}', NULL, '{}', '{}', '{}', NULL, NULL, 'limited', true, 0, '2025-09-04 00:51:11.94669+00', '2025-09-04 00:51:11.94669+00'),
	('8181ce81-f55e-4da7-985c-528575a980bf', 'd2de89aa-1d2f-409e-8d2d-b41b468a7efb', 'iPad Pro 12.9" (6th Gen)', NULL, 'tablet', 2022, NULL, '/images/devices/ipad/ipad-pro-12-9-2022.png', NULL, '{}', NULL, '{}', '{}', '{}', NULL, NULL, 'available', true, 0, '2025-09-04 00:51:11.956662+00', '2025-09-04 00:51:11.956662+00'),
	('3a74b4f7-405f-407b-bb01-74706703163b', 'd2de89aa-1d2f-409e-8d2d-b41b468a7efb', 'iPad Pro 11" (4th Gen)', NULL, 'tablet', 2022, NULL, '/images/devices/ipad/ipad-pro-11-2022.png', NULL, '{}', NULL, '{}', '{}', '{}', NULL, NULL, 'available', true, 0, '2025-09-04 00:51:11.967073+00', '2025-09-04 00:51:11.967073+00'),
	('1c2a5880-7e85-4dc0-8b5d-d9d8b79229d6', 'd2de89aa-1d2f-409e-8d2d-b41b468a7efb', 'iPad Air (5th Gen)', NULL, 'tablet', 2022, NULL, '/images/devices/ipad/ipad-air-5.png', NULL, '{}', NULL, '{}', '{}', '{}', NULL, NULL, 'available', true, 0, '2025-09-04 00:51:11.976823+00', '2025-09-04 00:51:11.976823+00'),
	('b84a0ab0-31fd-442d-8c00-eb2a4719aede', 'd2de89aa-1d2f-409e-8d2d-b41b468a7efb', 'iPad (10th Gen)', NULL, 'tablet', 2022, NULL, '/images/devices/ipad/ipad-10.png', NULL, '{}', NULL, '{}', '{}', '{}', NULL, NULL, 'available', true, 0, '2025-09-04 00:51:11.984812+00', '2025-09-04 00:51:11.984812+00'),
	('68e6a1de-c88c-4d04-b829-400846783518', 'd2de89aa-1d2f-409e-8d2d-b41b468a7efb', 'iPad (9th Gen)', NULL, 'tablet', 2021, NULL, '/images/devices/ipad/ipad-9.png', NULL, '{}', NULL, '{}', '{}', '{}', NULL, NULL, 'available', true, 0, '2025-09-04 00:51:11.993069+00', '2025-09-04 00:51:11.993069+00'),
	('987fe210-2ebe-4142-bd84-f46612e3d6f9', 'd2de89aa-1d2f-409e-8d2d-b41b468a7efb', 'iPad Mini (6th Gen)', NULL, 'tablet', 2021, NULL, '/images/devices/ipad/ipad-mini-6.png', NULL, '{}', NULL, '{}', '{}', '{}', NULL, NULL, 'available', true, 0, '2025-09-04 00:51:12.001235+00', '2025-09-04 00:51:12.001235+00'),
	('1edf20c8-becf-4b2c-9002-598873eec5d4', '72985891-6802-4a2f-bbdd-c8e618b78720', 'Galaxy S24 Ultra', NULL, 'smartphone', 2024, NULL, '/images/devices/samsung/galaxy-s24-ultra.png', NULL, '{}', NULL, '{}', '{}', '{}', NULL, NULL, 'available', true, 0, '2025-09-04 00:51:12.009746+00', '2025-09-04 00:51:12.009746+00'),
	('54fc6df2-6d9d-425f-8b09-ccfde3d62d96', '72985891-6802-4a2f-bbdd-c8e618b78720', 'Galaxy S24+', NULL, 'smartphone', 2024, NULL, '/images/devices/samsung/galaxy-s24-plus.png', NULL, '{}', NULL, '{}', '{}', '{}', NULL, NULL, 'available', true, 0, '2025-09-04 00:51:12.01839+00', '2025-09-04 00:51:12.01839+00'),
	('2f3d59aa-4bac-4077-a164-9c315f0e5a95', '72985891-6802-4a2f-bbdd-c8e618b78720', 'Galaxy S24', NULL, 'smartphone', 2024, NULL, '/images/devices/samsung/galaxy-s24.png', NULL, '{}', NULL, '{}', '{}', '{}', NULL, NULL, 'available', true, 0, '2025-09-04 00:51:12.027737+00', '2025-09-04 00:51:12.027737+00'),
	('e31c0e22-db46-4f01-ada5-db2bb99a7e32', '72985891-6802-4a2f-bbdd-c8e618b78720', 'Galaxy S23 Ultra', NULL, 'smartphone', 2023, NULL, '/images/devices/samsung/galaxy-s23-ultra.png', NULL, '{}', NULL, '{}', '{}', '{}', NULL, NULL, 'available', true, 0, '2025-09-04 00:51:12.036587+00', '2025-09-04 00:51:12.036587+00'),
	('32f0b940-9234-4da4-9f74-621a1db28c2f', '72985891-6802-4a2f-bbdd-c8e618b78720', 'Galaxy S23+', NULL, 'smartphone', 2023, NULL, '/images/devices/samsung/galaxy-s23-plus.png', NULL, '{}', NULL, '{}', '{}', '{}', NULL, NULL, 'available', true, 0, '2025-09-04 00:51:12.045409+00', '2025-09-04 00:51:12.045409+00'),
	('7ed6e2c1-5f1b-4043-a42e-5fc2e3e3a80e', '72985891-6802-4a2f-bbdd-c8e618b78720', 'Galaxy S23', NULL, 'smartphone', 2023, NULL, '/images/devices/samsung/galaxy-s23.png', NULL, '{}', NULL, '{}', '{}', '{}', NULL, NULL, 'available', true, 0, '2025-09-04 00:51:12.053747+00', '2025-09-04 00:51:12.053747+00'),
	('35c3b906-c38f-4f23-a91c-19160ef36dbf', 'd2de89aa-1d2f-409e-8d2d-b41b468a7efb', 'iPhone 11', NULL, 'smartphone', 2019, NULL, 'http://127.0.0.1:54321/storage/v1/object/public/device-images/iphone-11.png', NULL, '{}', NULL, '{}', '{}', '{}', NULL, NULL, 'limited', true, 0, '2025-09-04 00:51:11.897257+00', '2025-09-04 01:43:39.531678+00'),
	('4a2c2b61-d804-4e7f-804a-e246f706ea5c', 'd2de89aa-1d2f-409e-8d2d-b41b468a7efb', 'iPhone 11 Pro', NULL, 'smartphone', 2019, NULL, 'http://127.0.0.1:54321/storage/v1/object/public/device-images/iphone-11-pro.png', NULL, '{}', NULL, '{}', '{}', '{}', NULL, NULL, 'limited', true, 0, '2025-09-04 00:51:11.889108+00', '2025-09-04 01:43:39.564816+00'),
	('374e9ed4-6394-47e0-98d9-fc0fbfc8744c', 'd2de89aa-1d2f-409e-8d2d-b41b468a7efb', 'iPhone 12', NULL, 'smartphone', 2020, NULL, 'http://127.0.0.1:54321/storage/v1/object/public/device-images/iphone-12.png', NULL, '{}', NULL, '{}', '{}', '{}', NULL, NULL, 'available', true, 0, '2025-09-04 00:51:11.865114+00', '2025-09-04 01:43:39.626127+00'),
	('df53021d-125a-4a45-ae06-bbcb9a4d0685', 'd2de89aa-1d2f-409e-8d2d-b41b468a7efb', 'iPhone 12 Mini', NULL, 'smartphone', 2020, NULL, 'http://127.0.0.1:54321/storage/v1/object/public/device-images/iphone-12-mini.png', NULL, '{}', NULL, '{}', '{}', '{}', NULL, NULL, 'available', true, 0, '2025-09-04 00:51:11.873604+00', '2025-09-04 01:43:39.655782+00'),
	('12084372-94ac-4731-bb05-6f0c4e455e9e', 'd2de89aa-1d2f-409e-8d2d-b41b468a7efb', 'iPhone 12 Pro', NULL, 'smartphone', 2020, NULL, 'http://127.0.0.1:54321/storage/v1/object/public/device-images/iphone-12-pro.png', NULL, '{}', NULL, '{}', '{}', '{}', NULL, NULL, 'available', true, 0, '2025-09-04 00:51:11.857664+00', '2025-09-04 01:43:39.685837+00'),
	('51b9657a-14f5-49f2-9ff7-38da551c6c17', 'd2de89aa-1d2f-409e-8d2d-b41b468a7efb', 'iPhone 12 Pro Max', NULL, 'smartphone', 2020, NULL, 'http://127.0.0.1:54321/storage/v1/object/public/device-images/iphone-12-pro-max.png', NULL, '{}', NULL, '{}', '{}', '{}', NULL, NULL, 'available', true, 0, '2025-09-04 00:51:11.849873+00', '2025-09-04 01:43:39.747813+00'),
	('353c6276-55a5-40fc-a4c3-4673cb856895', 'd2de89aa-1d2f-409e-8d2d-b41b468a7efb', 'iPhone 13', NULL, 'smartphone', 2021, NULL, 'http://127.0.0.1:54321/storage/v1/object/public/device-images/iphone-13.png', NULL, '{}', NULL, '{}', '{}', '{}', NULL, NULL, 'available', true, 0, '2025-09-04 00:51:11.83494+00', '2025-09-04 01:43:39.775683+00'),
	('2a19bd4f-46f9-41b5-a06a-927630f0d517', 'd2de89aa-1d2f-409e-8d2d-b41b468a7efb', 'iPhone 13 Pro Max', NULL, 'smartphone', 2021, NULL, 'http://127.0.0.1:54321/storage/v1/object/public/device-images/iphone-13-pro-max.png', NULL, '{}', NULL, '{}', '{}', '{}', NULL, NULL, 'available', true, 0, '2025-09-04 00:51:11.818855+00', '2025-09-04 01:43:39.833516+00'),
	('e8566206-e592-45e7-9b2a-18ff33551306', 'd2de89aa-1d2f-409e-8d2d-b41b468a7efb', 'iPhone 14', NULL, 'smartphone', 2022, NULL, 'http://127.0.0.1:54321/storage/v1/object/public/device-images/iphone-14.png', NULL, '{}', NULL, '{}', '{}', '{}', NULL, NULL, 'available', true, 0, '2025-09-04 00:51:11.810843+00', '2025-09-04 01:43:39.944186+00'),
	('713b037c-ee80-4980-8626-97b322374765', 'd2de89aa-1d2f-409e-8d2d-b41b468a7efb', 'iPhone 14 Pro Max', NULL, 'smartphone', 2022, NULL, 'http://127.0.0.1:54321/storage/v1/object/public/device-images/iphone-14-pro-max.png', NULL, '{}', NULL, '{}', '{}', '{}', NULL, NULL, 'available', true, 0, '2025-09-04 00:51:11.785928+00', '2025-09-04 01:43:40.023569+00'),
	('df2e9185-4bb7-431b-9037-99615d92608c', 'd2de89aa-1d2f-409e-8d2d-b41b468a7efb', 'iPhone XS Max', NULL, 'smartphone', 2018, NULL, 'http://127.0.0.1:54321/storage/v1/object/public/device-images/iphone-xs-max.png', NULL, '{}', NULL, '{}', '{}', '{}', NULL, NULL, 'limited', true, 0, '2025-09-04 00:51:11.921125+00', '2025-09-04 01:43:40.047648+00'),
	('c5a0aba7-2f69-44bb-af69-76e3d1136c87', 'd2de89aa-1d2f-409e-8d2d-b41b468a7efb', 'iPhone 15 Pro', NULL, 'smartphone', 2023, NULL, 'http://127.0.0.1:54321/storage/v1/object/public/device-images/iphone-16-pro-max.jpg', NULL, '{}', NULL, '{}', '{}', '{}', NULL, NULL, 'available', true, 0, '2025-09-04 00:51:11.755191+00', '2025-09-04 01:59:31.594526+00'),
	('b46db08f-b8a1-4f30-9ec8-e426a8233feb', 'd2de89aa-1d2f-409e-8d2d-b41b468a7efb', 'iPhone 15 Plus', NULL, 'smartphone', 2023, NULL, 'http://127.0.0.1:54321/storage/v1/object/public/device-images/iphone-16-pro-max.jpg', NULL, '{}', NULL, '{}', '{}', '{}', NULL, NULL, 'available', true, 0, '2025-09-04 00:51:11.767021+00', '2025-09-04 01:59:44.121238+00'),
	('d2ba824d-4590-4348-9992-89b29a87e488', 'd2de89aa-1d2f-409e-8d2d-b41b468a7efb', 'iPhone 15', NULL, 'smartphone', 2023, NULL, 'http://127.0.0.1:54321/storage/v1/object/public/device-images/iphone-16-pro-max.jpg', NULL, '{}', NULL, '{}', '{}', '{}', NULL, NULL, 'available', true, 0, '2025-09-04 00:51:11.777297+00', '2025-09-04 01:59:53.646273+00'),
	('5b017724-1084-4b81-8ca1-a613882c984c', '72985891-6802-4a2f-bbdd-c8e618b78720', 'Galaxy S22 Ultra', NULL, 'smartphone', 2022, NULL, '/images/devices/samsung/galaxy-s22-ultra.png', NULL, '{}', NULL, '{}', '{}', '{}', NULL, NULL, 'available', true, 0, '2025-09-04 00:51:12.06221+00', '2025-09-04 00:51:12.06221+00'),
	('0d162b2a-ef8f-478c-9558-809737b1771f', '72985891-6802-4a2f-bbdd-c8e618b78720', 'Galaxy S22+', NULL, 'smartphone', 2022, NULL, '/images/devices/samsung/galaxy-s22-plus.png', NULL, '{}', NULL, '{}', '{}', '{}', NULL, NULL, 'available', true, 0, '2025-09-04 00:51:12.070637+00', '2025-09-04 00:51:12.070637+00'),
	('9e8fd2f5-dba5-44b1-b791-d0dcbe2b5100', '72985891-6802-4a2f-bbdd-c8e618b78720', 'Galaxy S22', NULL, 'smartphone', 2022, NULL, '/images/devices/samsung/galaxy-s22.png', NULL, '{}', NULL, '{}', '{}', '{}', NULL, NULL, 'available', true, 0, '2025-09-04 00:51:12.078693+00', '2025-09-04 00:51:12.078693+00'),
	('134e8c18-4d9d-411e-a9ec-08afe7f6f4c3', '72985891-6802-4a2f-bbdd-c8e618b78720', 'Galaxy S21+', NULL, 'smartphone', 2021, NULL, '/images/devices/samsung/galaxy-s21-plus.png', NULL, '{}', NULL, '{}', '{}', '{}', NULL, NULL, 'available', true, 0, '2025-09-04 00:51:12.095866+00', '2025-09-04 00:51:12.095866+00'),
	('c58874c4-abc7-4a10-bb59-0de9e3927292', '72985891-6802-4a2f-bbdd-c8e618b78720', 'Galaxy S21', NULL, 'smartphone', 2021, NULL, '/images/devices/samsung/galaxy-s21.png', NULL, '{}', NULL, '{}', '{}', '{}', NULL, NULL, 'available', true, 0, '2025-09-04 00:51:12.104512+00', '2025-09-04 00:51:12.104512+00'),
	('51cfd132-0acc-4d17-8405-dba8dd456470', '72985891-6802-4a2f-bbdd-c8e618b78720', 'Galaxy Z Fold 5', NULL, 'smartphone', 2023, NULL, '/images/devices/samsung/galaxy-z-fold-5.png', NULL, '{}', NULL, '{}', '{}', '{}', NULL, NULL, 'available', true, 0, '2025-09-04 00:51:12.113193+00', '2025-09-04 00:51:12.113193+00'),
	('7311ee43-8267-4c2a-82c3-02a8e6e72c93', '72985891-6802-4a2f-bbdd-c8e618b78720', 'Galaxy Z Flip 5', NULL, 'smartphone', 2023, NULL, '/images/devices/samsung/galaxy-z-flip-5.png', NULL, '{}', NULL, '{}', '{}', '{}', NULL, NULL, 'available', true, 0, '2025-09-04 00:51:12.121962+00', '2025-09-04 00:51:12.121962+00'),
	('4d1b544f-3d7f-4a27-8084-3849eefa871f', '72985891-6802-4a2f-bbdd-c8e618b78720', 'Galaxy A54', NULL, 'smartphone', NULL, NULL, '/images/devices/samsung/galaxy-a54.png', NULL, '{}', NULL, '{}', '{}', '{}', NULL, NULL, 'limited', true, 0, '2025-09-04 00:51:12.130325+00', '2025-09-04 00:51:12.130325+00'),
	('e7920037-f882-4eb3-b3dd-febeb0209156', '72985891-6802-4a2f-bbdd-c8e618b78720', 'Galaxy A34', NULL, 'smartphone', NULL, NULL, '/images/devices/samsung/galaxy-a34.png', NULL, '{}', NULL, '{}', '{}', '{}', NULL, NULL, 'limited', true, 0, '2025-09-04 00:51:12.137978+00', '2025-09-04 00:51:12.137978+00'),
	('eabcc0ae-71dc-491a-b06f-5c81e645568b', '72985891-6802-4a2f-bbdd-c8e618b78720', 'Galaxy A14', NULL, 'smartphone', NULL, NULL, '/images/devices/samsung/galaxy-a14.png', NULL, '{}', NULL, '{}', '{}', '{}', NULL, NULL, 'limited', true, 0, '2025-09-04 00:51:12.145942+00', '2025-09-04 00:51:12.145942+00'),
	('3baa1791-aa95-4bf6-8617-62c5ceac3dce', 'f5c8fd8c-fe7b-470d-8bb7-48d65f245b93', 'Pixel 8 Pro', NULL, 'smartphone', 2023, NULL, '/images/devices/google/pixel-8-pro.png', NULL, '{}', NULL, '{}', '{}', '{}', NULL, NULL, 'available', true, 0, '2025-09-04 00:51:12.15397+00', '2025-09-04 00:51:12.15397+00'),
	('1248daac-dc36-45bf-a33b-fe22f32450d5', 'f5c8fd8c-fe7b-470d-8bb7-48d65f245b93', 'Pixel 8', NULL, 'smartphone', 2023, NULL, '/images/devices/google/pixel-8.png', NULL, '{}', NULL, '{}', '{}', '{}', NULL, NULL, 'available', true, 0, '2025-09-04 00:51:12.16235+00', '2025-09-04 00:51:12.16235+00'),
	('54c6e205-5b07-46fb-8621-8dc5e5974850', 'f5c8fd8c-fe7b-470d-8bb7-48d65f245b93', 'Pixel 7 Pro', NULL, 'smartphone', 2022, NULL, '/images/devices/google/pixel-7-pro.png', NULL, '{}', NULL, '{}', '{}', '{}', NULL, NULL, 'available', true, 0, '2025-09-04 00:51:12.170201+00', '2025-09-04 00:51:12.170201+00'),
	('1e9ef28f-7631-4966-971f-80d9b09650d6', 'f5c8fd8c-fe7b-470d-8bb7-48d65f245b93', 'Pixel 7', NULL, 'smartphone', 2022, NULL, '/images/devices/google/pixel-7.png', NULL, '{}', NULL, '{}', '{}', '{}', NULL, NULL, 'available', true, 0, '2025-09-04 00:51:12.17817+00', '2025-09-04 00:51:12.17817+00'),
	('5eae8aeb-eee0-46b1-905d-772fc89cb375', 'f5c8fd8c-fe7b-470d-8bb7-48d65f245b93', 'Pixel 7a', NULL, 'smartphone', 2022, NULL, '/images/devices/google/pixel-7a.png', NULL, '{}', NULL, '{}', '{}', '{}', NULL, NULL, 'available', true, 0, '2025-09-04 00:51:12.185825+00', '2025-09-04 00:51:12.185825+00'),
	('01aab7f2-e905-4018-9d91-79e02317e7bd', 'f5c8fd8c-fe7b-470d-8bb7-48d65f245b93', 'Pixel 6 Pro', NULL, 'smartphone', 2021, NULL, '/images/devices/google/25-05-2022-1653481380pixel-6-pro.png', NULL, '{}', NULL, '{}', '{}', '{}', NULL, NULL, 'available', true, 0, '2025-09-04 00:51:12.193657+00', '2025-09-04 00:51:12.193657+00'),
	('9d4d69d6-625a-4e6c-9bb1-af9595018733', 'f5c8fd8c-fe7b-470d-8bb7-48d65f245b93', 'Pixel 6', NULL, 'smartphone', 2021, NULL, '/images/devices/google/25-05-2022-1653481364pixel-6.png', NULL, '{}', NULL, '{}', '{}', '{}', NULL, NULL, 'available', true, 0, '2025-09-04 00:51:12.201845+00', '2025-09-04 00:51:12.201845+00'),
	('cce52535-91c0-4a50-b933-7b99159d6ba5', 'f5c8fd8c-fe7b-470d-8bb7-48d65f245b93', 'Pixel 6a', NULL, 'smartphone', 2021, NULL, '/images/devices/google/pixel-6a.png', NULL, '{}', NULL, '{}', '{}', '{}', NULL, NULL, 'available', true, 0, '2025-09-04 00:51:12.209803+00', '2025-09-04 00:51:12.209803+00'),
	('b9256390-92e6-4967-9336-956f0a41fede', 'f5c8fd8c-fe7b-470d-8bb7-48d65f245b93', 'Pixel 5a', NULL, 'smartphone', 2020, NULL, '/images/devices/google/25-05-2022-1653481348pixel-5a.png', NULL, '{}', NULL, '{}', '{}', '{}', NULL, NULL, 'available', true, 0, '2025-09-04 00:51:12.217874+00', '2025-09-04 00:51:12.217874+00'),
	('4b607e22-737c-442f-ba47-d22b42260cb1', 'f5c8fd8c-fe7b-470d-8bb7-48d65f245b93', 'Pixel 5', NULL, 'smartphone', 2020, NULL, '/images/devices/google/25-05-2022-1653481311pixel-5.png', NULL, '{}', NULL, '{}', '{}', '{}', NULL, NULL, 'available', true, 0, '2025-09-04 00:51:12.225376+00', '2025-09-04 00:51:12.225376+00'),
	('25e8a9b2-e94c-4907-b0e2-78a089e9029f', 'f5c8fd8c-fe7b-470d-8bb7-48d65f245b93', 'Pixel 4a', NULL, 'smartphone', 2019, NULL, '/images/devices/google/25-05-2022-1653481274pixel-4a.png', NULL, '{}', NULL, '{}', '{}', '{}', NULL, NULL, 'limited', true, 0, '2025-09-04 00:51:12.233676+00', '2025-09-04 00:51:12.233676+00'),
	('9cbac068-784b-4bcc-b315-c084b45cfcb1', 'f5c8fd8c-fe7b-470d-8bb7-48d65f245b93', 'Pixel 4 XL', NULL, 'smartphone', 2019, NULL, '/images/devices/google/25-05-2022-1653481206pixel-4-xl.png', NULL, '{}', NULL, '{}', '{}', '{}', NULL, NULL, 'limited', true, 0, '2025-09-04 00:51:12.242753+00', '2025-09-04 00:51:12.242753+00'),
	('536f189a-af34-4591-b88a-f6122216c754', '7cf66721-2bd7-4477-af09-ab080734c1bd', 'OnePlus 12', NULL, 'smartphone', 2024, NULL, '/images/devices/oneplus/oneplus-12.png', NULL, '{}', NULL, '{}', '{}', '{}', NULL, NULL, 'available', true, 0, '2025-09-04 00:51:12.251667+00', '2025-09-04 00:51:12.251667+00'),
	('82f1047e-f404-494c-a5c9-7a42d4feebcf', '7cf66721-2bd7-4477-af09-ab080734c1bd', 'OnePlus 11', NULL, 'smartphone', 2023, NULL, '/images/devices/oneplus/oneplus-11.png', NULL, '{}', NULL, '{}', '{}', '{}', NULL, NULL, 'available', true, 0, '2025-09-04 00:51:12.260575+00', '2025-09-04 00:51:12.260575+00'),
	('fa0dce35-0945-49e1-9388-9755acb4bcea', '7cf66721-2bd7-4477-af09-ab080734c1bd', 'OnePlus Nord 3', NULL, 'smartphone', NULL, NULL, '/images/devices/oneplus/oneplus-nord-3.png', NULL, '{}', NULL, '{}', '{}', '{}', NULL, NULL, 'limited', true, 0, '2025-09-04 00:51:12.269318+00', '2025-09-04 00:51:12.269318+00'),
	('4432f6b8-c544-4a59-a975-bd2f1a8f357c', '7cf66721-2bd7-4477-af09-ab080734c1bd', 'OnePlus 10 Pro', NULL, 'smartphone', 2022, NULL, '/images/devices/oneplus/oneplus-10-pro.png', NULL, '{}', NULL, '{}', '{}', '{}', NULL, NULL, 'available', true, 0, '2025-09-04 00:51:12.277819+00', '2025-09-04 00:51:12.277819+00'),
	('28f7a543-aee5-485d-9651-39bac1c70515', '7cf66721-2bd7-4477-af09-ab080734c1bd', 'OnePlus 10T', NULL, 'smartphone', 2022, NULL, '/images/devices/oneplus/oneplus-10t.png', NULL, '{}', NULL, '{}', '{}', '{}', NULL, NULL, 'available', true, 0, '2025-09-04 00:51:12.287399+00', '2025-09-04 00:51:12.287399+00'),
	('763b4454-ce8d-4a91-8144-ce0bcdf72ce7', 'd2de89aa-1d2f-409e-8d2d-b41b468a7efb', 'iPhone 14 Pro', NULL, 'smartphone', 2022, NULL, 'http://127.0.0.1:54321/storage/v1/object/public/device-images/iphone-14-pro.png', NULL, '{}', NULL, '{}', '{}', '{}', NULL, NULL, 'available', true, 1, '2025-09-04 00:51:11.794603+00', '2025-09-04 01:43:39.986674+00'),
	('372358d9-2422-4d30-a6bf-0ac74a393d2c', 'd2de89aa-1d2f-409e-8d2d-b41b468a7efb', 'iPhone 16 Pro Max', '02A0', 'smartphone', 2024, 'http://127.0.0.1:54321/storage/v1/object/public/device-images/iphone-16-pro-max.jpg', 'http://127.0.0.1:54321/storage/v1/object/public/device-images/iphone-16-pro-max.jpg', NULL, '{}', NULL, '{}', '{}', '{}', NULL, NULL, NULL, true, 2, '2025-09-04 00:56:58.893061+00', '2025-09-04 01:59:04.522424+00'),
	('3751ce1a-d4e2-46c0-bf2a-8b7b2d16d67a', '72985891-6802-4a2f-bbdd-c8e618b78720', 'Galaxy S21 Ultra', NULL, 'smartphone', 2021, NULL, 'http://127.0.0.1:54321/storage/v1/object/public/device-images/galaxy-s21-ultra.png', NULL, '{}', NULL, '{}', '{}', '{}', NULL, NULL, 'available', true, 0, '2025-09-04 00:51:12.087367+00', '2025-09-04 01:43:39.499175+00'),
	('70fead5b-b26e-40be-b30d-f1a22800519d', 'd2de89aa-1d2f-409e-8d2d-b41b468a7efb', 'iPhone 11 Pro Max', NULL, 'smartphone', 2019, NULL, 'http://127.0.0.1:54321/storage/v1/object/public/device-images/iphone-11-pro-max.png', NULL, '{}', NULL, '{}', '{}', '{}', NULL, NULL, 'limited', true, 0, '2025-09-04 00:51:11.881373+00', '2025-09-04 01:43:39.593952+00'),
	('8fe8860d-a8fb-4bd2-bb61-9c984573304d', 'd2de89aa-1d2f-409e-8d2d-b41b468a7efb', 'iPhone 13 Mini', NULL, 'smartphone', 2021, NULL, 'http://127.0.0.1:54321/storage/v1/object/public/device-images/iphone-13-mini.png', NULL, '{}', NULL, '{}', '{}', '{}', NULL, NULL, 'available', true, 0, '2025-09-04 00:51:11.842127+00', '2025-09-04 01:43:39.802149+00'),
	('d28974f7-ca7c-4116-985d-8c44dc2b4332', 'd2de89aa-1d2f-409e-8d2d-b41b468a7efb', 'iPhone 15 Pro Max', NULL, 'smartphone', 2023, NULL, 'http://127.0.0.1:54321/storage/v1/object/public/device-images/iphone-16-pro-max.jpg', NULL, '{}', NULL, '{}', '{}', '{}', NULL, NULL, 'available', true, 0, '2025-09-04 00:51:11.740854+00', '2025-09-04 01:59:20.677171+00');


--
-- Data for Name: customer_devices; Type: TABLE DATA; Schema: public; Owner: postgres
--

INSERT INTO "public"."customer_devices" ("id", "customer_id", "device_id", "serial_number", "imei", "color", "storage_size", "nickname", "purchase_date", "warranty_expires", "condition", "previous_repairs", "notes", "is_primary", "is_active", "created_at", "updated_at") VALUES
	('4da971fa-45eb-4e9b-af33-e03f7a358c6e', '486abf9d-fe13-4fb1-a05e-38bae0be1bb4', '372358d9-2422-4d30-a6bf-0ac74a393d2c', 'SNLORQSAGU', '305087970722198', 'White', '32GB', NULL, NULL, NULL, 'broken', '[]', NULL, true, true, '2025-09-04 01:07:26.902001+00', '2025-09-04 01:30:24.913735+00'),
	('1b7929fc-80f1-44d0-b010-0dd1afabcfee', '486abf9d-fe13-4fb1-a05e-38bae0be1bb4', '372358d9-2422-4d30-a6bf-0ac74a393d2c', 'SND1SIK97J', '918278985913105', 'Silver', '64GB', NULL, NULL, NULL, NULL, '[]', NULL, false, true, '2025-09-04 01:42:13.319289+00', '2025-09-04 01:42:13.319289+00'),
	('a4e4b744-7f2f-4b6d-bc04-5af5699f04fe', 'aaaaaaaa-aaaa-aaaa-aaaa-aaaaaaaaaaaa', '763b4454-ce8d-4a91-8144-ce0bcdf72ce7', 'F2LZK9XJKXF8', '353850109074471', 'Silver', '32GB', NULL, NULL, NULL, 'poor', '[]', NULL, true, true, '2025-09-04 02:00:28.032215+00', '2025-09-04 02:00:46.155025+00');


--
-- Data for Name: device_models; Type: TABLE DATA; Schema: public; Owner: postgres
--

INSERT INTO "public"."device_models" ("id", "manufacturer_id", "model_name", "model_number", "release_year", "device_type", "is_active", "total_repairs_count", "common_issues", "average_repair_time_hours", "typical_repair_cost", "image_url", "specifications", "created_at", "updated_at") VALUES
	('66a7899c-15d4-416f-9560-1f72b40ab43c', 'd2de89aa-1d2f-409e-8d2d-b41b468a7efb', 'iPad Air', NULL, 2023, 'tablet', true, 0, '{screen_crack,software_issue}', NULL, NULL, NULL, NULL, '2025-09-03 20:37:32.166493+00', '2025-09-03 20:37:32.166493+00'),
	('6dcdfbca-325f-4188-b75b-2af25dfafeb0', 'd2de89aa-1d2f-409e-8d2d-b41b468a7efb', 'iPad Pro 12.9', NULL, 2023, 'tablet', true, 0, '{screen_crack,charging_port}', NULL, NULL, NULL, NULL, '2025-09-03 20:37:32.166493+00', '2025-09-03 20:37:32.166493+00'),
	('ce3433cd-e241-40d0-97d0-dd46fc68625e', 'd2de89aa-1d2f-409e-8d2d-b41b468a7efb', 'iPhone 13', NULL, 2021, 'smartphone', true, 0, '{screen_crack,battery_issue}', NULL, NULL, NULL, NULL, '2025-09-03 20:37:32.166493+00', '2025-09-03 20:37:32.166493+00'),
	('11715faf-2474-4d41-b77c-d2302127282e', 'd2de89aa-1d2f-409e-8d2d-b41b468a7efb', 'iPhone 14', NULL, 2022, 'smartphone', true, 0, '{screen_crack,battery_issue}', NULL, NULL, NULL, NULL, '2025-09-03 20:37:32.166493+00', '2025-09-03 20:37:32.166493+00'),
	('7c2b7bcf-3090-4007-b5b5-8e2d07d73786', 'd2de89aa-1d2f-409e-8d2d-b41b468a7efb', 'iPhone 14 Pro', NULL, 2022, 'smartphone', true, 0, '{screen_crack,battery_issue}', NULL, NULL, NULL, NULL, '2025-09-03 20:37:32.166493+00', '2025-09-03 20:37:32.166493+00'),
	('600eeecd-1527-461d-b4d5-2d14848a9820', 'd2de89aa-1d2f-409e-8d2d-b41b468a7efb', 'iPhone 15', NULL, 2023, 'smartphone', true, 0, '{screen_crack,battery_issue}', NULL, NULL, NULL, NULL, '2025-09-03 20:37:32.166493+00', '2025-09-03 20:37:32.166493+00'),
	('5564edda-b054-4d74-9e38-1fe0c5c22e20', 'd2de89aa-1d2f-409e-8d2d-b41b468a7efb', 'iPhone 15 Pro', NULL, 2023, 'smartphone', true, 0, '{screen_crack,battery_issue}', NULL, NULL, NULL, NULL, '2025-09-03 20:37:32.166493+00', '2025-09-03 20:37:32.166493+00'),
	('f1f5e8ab-7fc7-4956-aa1c-1ead4a1840f9', '72985891-6802-4a2f-bbdd-c8e618b78720', 'Galaxy Z Flip 5', NULL, 2023, 'smartphone', true, 0, '{screen_crack,hinge_issue}', NULL, NULL, NULL, NULL, '2025-09-03 20:37:32.166493+00', '2025-09-03 20:37:32.166493+00'),
	('afda5981-501f-4e6a-9575-22a053c4cfad', '72985891-6802-4a2f-bbdd-c8e618b78720', 'Galaxy Z Fold 5', NULL, 2023, 'smartphone', true, 0, '{screen_crack,hinge_issue}', NULL, NULL, NULL, NULL, '2025-09-03 20:37:32.166493+00', '2025-09-03 20:37:32.166493+00'),
	('e092dc2b-8f13-43af-90ab-46e72652f2c9', '72985891-6802-4a2f-bbdd-c8e618b78720', 'Galaxy S23', NULL, 2023, 'smartphone', true, 0, '{screen_crack,battery_issue}', NULL, NULL, NULL, NULL, '2025-09-03 20:37:32.166493+00', '2025-09-03 20:37:32.166493+00'),
	('9ef9e83b-1e16-4596-9cc7-b5651a288fcd', '72985891-6802-4a2f-bbdd-c8e618b78720', 'Galaxy S23 Ultra', NULL, 2023, 'smartphone', true, 0, '{screen_crack,camera_issue}', NULL, NULL, NULL, NULL, '2025-09-03 20:37:32.166493+00', '2025-09-03 20:37:32.166493+00'),
	('1d3306ce-7ae0-4ee8-9f11-613de8262afd', '72985891-6802-4a2f-bbdd-c8e618b78720', 'Galaxy S24', NULL, 2024, 'smartphone', true, 0, '{screen_crack,battery_issue}', NULL, NULL, NULL, NULL, '2025-09-03 20:37:32.166493+00', '2025-09-03 20:37:32.166493+00'),
	('f0a49171-7270-4c35-867c-593b745be883', '72985891-6802-4a2f-bbdd-c8e618b78720', 'Galaxy S24 Ultra', NULL, 2024, 'smartphone', true, 0, '{screen_crack,camera_issue}', NULL, NULL, NULL, NULL, '2025-09-03 20:37:32.166493+00', '2025-09-03 20:37:32.166493+00'),
	('be61fda1-71f4-4c3b-b615-66f0abf7eaef', 'f5c8fd8c-fe7b-470d-8bb7-48d65f245b93', 'Pixel 7 Pro', NULL, 2022, 'smartphone', true, 0, '{screen_crack,software_issue}', NULL, NULL, NULL, NULL, '2025-09-03 20:37:32.166493+00', '2025-09-03 20:37:32.166493+00'),
	('6e28846c-221a-4f88-9d00-234637ca5ff4', 'f5c8fd8c-fe7b-470d-8bb7-48d65f245b93', 'Pixel 8', NULL, 2023, 'smartphone', true, 0, '{screen_crack,battery_issue}', NULL, NULL, NULL, NULL, '2025-09-03 20:37:32.166493+00', '2025-09-03 20:37:32.166493+00'),
	('fc84bac0-acf1-4ae0-832e-57987522e9fd', 'f5c8fd8c-fe7b-470d-8bb7-48d65f245b93', 'Pixel 8 Pro', NULL, 2023, 'smartphone', true, 0, '{screen_crack,camera_issue}', NULL, NULL, NULL, NULL, '2025-09-03 20:37:32.166493+00', '2025-09-03 20:37:32.166493+00'),
	('fdc386bb-cd6d-48b4-a421-c55ef6a8d35d', '7cf66721-2bd7-4477-af09-ab080734c1bd', '11', NULL, 2023, 'smartphone', true, 0, '{screen_crack,battery_issue}', NULL, NULL, NULL, NULL, '2025-09-03 20:37:32.166493+00', '2025-09-03 20:37:32.166493+00'),
	('81105622-7858-4824-9745-930aadb3b6f1', '7cf66721-2bd7-4477-af09-ab080734c1bd', '12', NULL, 2024, 'smartphone', true, 0, '{screen_crack,charging_port}', NULL, NULL, NULL, NULL, '2025-09-03 20:37:32.166493+00', '2025-09-03 20:37:32.166493+00'),
	('995391bb-032c-4ab4-a5b8-4d42d98ba626', 'd2de89aa-1d2f-409e-8d2d-b41b468a7efb', 'iPhone 14 Pro Max', NULL, 2022, 'smartphone', true, 1, '{screen_crack,battery_issue}', NULL, NULL, NULL, NULL, '2025-09-03 20:37:32.166493+00', '2025-09-03 21:12:02.891693+00'),
	('496ed383-8247-43c8-aa6b-dd0f6afb47f3', 'd2de89aa-1d2f-409e-8d2d-b41b468a7efb', 'iPhone 15 Pro Max', NULL, 2023, 'smartphone', true, 1, '{screen_crack,battery_issue}', NULL, NULL, NULL, NULL, '2025-09-03 20:37:32.166493+00', '2025-09-03 21:29:10.730347+00');


--
-- Data for Name: services; Type: TABLE DATA; Schema: public; Owner: postgres
--

INSERT INTO "public"."services" ("id", "name", "description", "category", "base_price", "estimated_duration_minutes", "requires_parts", "skill_level", "is_active", "sort_order", "created_at", "updated_at") VALUES
	('7049006e-bdf5-4341-9f35-9e29a58bbbf2', 'Screen Replacement', NULL, 'screen_repair', 150.00, 60, true, 'intermediate', true, 1, '2025-09-04 00:50:43.179348+00', '2025-09-04 00:50:43.179348+00'),
	('867a6e98-bcbb-49c7-b1cf-e2dd05ce0bbc', 'Battery Replacement', NULL, 'battery_replacement', 80.00, 45, true, 'intermediate', true, 2, '2025-09-04 00:50:43.179348+00', '2025-09-04 00:50:43.179348+00'),
	('64705c0c-be60-4cc8-89b9-db4296645b7a', 'Charging Port Repair', NULL, 'charging_port', 90.00, 60, true, 'intermediate', true, 3, '2025-09-04 00:50:43.179348+00', '2025-09-04 00:50:43.179348+00'),
	('4e8a5782-2e61-4f95-82ce-715b25887076', 'Water Damage Treatment', NULL, 'water_damage', 120.00, 120, false, 'advanced', true, 4, '2025-09-04 00:50:43.179348+00', '2025-09-04 00:50:43.179348+00'),
	('b6ed5fec-65ed-4ba6-b9d4-44b4fc3aaf37', 'Diagnostic Service', NULL, 'diagnostic', 40.00, 30, false, 'basic', true, 5, '2025-09-04 00:50:43.179348+00', '2025-09-04 00:50:43.179348+00'),
	('1bec6ce0-eb3d-4f4a-8a22-11356ec54ec5', 'Software Troubleshooting', NULL, 'software_issue', 50.00, 45, false, 'basic', true, 6, '2025-09-04 00:50:43.179348+00', '2025-09-04 00:50:43.179348+00'),
	('8603b6c5-cd92-45c5-8063-792d0e5c74b0', 'Camera Module Replacement', NULL, 'camera_repair', 100.00, 60, true, 'intermediate', true, 7, '2025-09-04 00:50:43.179348+00', '2025-09-04 00:50:43.179348+00'),
	('8493678f-f3a2-4ff8-a106-000e75d1255c', 'Speaker Replacement', NULL, 'speaker_repair', 70.00, 45, true, 'intermediate', true, 8, '2025-09-04 00:50:43.179348+00', '2025-09-04 00:50:43.179348+00'),
	('05f66ffb-e48d-45cd-86a2-d880eed8d42f', 'Power Button Repair', NULL, 'button_repair', 60.00, 45, true, 'intermediate', true, 9, '2025-09-04 00:50:43.179348+00', '2025-09-04 00:50:43.179348+00'),
	('f45bb161-089f-49de-b84a-ea1845da3af9', 'Volume Button Repair', NULL, 'button_repair', 60.00, 45, true, 'intermediate', true, 10, '2025-09-04 00:50:43.179348+00', '2025-09-04 00:50:43.179348+00'),
	('e6690247-e9be-491b-a4e3-fbf2c447236a', 'Home Button Repair', NULL, 'button_repair', 70.00, 60, true, 'intermediate', true, 11, '2025-09-04 00:50:43.179348+00', '2025-09-04 00:50:43.179348+00'),
	('5fe095b0-9661-4d53-922a-e59e44f8733f', 'Motherboard Repair', NULL, 'motherboard_repair', 200.00, 180, true, 'expert', true, 12, '2025-09-04 00:50:43.179348+00', '2025-09-04 00:50:43.179348+00'),
	('3ce00a39-7f81-49ce-8b28-01cf61aaa29b', 'Data Recovery', NULL, 'data_recovery', 150.00, 120, false, 'advanced', true, 13, '2025-09-04 00:50:43.179348+00', '2025-09-04 00:50:43.179348+00'),
	('ea4a9fc0-de06-4754-9177-f2c7af0c306f', 'Virus Removal', NULL, 'software_issue', 60.00, 60, false, 'basic', true, 14, '2025-09-04 00:50:43.179348+00', '2025-09-04 00:50:43.179348+00'),
	('c0624a20-10fd-4fea-8ad9-5ced15e316fe', 'OS Installation', NULL, 'software_issue', 80.00, 90, false, 'intermediate', true, 15, '2025-09-04 00:50:43.179348+00', '2025-09-04 00:50:43.179348+00');


--
-- Data for Name: device_services; Type: TABLE DATA; Schema: public; Owner: postgres
--



--
-- Data for Name: users; Type: TABLE DATA; Schema: public; Owner: postgres
--

INSERT INTO "public"."users" ("id", "email", "full_name", "role", "created_at", "updated_at") VALUES
	('11111111-1111-1111-1111-111111111111', 'admin@phoneguys.com', 'John Admin', 'admin', '2025-09-03 20:37:32.202521+00', '2025-09-03 20:37:32.202521+00'),
	('22222222-2222-2222-2222-222222222222', 'tech1@phoneguys.com', 'Sarah Technician', 'technician', '2025-09-03 20:37:32.202521+00', '2025-09-03 20:37:32.202521+00'),
	('33333333-3333-3333-3333-333333333333', 'tech2@phoneguys.com', 'Mike Repair', 'technician', '2025-09-03 20:37:32.202521+00', '2025-09-03 20:37:32.202521+00'),
	('44444444-4444-4444-4444-444444444444', 'manager@phoneguys.com', 'Lisa Manager', 'manager', '2025-09-03 20:37:32.202521+00', '2025-09-03 20:37:32.202521+00');


--
-- Data for Name: repair_tickets; Type: TABLE DATA; Schema: public; Owner: postgres
--

INSERT INTO "public"."repair_tickets" ("id", "ticket_number", "customer_id", "assigned_to", "device_brand", "device_model", "serial_number", "imei", "repair_issues", "description", "estimated_cost", "actual_cost", "status", "priority", "total_time_minutes", "is_timer_running", "timer_started_at", "date_received", "estimated_completion", "completed_at", "created_at", "updated_at", "deposit_amount", "device_model_id", "customer_device_id", "device_id") VALUES
	('00000003-0000-0000-0000-000000000003', 'TPG0003', 'cccccccc-cccc-cccc-cccc-cccccccccccc', '22222222-2222-2222-2222-222222222222', 'Google', 'Pixel 7', 'GA03924-US', '358240051111110', '{camera_issue,software_issue}', 'Camera app crashes. Needs parts ordered.', 159.99, NULL, 'on_hold', 'medium', 0, false, NULL, '2025-08-31 20:37:32.202521+00', NULL, NULL, '2025-09-03 20:37:32.202521+00', '2025-09-03 20:37:32.202521+00', 0.00, NULL, NULL, NULL),
	('00000005-0000-0000-0000-000000000005', 'TPG0005', 'eeeeeeee-eeee-eeee-eeee-eeeeeeeeeeee', NULL, 'OnePlus', '11', 'OP11-12345', '862012050123456', '{water_damage}', 'Phone fell in water. Not turning on. Customer needs urgent repair for business.', 299.99, NULL, 'new', 'urgent', 0, false, NULL, '2025-09-03 20:07:32.202521+00', NULL, NULL, '2025-09-03 20:37:32.202521+00', '2025-09-03 20:37:32.202521+00', 0.00, NULL, NULL, NULL),
	('00000004-0000-0000-0000-000000000004', 'TPG0004', 'dddddddd-dddd-dddd-dddd-dddddddddddd', '33333333-3333-3333-3333-333333333333', 'Apple', 'iPhone 13', 'G6TZR9XJKXF9', '353850109074472', '{screen_crack}', 'Screen replacement completed successfully.', 199.99, 189.99, 'completed', 'low', 120, false, NULL, '2025-08-29 20:37:32.202521+00', NULL, '2025-09-01 20:37:32.202521+00', '2025-09-03 20:37:32.202521+00', '2025-09-03 20:37:32.202521+00', 0.00, NULL, NULL, NULL),
	('00000002-0000-0000-0000-000000000002', 'TPG0002', 'bbbbbbbb-bbbb-bbbb-bbbb-bbbbbbbbbbbb', '22222222-2222-2222-2222-222222222222', 'Samsung', 'Galaxy S23', 'R3CR40ABCDE', '356938108542179', '{charging_port}', 'Charging port not working properly. Phone charges intermittently.', 89.99, NULL, 'in_progress', 'medium', 45, true, '2025-09-03 18:37:32.202521+00', '2025-09-02 20:37:32.202521+00', NULL, NULL, '2025-09-03 20:37:32.202521+00', '2025-09-03 20:37:32.202521+00', 0.00, NULL, NULL, NULL),
	('00000006-0000-0000-0000-000000000006', 'TPG0006', 'ffffffff-ffff-ffff-ffff-ffffffffffff', '33333333-3333-3333-3333-333333333333', 'Apple', 'iPad Pro 12.9', 'DMPWK9XJKXF0', NULL, '{screen_crack,battery_issue}', 'iPad screen shattered. Battery also needs replacement.', 399.99, NULL, 'in_progress', 'high', 0, true, '2025-09-03 19:37:32.202521+00', '2025-09-03 16:37:32.202521+00', NULL, NULL, '2025-09-03 20:37:32.202521+00', '2025-09-03 20:37:32.202521+00', 0.00, NULL, NULL, NULL),
	('f4096157-df26-4d46-b15b-9b9dd76c96ec', 'TPG0007', 'cccccccc-cccc-cccc-cccc-cccccccccccc', '11111111-1111-1111-1111-111111111111', 'Apple', 'iPhone 14 Pro Max', '56165156156156165156', '', '{screen_crack}', 'Screen is cracked. Needs a complete replacement. ', 150.00, 0.00, 'new', 'medium', 0, false, NULL, '2025-09-03 21:12:02.891693+00', NULL, NULL, '2025-09-03 21:12:02.891693+00', '2025-09-03 21:20:37.035812+00', 50.00, '995391bb-032c-4ab4-a5b8-4d42d98ba626', NULL, NULL),
	('9216c0e4-6c4b-45a1-a7be-9cc50b7de8ca', 'TPG0008', '486abf9d-fe13-4fb1-a05e-38bae0be1bb4', '11111111-1111-1111-1111-111111111111', 'Apple', 'iPhone 15 Pro Max', NULL, NULL, '{charging_port,battery_issue}', 'Charging port or battery issues.', 179.99, NULL, 'new', 'medium', 0, false, NULL, '2025-09-03 21:29:10.730347+00', NULL, NULL, '2025-09-03 21:29:10.730347+00', '2025-09-03 21:29:10.730347+00', 0.00, '496ed383-8247-43c8-aa6b-dd0f6afb47f3', NULL, NULL),
	('6e2d2fed-f8a5-4c45-ab87-9dc26ac2040e', 'TPG0009', '486abf9d-fe13-4fb1-a05e-38bae0be1bb4', '11111111-1111-1111-1111-111111111111', 'Apple', 'iPhone 16 Pro Max', NULL, NULL, '{screen_crack,battery_issue}', 'Customer dropped phone, broke screen. Also states battery wouldn''t stay charged for long.', 230.00, NULL, 'cancelled', 'medium', 0, false, NULL, '2025-09-04 01:00:46.015029+00', NULL, NULL, '2025-09-04 01:00:46.015029+00', '2025-09-04 01:42:13.32821+00', 0.00, NULL, '1b7929fc-80f1-44d0-b010-0dd1afabcfee', '372358d9-2422-4d30-a6bf-0ac74a393d2c'),
	('00000001-0000-0000-0000-000000000001', 'TPG0001', 'aaaaaaaa-aaaa-aaaa-aaaa-aaaaaaaaaaaa', NULL, 'Apple', 'iPhone 14 Pro', 'F2LZK9XJKXF8', '353850109074471', '{screen_crack,battery_issue}', 'Customer reports screen is cracked in upper right corner. Battery drains quickly.', 249.99, 12.00, 'in_progress', 'high', 12, false, NULL, '2025-09-03 18:37:32.202521+00', NULL, NULL, '2025-09-03 20:37:32.202521+00', '2025-09-04 02:00:28.040867+00', 0.00, NULL, 'a4e4b744-7f2f-4b6d-bc04-5af5699f04fe', '763b4454-ce8d-4a91-8144-ce0bcdf72ce7'),
	('e4fb826c-764c-447c-a357-2ddb01ce25e1', 'TPG0010', '486abf9d-fe13-4fb1-a05e-38bae0be1bb4', '11111111-1111-1111-1111-111111111111', 'Apple', 'iPhone 16 Pro Max', 'SNLORQSAGU', '305087970722198', '{screen_crack,battery_issue}', 'Customer dropped phone and cracked screen. Reports issues with battery staying charged. Wants us to look into it all. ', 230.00, NULL, 'in_progress', 'medium', 0, false, '2025-09-04 02:01:41.907+00', '2025-09-04 01:07:27.326432+00', NULL, NULL, '2025-09-04 01:07:27.326432+00', '2025-09-04 02:01:41.910097+00', 0.00, NULL, NULL, '372358d9-2422-4d30-a6bf-0ac74a393d2c');


--
-- Data for Name: notifications; Type: TABLE DATA; Schema: public; Owner: postgres
--

INSERT INTO "public"."notifications" ("id", "ticket_id", "notification_type", "recipient_email", "subject", "content", "sent_at", "status", "created_at") VALUES
	('edc56c97-2388-45e5-b29a-a0526a35e9c8', '00000001-0000-0000-0000-000000000001', 'new_ticket', 'admin@phoneguys.com', 'New Repair Ticket: TPG0001', 'A new repair ticket has been created for Alice Johnson - iPhone 14 Pro', '2025-09-03 18:37:32.202521+00', 'sent', '2025-09-03 20:37:32.202521+00'),
	('4cc8a9ab-c8db-4cb0-8022-7ab958510612', '00000004-0000-0000-0000-000000000004', 'completion', 'diana.prince@email.com', 'Your repair is complete!', 'Your iPhone 13 repair has been completed. Please visit our store to pick up your device.', '2025-09-01 20:37:32.202521+00', 'sent', '2025-09-03 20:37:32.202521+00'),
	('7e388daf-b4a1-4dce-a8ba-a10758d07aab', '00000003-0000-0000-0000-000000000003', 'on_hold', 'charlie.brown@email.com', 'Repair Status Update: On Hold', 'Your Pixel 7 repair is currently on hold while we wait for parts. We will update you once parts arrive.', NULL, 'pending', '2025-09-03 20:37:32.202521+00'),
	('75faedf1-65c9-48ab-a82e-17dabaea72b2', '00000005-0000-0000-0000-000000000005', 'new_ticket', 'manager@phoneguys.com', 'URGENT: New Repair Ticket TPG0005', 'An urgent repair ticket has been created for Edward Norton - OnePlus 11 with water damage.', '2025-09-03 20:07:32.202521+00', 'sent', '2025-09-03 20:37:32.202521+00'),
	('b5e13af9-843f-40fd-9b5b-a7d57321c5cf', '6e2d2fed-f8a5-4c45-ab87-9dc26ac2040e', 'status_change', 'michael@southwellmedia.com', 'Repair Status Update - TPG0009', 'Dear Michael Froseth,\n\nYour repair (TPG0009) has been cancelled. If you have any questions, please contact us.', NULL, 'pending', '2025-09-04 01:02:44.704397+00');


--
-- Data for Name: ticket_notes; Type: TABLE DATA; Schema: public; Owner: postgres
--

INSERT INTO "public"."ticket_notes" ("id", "ticket_id", "user_id", "note_type", "content", "is_important", "created_at") VALUES
	('c9517eb5-e533-4ca2-9e13-3e625a013db5', '00000001-0000-0000-0000-000000000001', '11111111-1111-1111-1111-111111111111', 'internal', 'Customer called to check status. Informed parts are being ordered.', false, '2025-09-03 20:37:32.202521+00'),
	('42711dbc-eca6-4397-8fa4-3018c7a79b0b', '00000001-0000-0000-0000-000000000001', '22222222-2222-2222-2222-222222222222', 'customer', 'Sent email update to customer about repair timeline.', false, '2025-09-03 20:37:32.202521+00'),
	('c6e07f5d-55d6-4f89-8da8-7892a0e87830', '00000002-0000-0000-0000-000000000002', '22222222-2222-2222-2222-222222222222', 'internal', 'Diagnosed issue - charging port pins are bent. Starting repair.', true, '2025-09-03 20:37:32.202521+00'),
	('069e9d9a-1a8b-4582-8fb4-21de6f7ec8ed', '00000003-0000-0000-0000-000000000003', '22222222-2222-2222-2222-222222222222', 'internal', 'Camera module needs to be ordered. ETA 3-5 business days.', true, '2025-09-03 20:37:32.202521+00'),
	('fa55b81c-9286-44e0-8ee3-e98d614d802d', '00000003-0000-0000-0000-000000000003', '11111111-1111-1111-1111-111111111111', 'customer', 'Called customer to inform about parts delay. Customer agreed to wait.', false, '2025-09-03 20:37:32.202521+00'),
	('d6980542-98f9-4cc8-ab7f-c3b781ea7e5a', '00000004-0000-0000-0000-000000000004', '33333333-3333-3333-3333-333333333333', 'internal', 'Screen replacement completed. Tested all functions - working perfectly.', false, '2025-09-03 20:37:32.202521+00'),
	('54245819-456d-495a-9acc-5988da872d0d', '00000005-0000-0000-0000-000000000005', '11111111-1111-1111-1111-111111111111', 'internal', 'URGENT: Business customer. Prioritize this repair.', true, '2025-09-03 20:37:32.202521+00'),
	('bc09c73a-d5ed-4f14-93ff-9000e254839c', '6e2d2fed-f8a5-4c45-ab87-9dc26ac2040e', '11111111-1111-1111-1111-111111111111', 'internal', 'Status changed from new to cancelled', true, '2025-09-04 01:02:44.686157+00');


--
-- Data for Name: ticket_photo_shares; Type: TABLE DATA; Schema: public; Owner: postgres
--



--
-- Data for Name: ticket_photos; Type: TABLE DATA; Schema: public; Owner: postgres
--

INSERT INTO "public"."ticket_photos" ("id", "ticket_id", "file_name", "file_path", "file_size", "mime_type", "uploaded_by", "uploaded_at", "description", "is_before_photo", "is_after_photo", "tags", "service_id", "created_at", "updated_at") VALUES
	('e9832047-868d-4c47-afe1-cda40926e430', 'e4fb826c-764c-447c-a357-2ddb01ce25e1', '1756949977896-16-pro-max-BGLASS.webp', 'e4fb826c-764c-447c-a357-2ddb01ce25e1/1756949977896-16-pro-max-BGLASS.webp', 115594, 'image/webp', '11111111-1111-1111-1111-111111111111', '2025-09-04 01:39:37.933+00', '', false, false, '{before,screen-damage}', '7049006e-bdf5-4341-9f35-9e29a58bbbf2', '2025-09-04 01:39:37.936495+00', '2025-09-04 01:39:37.936495+00');


--
-- Data for Name: ticket_services; Type: TABLE DATA; Schema: public; Owner: postgres
--

INSERT INTO "public"."ticket_services" ("id", "ticket_id", "service_id", "quantity", "unit_price", "technician_notes", "performed_by", "performed_at", "created_at") VALUES
	('5a6053b0-194e-4b8f-952a-060c2b93236a', '6e2d2fed-f8a5-4c45-ab87-9dc26ac2040e', '7049006e-bdf5-4341-9f35-9e29a58bbbf2', 1, NULL, NULL, '11111111-1111-1111-1111-111111111111', NULL, '2025-09-04 01:00:46.026024+00'),
	('9da679b1-fa05-43e7-aad2-67bf37f8f760', '6e2d2fed-f8a5-4c45-ab87-9dc26ac2040e', '867a6e98-bcbb-49c7-b1cf-e2dd05ce0bbc', 1, NULL, NULL, '11111111-1111-1111-1111-111111111111', NULL, '2025-09-04 01:00:46.026024+00'),
	('ed1148c4-1e8c-4a13-9e59-5e73876d66f5', 'e4fb826c-764c-447c-a357-2ddb01ce25e1', '7049006e-bdf5-4341-9f35-9e29a58bbbf2', 1, NULL, NULL, '11111111-1111-1111-1111-111111111111', NULL, '2025-09-04 01:07:27.336223+00'),
	('d90bc542-d5ee-4ac5-a337-cb607c741c27', 'e4fb826c-764c-447c-a357-2ddb01ce25e1', '867a6e98-bcbb-49c7-b1cf-e2dd05ce0bbc', 1, NULL, NULL, '11111111-1111-1111-1111-111111111111', NULL, '2025-09-04 01:07:27.336223+00');


--
-- Data for Name: time_entries; Type: TABLE DATA; Schema: public; Owner: postgres
--

INSERT INTO "public"."time_entries" ("id", "ticket_id", "user_id", "start_time", "end_time", "duration_minutes", "description", "created_at") VALUES
	('82262cb7-135d-447c-a684-a96763a5c496', '00000002-0000-0000-0000-000000000002', '22222222-2222-2222-2222-222222222222', '2025-09-02 20:37:32.202521+00', '2025-09-02 21:22:32.202521+00', 45, 'Initial diagnosis and disassembly', '2025-09-03 20:37:32.202521+00'),
	('4b097d2a-ff35-49fd-94d9-2af502f98fa4', '00000002-0000-0000-0000-000000000002', '22222222-2222-2222-2222-222222222222', '2025-09-03 16:37:32.202521+00', NULL, NULL, 'Repair in progress', '2025-09-03 20:37:32.202521+00'),
	('eabec814-bf34-45ba-9e23-b3a01d910645', '00000004-0000-0000-0000-000000000004', '33333333-3333-3333-3333-333333333333', '2025-08-31 20:37:32.202521+00', '2025-08-31 22:37:32.202521+00', 120, 'Complete screen replacement', '2025-09-03 20:37:32.202521+00'),
	('a8934607-6e40-45c1-a446-d1c9084a2257', '00000006-0000-0000-0000-000000000006', '33333333-3333-3333-3333-333333333333', '2025-09-03 18:37:32.202521+00', NULL, NULL, 'Working on iPad repair', '2025-09-03 20:37:32.202521+00'),
	('36888a69-55bf-432e-9616-9e05d73c7e60', '00000001-0000-0000-0000-000000000001', '11111111-1111-1111-1111-111111111111', '2025-09-03 21:21:20.608+00', '2025-09-03 21:23:09.686+00', 2, 'Initial diagnosis.', '2025-09-03 21:23:09.689899+00'),
	('c742702d-df44-4f7d-b162-6cdf534ab3f5', '00000001-0000-0000-0000-000000000001', '11111111-1111-1111-1111-111111111111', '2025-09-03 21:23:17.872+00', '2025-09-03 21:32:47.473+00', 10, 'Will need to order a new screen. The breaking is the screen, not the protector.', '2025-09-03 21:32:47.477648+00');


--
-- Data for Name: user_id_mapping; Type: TABLE DATA; Schema: public; Owner: postgres
--

INSERT INTO "public"."user_id_mapping" ("auth_user_id", "app_user_id", "created_at") VALUES
	('241d165f-cf6c-4836-97ae-8fe1152583d9', '11111111-1111-1111-1111-111111111111', '2025-09-03 21:06:24.439251+00');


--
-- Data for Name: buckets; Type: TABLE DATA; Schema: storage; Owner: supabase_storage_admin
--

INSERT INTO "storage"."buckets" ("id", "name", "owner", "created_at", "updated_at", "public", "avif_autodetection", "file_size_limit", "allowed_mime_types", "owner_id") VALUES
	('ticket-photos', 'ticket-photos', NULL, '2025-09-04 00:52:41.102114+00', '2025-09-04 00:52:41.102114+00', false, false, 10485760, '{image/png,image/jpeg,image/jpg,image/webp,image/heic}', NULL),
	('device-images', 'device-images', NULL, '2025-09-04 01:43:39.449705+00', '2025-09-04 01:43:39.449705+00', true, false, 5242880, '{image/png,image/jpeg,image/jpg,image/webp}', NULL);


--
-- Data for Name: objects; Type: TABLE DATA; Schema: storage; Owner: supabase_storage_admin
--

INSERT INTO "storage"."objects" ("id", "bucket_id", "name", "owner", "created_at", "updated_at", "last_accessed_at", "metadata", "version", "owner_id", "user_metadata") VALUES
	('cb112fd9-e616-4597-8aeb-b07d325ce509', 'device-images', 'iphone-16-pro-max.jpg', NULL, '2025-09-04 01:58:47.811904+00', '2025-09-04 01:58:47.811904+00', '2025-09-04 01:58:47.811904+00', '{"eTag": "\"c1dc75a3a9603f3558b8c12672a7046d\"", "size": 61308, "mimetype": "image/jpeg", "cacheControl": "max-age=3600", "lastModified": "2025-09-04T01:58:47.806Z", "contentLength": 61308, "httpStatusCode": 200}', '2a19184a-43d7-4730-8032-f21f27af4509', NULL, '{}'),
	('54ba186c-0bc2-41be-8a94-238ced033bdb', 'ticket-photos', 'e4fb826c-764c-447c-a357-2ddb01ce25e1/1756949977896-16-pro-max-BGLASS.webp', NULL, '2025-09-04 01:39:37.917518+00', '2025-09-04 01:39:37.917518+00', '2025-09-04 01:39:37.917518+00', '{"eTag": "\"6b665742b0627f01406efd0508aa9bed\"", "size": 115594, "mimetype": "image/webp", "cacheControl": "max-age=3600", "lastModified": "2025-09-04T01:39:37.910Z", "contentLength": 115594, "httpStatusCode": 200}', '363e549c-3eef-4480-b7ad-419c24b3f86c', NULL, '{}'),
	('01da4d94-2236-44c6-bd58-f73dd765da88', 'device-images', 'galaxy-s21-ultra.png', NULL, '2025-09-04 01:43:39.486273+00', '2025-09-04 01:43:39.486273+00', '2025-09-04 01:43:39.486273+00', '{"eTag": "\"ea43238fbd0489eab011a8fc1dfbbe1e\"", "size": 6882, "mimetype": "image/png", "cacheControl": "max-age=3600", "lastModified": "2025-09-04T01:43:39.477Z", "contentLength": 6882, "httpStatusCode": 200}', '50a26b57-ba21-4091-a69e-4dd3ca8f3118', NULL, '{}'),
	('9c92db41-ff9b-4c8f-ae77-de1106345aff', 'device-images', 'iphone-11-pro-max.png', NULL, '2025-09-04 01:43:39.58407+00', '2025-09-04 01:43:40.244681+00', '2025-09-04 01:43:39.58407+00', '{"eTag": "\"cba049dac8f2767e7f8bd21913515a16\"", "size": 48803, "mimetype": "image/png", "cacheControl": "max-age=3600", "lastModified": "2025-09-04T01:43:40.237Z", "contentLength": 48803, "httpStatusCode": 200}', '895acae9-80d7-4559-b897-87bc1c7f24f9', NULL, '{}'),
	('b58ef88f-eb55-4b86-90e6-58d1c423affa', 'device-images', 'iphone-11-pro.png', NULL, '2025-09-04 01:43:39.554017+00', '2025-09-04 01:43:40.263449+00', '2025-09-04 01:43:39.554017+00', '{"eTag": "\"72d0d6426772fa6bdc9f0c2da0ecf421\"", "size": 53876, "mimetype": "image/png", "cacheControl": "max-age=3600", "lastModified": "2025-09-04T01:43:40.257Z", "contentLength": 53876, "httpStatusCode": 200}', '1783b7a7-9475-4eac-9980-347ccecdec2c', NULL, '{}'),
	('4f1daec1-5cca-44d7-bd51-a16446658a3c', 'device-images', 'iphone-11.png', NULL, '2025-09-04 01:43:39.519566+00', '2025-09-04 01:43:40.279964+00', '2025-09-04 01:43:39.519566+00', '{"eTag": "\"27637fd1abd01da6ba2371969002f6be\"", "size": 28474, "mimetype": "image/png", "cacheControl": "max-age=3600", "lastModified": "2025-09-04T01:43:40.273Z", "contentLength": 28474, "httpStatusCode": 200}', 'c9aa3ceb-01df-4800-9918-fbfb9b36cc1e', NULL, '{}'),
	('af17a38d-80e3-43d0-b411-66067faaefa8', 'device-images', 'iphone-12-mini.png', NULL, '2025-09-04 01:43:39.646616+00', '2025-09-04 01:43:40.29796+00', '2025-09-04 01:43:39.646616+00', '{"eTag": "\"c59a4e1ce8d322d518cbec84e23c163b\"", "size": 39869, "mimetype": "image/png", "cacheControl": "max-age=3600", "lastModified": "2025-09-04T01:43:40.289Z", "contentLength": 39869, "httpStatusCode": 200}', 'be2a8927-cde4-4466-b8d7-26c87a08c037', NULL, '{}'),
	('567864e1-47b2-4346-b24f-41695199bc10', 'device-images', 'iphone-12-pro-max.png', NULL, '2025-09-04 01:43:39.73714+00', '2025-09-04 01:43:40.317676+00', '2025-09-04 01:43:39.73714+00', '{"eTag": "\"6fbb09477896dd0bbc14c12cdac4f6c0\"", "size": 29444, "mimetype": "image/png", "cacheControl": "max-age=3600", "lastModified": "2025-09-04T01:43:40.309Z", "contentLength": 29444, "httpStatusCode": 200}', '99d3d347-2375-4894-a295-923068276784', NULL, '{}'),
	('a0837ae8-8fe2-451b-b5c4-b7a1b70d2fb4', 'device-images', 'iphone-12-pro.png', NULL, '2025-09-04 01:43:39.677427+00', '2025-09-04 01:43:40.336787+00', '2025-09-04 01:43:39.677427+00', '{"eTag": "\"d9787247af47fc4ec81f05a325c256c1\"", "size": 36666, "mimetype": "image/png", "cacheControl": "max-age=3600", "lastModified": "2025-09-04T01:43:40.329Z", "contentLength": 36666, "httpStatusCode": 200}', '12e0495f-45ea-4788-86c7-2329c9c51d72', NULL, '{}'),
	('03429c42-53e7-470f-8888-c956ed691ffe', 'device-images', 'iphone-12.png', NULL, '2025-09-04 01:43:39.616091+00', '2025-09-04 01:43:40.355549+00', '2025-09-04 01:43:39.616091+00', '{"eTag": "\"71f08853a963938f92b7812f1e2e2503\"", "size": 42225, "mimetype": "image/png", "cacheControl": "max-age=3600", "lastModified": "2025-09-04T01:43:40.349Z", "contentLength": 42225, "httpStatusCode": 200}', '8d7fa90d-f4d7-475f-8bfc-c69466c28318', NULL, '{}'),
	('ea96a2de-f4c6-499a-881b-1d4941d78c90', 'device-images', 'iphone-13-mini.png', NULL, '2025-09-04 01:43:39.793645+00', '2025-09-04 01:43:40.374864+00', '2025-09-04 01:43:39.793645+00', '{"eTag": "\"f5cc3ea57e1c7df276b3f1578a8f4824\"", "size": 38570, "mimetype": "image/png", "cacheControl": "max-age=3600", "lastModified": "2025-09-04T01:43:40.365Z", "contentLength": 38570, "httpStatusCode": 200}', 'fa8b015c-916f-468c-b91c-17b053cb8943', NULL, '{}'),
	('ab43260d-26c9-43c8-8788-c7c86e524e6c', 'device-images', 'iphone-13-pro-max.png', NULL, '2025-09-04 01:43:39.82494+00', '2025-09-04 01:43:40.395114+00', '2025-09-04 01:43:39.82494+00', '{"eTag": "\"9397ab085043d6969d6de18f052966db\"", "size": 37378, "mimetype": "image/png", "cacheControl": "max-age=3600", "lastModified": "2025-09-04T01:43:40.389Z", "contentLength": 37378, "httpStatusCode": 200}', '0fe3d28e-2d57-4205-9f10-4213f68a65de', NULL, '{}'),
	('51cc3861-fe90-4bee-b4c4-fe1c8b6b3bc5', 'device-images', 'iphone-13.png', NULL, '2025-09-04 01:43:39.766253+00', '2025-09-04 01:43:40.414931+00', '2025-09-04 01:43:39.766253+00', '{"eTag": "\"c7f6ab74e3630bf291b418d698b18538\"", "size": 37919, "mimetype": "image/png", "cacheControl": "max-age=3600", "lastModified": "2025-09-04T01:43:40.405Z", "contentLength": 37919, "httpStatusCode": 200}', 'a744b636-8f11-42c6-84a8-7f91912b5cc3', NULL, '{}'),
	('1c6ff40f-16f3-4337-8c65-2bde7fbf096a', 'device-images', 'iphone-14-pro-max.png', NULL, '2025-09-04 01:43:40.008096+00', '2025-09-04 01:43:40.435265+00', '2025-09-04 01:43:40.008096+00', '{"eTag": "\"07ebe5f4541069976ad6d6603e17d4f0\"", "size": 37625, "mimetype": "image/png", "cacheControl": "max-age=3600", "lastModified": "2025-09-04T01:43:40.429Z", "contentLength": 37625, "httpStatusCode": 200}', '81657009-bba0-4035-b3ea-2130eb570227', NULL, '{}'),
	('54615055-f7de-4ae0-ad1a-5587e8f7359f', 'device-images', 'iphone-14-pro.png', NULL, '2025-09-04 01:43:39.961851+00', '2025-09-04 01:43:40.477683+00', '2025-09-04 01:43:39.961851+00', '{"eTag": "\"467e270cea92a95236a0005da86033f0\"", "size": 37462, "mimetype": "image/png", "cacheControl": "max-age=3600", "lastModified": "2025-09-04T01:43:40.469Z", "contentLength": 37462, "httpStatusCode": 200}', '2939bcd4-0117-4b1a-ad86-4c945ed3ce35', NULL, '{}'),
	('156fe7ac-9598-4bcf-9609-77fa061bfd51', 'device-images', 'iphone-14.png', NULL, '2025-09-04 01:43:39.929789+00', '2025-09-04 01:43:40.495471+00', '2025-09-04 01:43:39.929789+00', '{"eTag": "\"0bd1d33f9bdaff1fa03e039fecf73e1f\"", "size": 40103, "mimetype": "image/png", "cacheControl": "max-age=3600", "lastModified": "2025-09-04T01:43:40.489Z", "contentLength": 40103, "httpStatusCode": 200}', '115d1a08-2ac5-4f8b-ad34-9c413d2ca6e3', NULL, '{}'),
	('2a86b9b0-d48d-473f-a159-d6f7e133572c', 'device-images', 'iphone-xs-max.png', NULL, '2025-09-04 01:43:40.040494+00', '2025-09-04 01:43:40.74321+00', '2025-09-04 01:43:40.040494+00', '{"eTag": "\"b2575476c1b44e1227173d72f18af28f\"", "size": 42985, "mimetype": "image/png", "cacheControl": "max-age=3600", "lastModified": "2025-09-04T01:43:40.737Z", "contentLength": 42985, "httpStatusCode": 200}', '1c94df68-a962-447b-9460-5f23a60704aa', NULL, '{}'),
	('a75795de-67f4-4256-b82b-8be0e9d8662b', 'device-images', '25-05-2022-1653481206pixel-4-xl-1.png', NULL, '2025-09-04 01:43:40.068021+00', '2025-09-04 01:43:40.068021+00', '2025-09-04 01:43:40.068021+00', '{"eTag": "\"ed88310e055b40a0e416fabec6c70c9a\"", "size": 35256, "mimetype": "image/png", "cacheControl": "max-age=3600", "lastModified": "2025-09-04T01:43:40.061Z", "contentLength": 35256, "httpStatusCode": 200}', 'b988b37d-5d30-4ce5-84fd-e4759d477eda', NULL, '{}'),
	('aae7de1c-2874-4ca3-9327-bcc3a183feb8', 'device-images', '25-05-2022-1653481206pixel-4-xl.png', NULL, '2025-09-04 01:43:40.086834+00', '2025-09-04 01:43:40.086834+00', '2025-09-04 01:43:40.086834+00', '{"eTag": "\"ed88310e055b40a0e416fabec6c70c9a\"", "size": 35256, "mimetype": "image/png", "cacheControl": "max-age=3600", "lastModified": "2025-09-04T01:43:40.077Z", "contentLength": 35256, "httpStatusCode": 200}', '80e15e3b-7cc1-40c9-921a-9d394a746448', NULL, '{}'),
	('4d43f3e3-7775-4d9f-9d7f-cd48e2361a03', 'device-images', '25-05-2022-1653481274pixel-4a-1.png', NULL, '2025-09-04 01:43:40.106806+00', '2025-09-04 01:43:40.106806+00', '2025-09-04 01:43:40.106806+00', '{"eTag": "\"84684a1563d23cc69db40a8c51eadbfa\"", "size": 37071, "mimetype": "image/png", "cacheControl": "max-age=3600", "lastModified": "2025-09-04T01:43:40.097Z", "contentLength": 37071, "httpStatusCode": 200}', '8af688ab-0678-4f70-8dea-2ad1efadff9b', NULL, '{}'),
	('25388383-ecf2-4acf-8d43-06ec9c57d1fb', 'device-images', '25-05-2022-1653481274pixel-4a.png', NULL, '2025-09-04 01:43:40.12888+00', '2025-09-04 01:43:40.12888+00', '2025-09-04 01:43:40.12888+00', '{"eTag": "\"84684a1563d23cc69db40a8c51eadbfa\"", "size": 37071, "mimetype": "image/png", "cacheControl": "max-age=3600", "lastModified": "2025-09-04T01:43:40.121Z", "contentLength": 37071, "httpStatusCode": 200}', 'db107356-3948-43a8-9c40-026a77ec48eb', NULL, '{}'),
	('46ab6596-6d80-42cd-bd11-4ad15bf069f9', 'device-images', '25-05-2022-1653481311pixel-5.png', NULL, '2025-09-04 01:43:40.149022+00', '2025-09-04 01:43:40.149022+00', '2025-09-04 01:43:40.149022+00', '{"eTag": "\"9210bddd924c39b39c6dbe21f9fe20a0\"", "size": 52130, "mimetype": "image/png", "cacheControl": "max-age=3600", "lastModified": "2025-09-04T01:43:40.141Z", "contentLength": 52130, "httpStatusCode": 200}', '6b316290-bd9a-48a9-bd9e-969ac58a02c0', NULL, '{}'),
	('6deaee1a-852c-4255-9a33-512d6edf2cac', 'device-images', '25-05-2022-1653481348pixel-5a.png', NULL, '2025-09-04 01:43:40.166959+00', '2025-09-04 01:43:40.166959+00', '2025-09-04 01:43:40.166959+00', '{"eTag": "\"256e718e7f849e2a22c6c0ba4ac0c963\"", "size": 45676, "mimetype": "image/png", "cacheControl": "max-age=3600", "lastModified": "2025-09-04T01:43:40.157Z", "contentLength": 45676, "httpStatusCode": 200}', '0ff0fe6c-0b03-4fc2-8ce2-5bee18454c7a', NULL, '{}'),
	('53ae13c1-4fe0-45d5-8729-5e75bb7cbc06', 'device-images', '25-05-2022-1653481364pixel-6.png', NULL, '2025-09-04 01:43:40.187177+00', '2025-09-04 01:43:40.187177+00', '2025-09-04 01:43:40.187177+00', '{"eTag": "\"216f9700fb67a6726564bd3cc6c8abd8\"", "size": 59129, "mimetype": "image/png", "cacheControl": "max-age=3600", "lastModified": "2025-09-04T01:43:40.177Z", "contentLength": 59129, "httpStatusCode": 200}', 'e39796b5-d71b-4bda-812e-6eeaf183a715', NULL, '{}'),
	('0973ad97-a721-4961-bf0c-f462aad96291', 'device-images', '25-05-2022-1653481380pixel-6-pro.png', NULL, '2025-09-04 01:43:40.206438+00', '2025-09-04 01:43:40.206438+00', '2025-09-04 01:43:40.206438+00', '{"eTag": "\"526edfc605cfea55f06e0cb7ae852854\"", "size": 59041, "mimetype": "image/png", "cacheControl": "max-age=3600", "lastModified": "2025-09-04T01:43:40.197Z", "contentLength": 59041, "httpStatusCode": 200}', '6ca2a66c-e5b0-48b1-8b59-aac053bf587f', NULL, '{}'),
	('37181a54-4fc0-4d54-bf98-ec3729ef8c65', 'device-images', 'google-main.png', NULL, '2025-09-04 01:43:40.226033+00', '2025-09-04 01:43:40.226033+00', '2025-09-04 01:43:40.226033+00', '{"eTag": "\"28e75c8382560052cf4aab837c8c0fc4\"", "size": 18491, "mimetype": "image/png", "cacheControl": "max-age=3600", "lastModified": "2025-09-04T01:43:40.217Z", "contentLength": 18491, "httpStatusCode": 200}', '66d30e72-c324-43b6-8dc9-5905b33469e6', NULL, '{}'),
	('9b753ec5-ddda-4470-ad90-e2131d2bfb15', 'device-images', 'iphone-14-pro-plus.png', NULL, '2025-09-04 01:43:40.4548+00', '2025-09-04 01:43:40.4548+00', '2025-09-04 01:43:40.4548+00', '{"eTag": "\"7f99920c31c4c899d3fccae7b6c9b2e8\"", "size": 44682, "mimetype": "image/png", "cacheControl": "max-age=3600", "lastModified": "2025-09-04T01:43:40.449Z", "contentLength": 44682, "httpStatusCode": 200}', '3381eb92-3c43-4a52-8d72-0df018ffe370', NULL, '{}'),
	('751e4172-b2d2-4692-ab45-9ec464711c1e', 'device-images', 'iphone-5s.png', NULL, '2025-09-04 01:43:40.515653+00', '2025-09-04 01:43:40.515653+00', '2025-09-04 01:43:40.515653+00', '{"eTag": "\"3a6dc51e7036c6ff0f515de2572f15ca\"", "size": 41486, "mimetype": "image/png", "cacheControl": "max-age=3600", "lastModified": "2025-09-04T01:43:40.509Z", "contentLength": 41486, "httpStatusCode": 200}', '563eff12-6d6f-4bfe-a2c3-e00972e0adf0', NULL, '{}'),
	('23241398-a1c6-4bdb-a6db-5d41416c9589', 'device-images', 'iphone-6-plus.png', NULL, '2025-09-04 01:43:40.534643+00', '2025-09-04 01:43:40.534643+00', '2025-09-04 01:43:40.534643+00', '{"eTag": "\"8944aa61398f0c00d2494c5d6452f3bf\"", "size": 8365, "mimetype": "image/png", "cacheControl": "max-age=3600", "lastModified": "2025-09-04T01:43:40.525Z", "contentLength": 8365, "httpStatusCode": 200}', 'c8ae67b3-f429-403b-b2c5-99854acd30ae', NULL, '{}'),
	('0a6bfad9-de2b-4cdf-9ab3-6019bb936fbc', 'device-images', 'iphone-6.png', NULL, '2025-09-04 01:43:40.555362+00', '2025-09-04 01:43:40.555362+00', '2025-09-04 01:43:40.555362+00', '{"eTag": "\"4747149f437720af26cffba3c6ec1cef\"", "size": 51337, "mimetype": "image/png", "cacheControl": "max-age=3600", "lastModified": "2025-09-04T01:43:40.549Z", "contentLength": 51337, "httpStatusCode": 200}', 'f80e3b6a-0e91-4aab-9a10-ae5a0125a25b', NULL, '{}'),
	('e3e1731e-804e-495b-8d50-c0654dcf4863', 'device-images', 'iphone-6s-plus.png', NULL, '2025-09-04 01:43:40.57781+00', '2025-09-04 01:43:40.57781+00', '2025-09-04 01:43:40.57781+00', '{"eTag": "\"cd2096e1ea8a560d1c0163b90e446325\"", "size": 32787, "mimetype": "image/png", "cacheControl": "max-age=3600", "lastModified": "2025-09-04T01:43:40.569Z", "contentLength": 32787, "httpStatusCode": 200}', '81ac8c60-ef8a-4681-81f5-d3e557e9843b', NULL, '{}'),
	('62aab5f9-d5c0-4f31-8472-663594651c44', 'device-images', 'iphone-6s.png', NULL, '2025-09-04 01:43:40.600079+00', '2025-09-04 01:43:40.600079+00', '2025-09-04 01:43:40.600079+00', '{"eTag": "\"a6b45e6799194ab3c4d5eb219d672bfb\"", "size": 40223, "mimetype": "image/png", "cacheControl": "max-age=3600", "lastModified": "2025-09-04T01:43:40.593Z", "contentLength": 40223, "httpStatusCode": 200}', 'daa891f6-acbb-4682-829b-5fc486458ecb', NULL, '{}'),
	('842f85e5-47da-4749-a7ab-a81b44a4f1b1', 'device-images', 'iphone-7-plus.png', NULL, '2025-09-04 01:43:40.621156+00', '2025-09-04 01:43:40.621156+00', '2025-09-04 01:43:40.621156+00', '{"eTag": "\"6f567f6bdc398683ec7d59d96638fd80\"", "size": 53113, "mimetype": "image/png", "cacheControl": "max-age=3600", "lastModified": "2025-09-04T01:43:40.613Z", "contentLength": 53113, "httpStatusCode": 200}', '2249c167-a3a6-444d-a657-76ac25b282db', NULL, '{}'),
	('f75f4895-e0fc-434b-94c3-a0b21cace535', 'device-images', 'iphone-8-plus.png', NULL, '2025-09-04 01:43:40.643165+00', '2025-09-04 01:43:40.643165+00', '2025-09-04 01:43:40.643165+00', '{"eTag": "\"312fb95b175cbf92a7f9cc2d334766ff\"", "size": 41669, "mimetype": "image/png", "cacheControl": "max-age=3600", "lastModified": "2025-09-04T01:43:40.633Z", "contentLength": 41669, "httpStatusCode": 200}', 'dc96c922-0acf-4147-bbcb-c5fdf5eb1420', NULL, '{}'),
	('9d3871cd-7b8b-4e78-88d4-695b41770c89', 'device-images', 'iphone-8.png', NULL, '2025-09-04 01:43:40.664545+00', '2025-09-04 01:43:40.664545+00', '2025-09-04 01:43:40.664545+00', '{"eTag": "\"b10f5e972c4f5d23972d7ba0422a5b00\"", "size": 44021, "mimetype": "image/png", "cacheControl": "max-age=3600", "lastModified": "2025-09-04T01:43:40.653Z", "contentLength": 44021, "httpStatusCode": 200}', '8c6c911f-0b3b-4625-b6fc-00b6feda3d48', NULL, '{}'),
	('29c642af-f85f-41b0-b329-b40cc292ca93', 'device-images', 'iphone-se-1st-gen.png', NULL, '2025-09-04 01:43:40.685935+00', '2025-09-04 01:43:40.685935+00', '2025-09-04 01:43:40.685935+00', '{"eTag": "\"5d07a4428516b97afdfd6615f7a4a5e5\"", "size": 30073, "mimetype": "image/png", "cacheControl": "max-age=3600", "lastModified": "2025-09-04T01:43:40.677Z", "contentLength": 30073, "httpStatusCode": 200}', 'bddf80f6-0d22-4191-b742-55e491ed1315', NULL, '{}'),
	('9ffa7cdc-d243-4f83-8d0f-8d8e217aec94', 'device-images', 'iphone-se-2020.png', NULL, '2025-09-04 01:43:40.706431+00', '2025-09-04 01:43:40.706431+00', '2025-09-04 01:43:40.706431+00', '{"eTag": "\"ee708b0a106341060e5c51e4bce96722\"", "size": 50338, "mimetype": "image/png", "cacheControl": "max-age=3600", "lastModified": "2025-09-04T01:43:40.697Z", "contentLength": 50338, "httpStatusCode": 200}', '2cb562d1-d65d-43e7-be62-1f8b21c2bf5c', NULL, '{}'),
	('4bbbc923-15db-4461-adb0-96d005ebe1c3', 'device-images', 'iphone-se-2022.png', NULL, '2025-09-04 01:43:40.727613+00', '2025-09-04 01:43:40.727613+00', '2025-09-04 01:43:40.727613+00', '{"eTag": "\"e1de78a89cea4125f40ddb34c72c5d44\"", "size": 38262, "mimetype": "image/png", "cacheControl": "max-age=3600", "lastModified": "2025-09-04T01:43:40.717Z", "contentLength": 38262, "httpStatusCode": 200}', 'c07bd7c2-822d-4ce4-be9e-65a6295b6863', NULL, '{}'),
	('dab3fdb7-d4fb-4c99-8d94-2778ac36a699', 'device-images', 'ipone-x.png', NULL, '2025-09-04 01:43:40.763379+00', '2025-09-04 01:43:40.763379+00', '2025-09-04 01:43:40.763379+00', '{"eTag": "\"e8917e9a7de7973c7c9ab7092acef873\"", "size": 34083, "mimetype": "image/png", "cacheControl": "max-age=3600", "lastModified": "2025-09-04T01:43:40.757Z", "contentLength": 34083, "httpStatusCode": 200}', '8f9b24b8-aee2-4505-83e6-3631f32968af', NULL, '{}'),
	('8fba765f-7257-4c21-b33b-f1b67a1797ce', 'device-images', 'iphone-main.png', NULL, '2025-09-04 01:43:40.781049+00', '2025-09-04 01:43:40.781049+00', '2025-09-04 01:43:40.781049+00', '{"eTag": "\"93ababb3a3eb049dc39c2eedc9191d19\"", "size": 15403, "mimetype": "image/png", "cacheControl": "max-age=3600", "lastModified": "2025-09-04T01:43:40.773Z", "contentLength": 15403, "httpStatusCode": 200}', 'f178c17c-4792-4e72-ad9e-3b0dbf03fa94', NULL, '{}'),
	('a8b74409-f82b-406d-a29c-af4d239c5c8c', 'device-images', '25-05-2022-1653476710g4.png', NULL, '2025-09-04 01:43:40.799845+00', '2025-09-04 01:43:40.799845+00', '2025-09-04 01:43:40.799845+00', '{"eTag": "\"41e205ab840df72778cbf4aa2f54b08c\"", "size": 47468, "mimetype": "image/png", "cacheControl": "max-age=3600", "lastModified": "2025-09-04T01:43:40.793Z", "contentLength": 47468, "httpStatusCode": 200}', 'e07eb1f0-1633-4c5f-8659-7f3c9045c5f6', NULL, '{}'),
	('217881f3-75b3-463b-84c2-fc11bfa097de', 'device-images', '25-05-2022-1653476734g5.png', NULL, '2025-09-04 01:43:40.819686+00', '2025-09-04 01:43:40.819686+00', '2025-09-04 01:43:40.819686+00', '{"eTag": "\"b7c32dca64b3c74cd0d83a8027c3742b\"", "size": 40635, "mimetype": "image/png", "cacheControl": "max-age=3600", "lastModified": "2025-09-04T01:43:40.813Z", "contentLength": 40635, "httpStatusCode": 200}', 'ecdf88d8-b4ba-4ceb-9d60-db0be149dd96', NULL, '{}'),
	('e52e9612-3e56-4ffc-ad52-c6a29815eb7f', 'device-images', '25-05-2022-1653476754g6.png', NULL, '2025-09-04 01:43:40.838585+00', '2025-09-04 01:43:40.838585+00', '2025-09-04 01:43:40.838585+00', '{"eTag": "\"2673d8d16072e7e43eebe8419012c58c\"", "size": 46200, "mimetype": "image/png", "cacheControl": "max-age=3600", "lastModified": "2025-09-04T01:43:40.829Z", "contentLength": 46200, "httpStatusCode": 200}', '8baccf37-201f-4403-ad33-02c244c66787', NULL, '{}'),
	('8be2f18d-28d7-4ed6-9079-77d399fb0b4d', 'device-images', '25-05-2022-1653476772g7.png', NULL, '2025-09-04 01:43:40.861012+00', '2025-09-04 01:43:40.861012+00', '2025-09-04 01:43:40.861012+00', '{"eTag": "\"a4c093f1a7edd01ab9677f883a10bdd2\"", "size": 49792, "mimetype": "image/png", "cacheControl": "max-age=3600", "lastModified": "2025-09-04T01:43:40.853Z", "contentLength": 49792, "httpStatusCode": 200}', '5a15a9c1-0301-470c-b746-fa5e78674b3e', NULL, '{}'),
	('18999233-6a9a-4085-a943-301bb55b02ac', 'device-images', '25-05-2022-1653476800g8.png', NULL, '2025-09-04 01:43:40.879135+00', '2025-09-04 01:43:40.879135+00', '2025-09-04 01:43:40.879135+00', '{"eTag": "\"4dff37da3b8e239c95e84f80dbc455b2\"", "size": 57136, "mimetype": "image/png", "cacheControl": "max-age=3600", "lastModified": "2025-09-04T01:43:40.873Z", "contentLength": 57136, "httpStatusCode": 200}', 'db9c29f3-646b-468a-8f69-2fd81fa9d18e', NULL, '{}'),
	('7fe810da-a902-442a-8441-6b04fba31c0b', 'device-images', '25-05-2022-1653476836g8.png', NULL, '2025-09-04 01:43:40.896868+00', '2025-09-04 01:43:40.896868+00', '2025-09-04 01:43:40.896868+00', '{"eTag": "\"4dff37da3b8e239c95e84f80dbc455b2\"", "size": 57136, "mimetype": "image/png", "cacheControl": "max-age=3600", "lastModified": "2025-09-04T01:43:40.889Z", "contentLength": 57136, "httpStatusCode": 200}', 'd96df12d-42b8-4b92-8a45-a0e42d8f3513', NULL, '{}'),
	('4425ba5f-cf84-4bee-8fe1-8924d3151f47', 'device-images', '25-05-2022-1653476850g8x.png', NULL, '2025-09-04 01:43:40.915407+00', '2025-09-04 01:43:40.915407+00', '2025-09-04 01:43:40.915407+00', '{"eTag": "\"c4a6a58493d85b8bd2ad6048db794ecf\"", "size": 58304, "mimetype": "image/png", "cacheControl": "max-age=3600", "lastModified": "2025-09-04T01:43:40.909Z", "contentLength": 58304, "httpStatusCode": 200}', '1fb0d8c8-6ed0-4a7d-9389-943a715198e3', NULL, '{}'),
	('1d4c99f2-9436-43c4-8cdc-1fea1ef1757a', 'device-images', '25-05-2022-1653476886lg-velvet.png', NULL, '2025-09-04 01:43:40.933214+00', '2025-09-04 01:43:40.933214+00', '2025-09-04 01:43:40.933214+00', '{"eTag": "\"d144e418bc0e784f79290cd41d4dd98c\"", "size": 42522, "mimetype": "image/png", "cacheControl": "max-age=3600", "lastModified": "2025-09-04T01:43:40.925Z", "contentLength": 42522, "httpStatusCode": 200}', 'a6f85042-0914-4ca1-9c0a-00ac9c6f969c', NULL, '{}'),
	('12f03a01-cf5e-4e27-8f7c-b75902ac9925', 'device-images', '25-05-2022-1653476916k-30.png', NULL, '2025-09-04 01:43:40.950312+00', '2025-09-04 01:43:40.950312+00', '2025-09-04 01:43:40.950312+00', '{"eTag": "\"944cd0afd03ee53e0d99db4fc441adbe\"", "size": 57648, "mimetype": "image/png", "cacheControl": "max-age=3600", "lastModified": "2025-09-04T01:43:40.941Z", "contentLength": 57648, "httpStatusCode": 200}', 'c93b000b-696c-4db5-9cd6-7900b67f14ea', NULL, '{}'),
	('acf0182d-5ec5-491f-a51a-2c3ab8c4a45f', 'device-images', '25-05-2022-1653478838k31.png', NULL, '2025-09-04 01:43:40.968648+00', '2025-09-04 01:43:40.968648+00', '2025-09-04 01:43:40.968648+00', '{"eTag": "\"2c37ecc71bebfcf34f9b92762b81e316\"", "size": 45822, "mimetype": "image/png", "cacheControl": "max-age=3600", "lastModified": "2025-09-04T01:43:40.961Z", "contentLength": 45822, "httpStatusCode": 200}', '46180636-cc60-47fa-8a76-2c11d958f8ef', NULL, '{}'),
	('31fe5a5a-5c40-4be8-9275-c9e473305b4e', 'device-images', '25-05-2022-1653478866k40.png', NULL, '2025-09-04 01:43:40.98707+00', '2025-09-04 01:43:40.98707+00', '2025-09-04 01:43:40.98707+00', '{"eTag": "\"57fd64c1f9315368c1de9edc84c1900a\"", "size": 58596, "mimetype": "image/png", "cacheControl": "max-age=3600", "lastModified": "2025-09-04T01:43:40.977Z", "contentLength": 58596, "httpStatusCode": 200}', 'f33faab2-4e92-4408-a40f-84e511ee85f7', NULL, '{}'),
	('70545a54-a3c6-4149-8bf9-e7a8d6c32b23', 'device-images', '25-05-2022-1653478883k50.png', NULL, '2025-09-04 01:43:41.004827+00', '2025-09-04 01:43:41.004827+00', '2025-09-04 01:43:41.004827+00', '{"eTag": "\"0290ef163401fd1d5e26ec4cf1fd63e5\"", "size": 57522, "mimetype": "image/png", "cacheControl": "max-age=3600", "lastModified": "2025-09-04T01:43:40.997Z", "contentLength": 57522, "httpStatusCode": 200}', 'f115d379-a5b3-48ab-9b85-eb196b8fc501', NULL, '{}'),
	('3039d29c-52ef-4f1f-ac08-2ce8b46c4655', 'device-images', '25-05-2022-1653478907k51.png', NULL, '2025-09-04 01:43:41.025469+00', '2025-09-04 01:43:41.025469+00', '2025-09-04 01:43:41.025469+00', '{"eTag": "\"cc12000cf00ad4230483a092912e907d\"", "size": 50635, "mimetype": "image/png", "cacheControl": "max-age=3600", "lastModified": "2025-09-04T01:43:41.017Z", "contentLength": 50635, "httpStatusCode": 200}', '8546c977-acf9-4520-ae4a-79c10182b011', NULL, '{}'),
	('563e0e2a-f1b7-4a6c-8abb-4948d950d738', 'device-images', '25-05-2022-1653478928k-61.png', NULL, '2025-09-04 01:43:41.044797+00', '2025-09-04 01:43:41.044797+00', '2025-09-04 01:43:41.044797+00', '{"eTag": "\"a49dff2739c80908e740298762d77331\"", "size": 52782, "mimetype": "image/png", "cacheControl": "max-age=3600", "lastModified": "2025-09-04T01:43:41.037Z", "contentLength": 52782, "httpStatusCode": 200}', '027c0e51-cde4-435d-8c4a-6367632175af', NULL, '{}'),
	('c9ee8da7-7496-4998-a1b6-abc97247e275', 'device-images', '25-05-2022-1653478950k-62.png', NULL, '2025-09-04 01:43:41.061051+00', '2025-09-04 01:43:41.061051+00', '2025-09-04 01:43:41.061051+00', '{"eTag": "\"b45725c237207eb76e0bc6dd34ce0605\"", "size": 50309, "mimetype": "image/png", "cacheControl": "max-age=3600", "lastModified": "2025-09-04T01:43:41.053Z", "contentLength": 50309, "httpStatusCode": 200}', 'b85a51a2-7240-4aca-a16b-a1c901fc0660', NULL, '{}'),
	('fa3e303c-e8b8-4728-91ec-77b70f3a31fd', 'device-images', '25-05-2022-1653478985k-92-1.png', NULL, '2025-09-04 01:43:41.079805+00', '2025-09-04 01:43:41.079805+00', '2025-09-04 01:43:41.079805+00', '{"eTag": "\"46b45f6d4608f4320af7ed0ce6a9a5e4\"", "size": 53198, "mimetype": "image/png", "cacheControl": "max-age=3600", "lastModified": "2025-09-04T01:43:41.073Z", "contentLength": 53198, "httpStatusCode": 200}', '9404bbbc-dc24-4968-a77e-f260d336d859', NULL, '{}'),
	('6c0b7c1f-9c7d-479a-8128-5c02f3d8b1d2', 'device-images', '25-05-2022-1653478985k-92.png', NULL, '2025-09-04 01:43:41.097249+00', '2025-09-04 01:43:41.097249+00', '2025-09-04 01:43:41.097249+00', '{"eTag": "\"46b45f6d4608f4320af7ed0ce6a9a5e4\"", "size": 53198, "mimetype": "image/png", "cacheControl": "max-age=3600", "lastModified": "2025-09-04T01:43:41.089Z", "contentLength": 53198, "httpStatusCode": 200}', '0616128a-394e-4394-8287-e9f65103742b', NULL, '{}'),
	('91d032e6-db6f-4057-a296-78633368c3cf', 'device-images', '25-05-2022-1653479120stylo-4.png', NULL, '2025-09-04 01:43:41.114824+00', '2025-09-04 01:43:41.114824+00', '2025-09-04 01:43:41.114824+00', '{"eTag": "\"26180399663bc1e8c586c2a5a5d1a426\"", "size": 52358, "mimetype": "image/png", "cacheControl": "max-age=3600", "lastModified": "2025-09-04T01:43:41.109Z", "contentLength": 52358, "httpStatusCode": 200}', '08f84770-c33c-461b-b01a-e3c84e020002', NULL, '{}'),
	('b4529ba3-2782-4c86-b680-df725a58baf8', 'device-images', '25-05-2022-1653479160stylo-4-plus.png', NULL, '2025-09-04 01:43:41.131849+00', '2025-09-04 01:43:41.131849+00', '2025-09-04 01:43:41.131849+00', '{"eTag": "\"03abca4630d0d80f314b25a2b792b898\"", "size": 46640, "mimetype": "image/png", "cacheControl": "max-age=3600", "lastModified": "2025-09-04T01:43:41.125Z", "contentLength": 46640, "httpStatusCode": 200}', 'd3782c71-be47-4e13-beac-8e14212e1445', NULL, '{}'),
	('d539d2c7-249a-474d-9497-f121597cbf42', 'device-images', '25-05-2022-1653479179stylo-5.png', NULL, '2025-09-04 01:43:41.148405+00', '2025-09-04 01:43:41.148405+00', '2025-09-04 01:43:41.148405+00', '{"eTag": "\"342d6602b3961179485e29a70af1c8ae\"", "size": 42483, "mimetype": "image/png", "cacheControl": "max-age=3600", "lastModified": "2025-09-04T01:43:41.141Z", "contentLength": 42483, "httpStatusCode": 200}', 'e7d8ed23-6d59-4623-8d52-0a3f44bdfce2', NULL, '{}'),
	('23427b7a-8c41-42d3-bdd6-6f13d587e70f', 'device-images', '25-05-2022-1653479193stylo-6.png', NULL, '2025-09-04 01:43:41.164551+00', '2025-09-04 01:43:41.164551+00', '2025-09-04 01:43:41.164551+00', '{"eTag": "\"fa0c6ab6c1c46d145422c7e069c3554b\"", "size": 56537, "mimetype": "image/png", "cacheControl": "max-age=3600", "lastModified": "2025-09-04T01:43:41.157Z", "contentLength": 56537, "httpStatusCode": 200}', '34a9331f-be45-47cb-9615-182afbd4ce18', NULL, '{}'),
	('474552cf-fb37-4ce9-912e-4201b6193495', 'device-images', '25-05-2022-1653479332stylo-7.png', NULL, '2025-09-04 01:43:41.181245+00', '2025-09-04 01:43:41.181245+00', '2025-09-04 01:43:41.181245+00', '{"eTag": "\"edbfebfca3cd9c22c8a9dce10a7490c4\"", "size": 30692, "mimetype": "image/png", "cacheControl": "max-age=3600", "lastModified": "2025-09-04T01:43:41.173Z", "contentLength": 30692, "httpStatusCode": 200}', '887c4161-b288-4a6b-a781-f47b42de41a5', NULL, '{}'),
	('d0686baa-874b-4c9d-a086-81c7f719b178', 'device-images', '30-05-2022-1653918882lg-v30.png', NULL, '2025-09-04 01:43:41.20008+00', '2025-09-04 01:43:41.20008+00', '2025-09-04 01:43:41.20008+00', '{"eTag": "\"d7799c4e98614cda4f9f3700352ac23b\"", "size": 64808, "mimetype": "image/png", "cacheControl": "max-age=3600", "lastModified": "2025-09-04T01:43:41.193Z", "contentLength": 64808, "httpStatusCode": 200}', '4c9a2e8b-265d-43f3-a073-113e7151345d', NULL, '{}'),
	('6c667713-2d57-4cbf-8b0c-b24522782f66', 'device-images', '30-05-2022-1653919086lg-v30-thin-q.png', NULL, '2025-09-04 01:43:41.220208+00', '2025-09-04 01:43:41.220208+00', '2025-09-04 01:43:41.220208+00', '{"eTag": "\"c62e45ec4f910a43e87d52b7a49bf582\"", "size": 70230, "mimetype": "image/png", "cacheControl": "max-age=3600", "lastModified": "2025-09-04T01:43:41.213Z", "contentLength": 70230, "httpStatusCode": 200}', '836d77a7-3cef-424b-a472-ef340a5ce142', NULL, '{}'),
	('a92004d2-1911-49c4-a01b-7da9148d59a9', 'device-images', '30-05-2022-1653919144lg-v35.png', NULL, '2025-09-04 01:43:41.240325+00', '2025-09-04 01:43:41.240325+00', '2025-09-04 01:43:41.240325+00', '{"eTag": "\"26a9164d01db032a5fd2770345bf45a5\"", "size": 75266, "mimetype": "image/png", "cacheControl": "max-age=3600", "lastModified": "2025-09-04T01:43:41.233Z", "contentLength": 75266, "httpStatusCode": 200}', 'd863ee4b-c894-4885-a375-e44e4beeb16b', NULL, '{}'),
	('938076cc-eb07-4798-8468-c8fe17c20c85', 'device-images', '30-05-2022-1653919178lg-v40.png', NULL, '2025-09-04 01:43:41.257575+00', '2025-09-04 01:43:41.257575+00', '2025-09-04 01:43:41.257575+00', '{"eTag": "\"234f3fef25e125ce83eedfd60e7bbe98\"", "size": 67193, "mimetype": "image/png", "cacheControl": "max-age=3600", "lastModified": "2025-09-04T01:43:41.249Z", "contentLength": 67193, "httpStatusCode": 200}', '7bae6a39-6daa-4b0b-9243-a7a6026f7648', NULL, '{}'),
	('846b79fe-8124-42ed-b1b4-ea15b566f041', 'device-images', '30-05-2022-1653919211lg-v50.png', NULL, '2025-09-04 01:43:41.275885+00', '2025-09-04 01:43:41.275885+00', '2025-09-04 01:43:41.275885+00', '{"eTag": "\"0918884610ec9fcb2fd5988b017f36d0\"", "size": 70539, "mimetype": "image/png", "cacheControl": "max-age=3600", "lastModified": "2025-09-04T01:43:41.265Z", "contentLength": 70539, "httpStatusCode": 200}', '5f99faa6-ff10-453e-8748-be550bd93683', NULL, '{}'),
	('3ef020cf-93c0-406b-a8a2-afa7288cbf72', 'device-images', '30-05-2022-1653919238lg-50s.png', NULL, '2025-09-04 01:43:41.296227+00', '2025-09-04 01:43:41.296227+00', '2025-09-04 01:43:41.296227+00', '{"eTag": "\"e3ae909345cb556b2fbaec734ca1a6a7\"", "size": 91627, "mimetype": "image/png", "cacheControl": "max-age=3600", "lastModified": "2025-09-04T01:43:41.285Z", "contentLength": 91627, "httpStatusCode": 200}', 'fce94ad0-7638-4fdf-ab71-0799a54bd409', NULL, '{}'),
	('0f38f9f3-daf2-41be-ba17-d2314e4eac37', 'device-images', '30-05-2022-1653919277lg-60.png', NULL, '2025-09-04 01:43:41.316859+00', '2025-09-04 01:43:41.316859+00', '2025-09-04 01:43:41.316859+00', '{"eTag": "\"b2fab72b3923df72b29e432cc9a2c67c\"", "size": 51468, "mimetype": "image/png", "cacheControl": "max-age=3600", "lastModified": "2025-09-04T01:43:41.309Z", "contentLength": 51468, "httpStatusCode": 200}', '759ae5c1-0960-480e-8404-1095f231d92d', NULL, '{}'),
	('a60b539e-767c-4417-9e0f-61d60b95ad35', 'device-images', 'lg-main.png', NULL, '2025-09-04 01:43:41.333863+00', '2025-09-04 01:43:41.333863+00', '2025-09-04 01:43:41.333863+00', '{"eTag": "\"f2bd1282c9df3cd7c13a07072be4c68f\"", "size": 27030, "mimetype": "image/png", "cacheControl": "max-age=3600", "lastModified": "2025-09-04T01:43:41.325Z", "contentLength": 27030, "httpStatusCode": 200}', 'aa020df4-2cca-4e0c-a052-55d1b48062f7', NULL, '{}'),
	('9a9e3637-d76a-4ae0-9eee-4a35003b4b61', 'device-images', 'motorola-edge-2022.jpg', NULL, '2025-09-04 01:43:41.35072+00', '2025-09-04 01:43:41.35072+00', '2025-09-04 01:43:41.35072+00', '{"eTag": "\"e2a45851e3e0482d8ab0e2ca849fabd2\"", "size": 8113, "mimetype": "image/jpeg", "cacheControl": "max-age=3600", "lastModified": "2025-09-04T01:43:41.341Z", "contentLength": 8113, "httpStatusCode": 200}', '30d360dc-61bc-46c7-b3ab-8b5a9458b8f1', NULL, '{}'),
	('2477bb13-ceb9-4d83-a2cd-bb1bbef41abc', 'device-images', 'motorola-edge30-fusion.jpg', NULL, '2025-09-04 01:43:41.373016+00', '2025-09-04 01:43:41.373016+00', '2025-09-04 01:43:41.373016+00', '{"eTag": "\"ea3e677bd21dc5652d348f28e5933b4d\"", "size": 8034, "mimetype": "image/jpeg", "cacheControl": "max-age=3600", "lastModified": "2025-09-04T01:43:41.365Z", "contentLength": 8034, "httpStatusCode": 200}', '07de0947-fa9e-47a0-b3f5-0bbf88f64446', NULL, '{}'),
	('0a80beaa-dd28-4f3d-a628-ed304264333a', 'device-images', 'motorola-edge30-neo-.jpg', NULL, '2025-09-04 01:43:41.391909+00', '2025-09-04 01:43:41.391909+00', '2025-09-04 01:43:41.391909+00', '{"eTag": "\"1b8c375f73f39e306fdfae3c84e038a7\"", "size": 8220, "mimetype": "image/jpeg", "cacheControl": "max-age=3600", "lastModified": "2025-09-04T01:43:41.385Z", "contentLength": 8220, "httpStatusCode": 200}', '02ba6f29-b352-4ab0-bf57-2055d3bddc0b', NULL, '{}'),
	('49e5804f-a3b8-4a5b-a0f8-5582e8aeab21', 'device-images', 'motorola-edge30-ultra.jpg', NULL, '2025-09-04 01:43:41.411266+00', '2025-09-04 01:43:41.411266+00', '2025-09-04 01:43:41.411266+00', '{"eTag": "\"b80a604a16564dea43bfa26a50f28e66\"", "size": 7274, "mimetype": "image/jpeg", "cacheControl": "max-age=3600", "lastModified": "2025-09-04T01:43:41.405Z", "contentLength": 7274, "httpStatusCode": 200}', '5786b622-becd-45ef-b11c-a402cfab014a', NULL, '{}'),
	('a104f976-58f7-49e8-8761-eb18843f14fd', 'device-images', 'motorola-moto-e22.jpg', NULL, '2025-09-04 01:43:41.430568+00', '2025-09-04 01:43:41.430568+00', '2025-09-04 01:43:41.430568+00', '{"eTag": "\"eacd23b4d1c86f035b6051513ec9d93d\"", "size": 9148, "mimetype": "image/jpeg", "cacheControl": "max-age=3600", "lastModified": "2025-09-04T01:43:41.421Z", "contentLength": 9148, "httpStatusCode": 200}', '02308d12-8805-4108-b543-493e024f7caf', NULL, '{}'),
	('95ab6d6c-029d-4668-8281-b9cd27d41b66', 'device-images', 'motorola-moto-e22i.jpg', NULL, '2025-09-04 01:43:41.450711+00', '2025-09-04 01:43:41.450711+00', '2025-09-04 01:43:41.450711+00', '{"eTag": "\"e6ef8f768498ff7af9abe285f07b24bc\"", "size": 6473, "mimetype": "image/jpeg", "cacheControl": "max-age=3600", "lastModified": "2025-09-04T01:43:41.441Z", "contentLength": 6473, "httpStatusCode": 200}', 'f91b1d69-154f-4f3d-9ebd-da20c171857c', NULL, '{}'),
	('f7f09b21-ec0c-42ef-a6ff-0032b6c2954b', 'device-images', 'motorola-moto-e22s.jpg', NULL, '2025-09-04 01:43:41.473299+00', '2025-09-04 01:43:41.473299+00', '2025-09-04 01:43:41.473299+00', '{"eTag": "\"18f695fe2998cfd23dd2f19d62d6f4b5\"", "size": 8576, "mimetype": "image/jpeg", "cacheControl": "max-age=3600", "lastModified": "2025-09-04T01:43:41.465Z", "contentLength": 8576, "httpStatusCode": 200}', '9e43831e-763e-4f47-9fa9-91f3839210dc', NULL, '{}'),
	('89e50e70-eb8e-4bf8-9268-b52eb386443a', 'device-images', 'motorola-moto-e32-1.jpg', NULL, '2025-09-04 01:43:41.494975+00', '2025-09-04 01:43:41.494975+00', '2025-09-04 01:43:41.494975+00', '{"eTag": "\"eb61fcac6c53ee4897a1d057fd506bbe\"", "size": 14519, "mimetype": "image/jpeg", "cacheControl": "max-age=3600", "lastModified": "2025-09-04T01:43:41.485Z", "contentLength": 14519, "httpStatusCode": 200}', 'cbba8552-4059-46e5-90b2-354264e741d9', NULL, '{}'),
	('0223ef75-5b7a-47ba-b0aa-1c1c6f0651f2', 'device-images', 'motorola-moto-e32.jpg', NULL, '2025-09-04 01:43:41.513095+00', '2025-09-04 01:43:41.513095+00', '2025-09-04 01:43:41.513095+00', '{"eTag": "\"eb61fcac6c53ee4897a1d057fd506bbe\"", "size": 14519, "mimetype": "image/jpeg", "cacheControl": "max-age=3600", "lastModified": "2025-09-04T01:43:41.505Z", "contentLength": 14519, "httpStatusCode": 200}', '54e41ca4-8636-47a5-b932-32992f7476ba', NULL, '{}'),
	('d2de38ff-be0a-4931-809d-ddb83cf462db', 'device-images', 'motorola-moto-g32.jpg', NULL, '2025-09-04 01:43:41.530322+00', '2025-09-04 01:43:41.530322+00', '2025-09-04 01:43:41.530322+00', '{"eTag": "\"2953aee96fd3fa69562517e435c59344\"", "size": 20134, "mimetype": "image/jpeg", "cacheControl": "max-age=3600", "lastModified": "2025-09-04T01:43:41.521Z", "contentLength": 20134, "httpStatusCode": 200}', '45d44e83-20b4-481a-a485-52d4d35a0884', NULL, '{}'),
	('2588d4ec-900d-466a-81d0-275d202fdee1', 'device-images', 'motorola-moto-g42-r.jpg', NULL, '2025-09-04 01:43:41.554606+00', '2025-09-04 01:43:41.554606+00', '2025-09-04 01:43:41.554606+00', '{"eTag": "\"9603e85d182c7e2897f71697f972f4b6\"", "size": 10938, "mimetype": "image/jpeg", "cacheControl": "max-age=3600", "lastModified": "2025-09-04T01:43:41.545Z", "contentLength": 10938, "httpStatusCode": 200}', '6a1cea2d-8bbb-4224-bab0-cd4a02e85b8e', NULL, '{}'),
	('0fd8b431-edef-444e-b3bd-e1365a283fc3', 'device-images', 'motorola-moto-g62.jpg', NULL, '2025-09-04 01:43:41.578633+00', '2025-09-04 01:43:41.578633+00', '2025-09-04 01:43:41.578633+00', '{"eTag": "\"b118d595c0248e399e503cfe5f6330ce\"", "size": 10635, "mimetype": "image/jpeg", "cacheControl": "max-age=3600", "lastModified": "2025-09-04T01:43:41.569Z", "contentLength": 10635, "httpStatusCode": 200}', 'c8ba8384-8b4a-45ca-92aa-9f84d2224dcf', NULL, '{}'),
	('c2a300c4-fa87-4070-b2df-62e81b51c423', 'device-images', 'motorola-moto-g71s.jpg', NULL, '2025-09-04 01:43:41.594269+00', '2025-09-04 01:43:41.594269+00', '2025-09-04 01:43:41.594269+00', '{"eTag": "\"0cb64330d17b7d1346888b191a534b00\"", "size": 6612, "mimetype": "image/jpeg", "cacheControl": "max-age=3600", "lastModified": "2025-09-04T01:43:41.585Z", "contentLength": 6612, "httpStatusCode": 200}', '168491bb-4443-45ef-9971-ad42e408811c', NULL, '{}'),
	('d275c750-3fcd-4aed-832a-b7957011d0ce', 'device-images', 'motorola-moto-g72-5g-.jpg', NULL, '2025-09-04 01:43:41.609982+00', '2025-09-04 01:43:41.609982+00', '2025-09-04 01:43:41.609982+00', '{"eTag": "\"b99fff54b57219dca83c646191353321\"", "size": 9728, "mimetype": "image/jpeg", "cacheControl": "max-age=3600", "lastModified": "2025-09-04T01:43:41.601Z", "contentLength": 9728, "httpStatusCode": 200}', '9cc0d5e5-bea6-4703-baf6-7fe6996fa43c', NULL, '{}'),
	('0b940c7c-c652-49a1-a5d2-8494f0796861', 'device-images', 'motorola-moto-g82.jpg', NULL, '2025-09-04 01:43:41.625346+00', '2025-09-04 01:43:41.625346+00', '2025-09-04 01:43:41.625346+00', '{"eTag": "\"ddfcd165fa33386d93a93c346df94782\"", "size": 16486, "mimetype": "image/jpeg", "cacheControl": "max-age=3600", "lastModified": "2025-09-04T01:43:41.617Z", "contentLength": 16486, "httpStatusCode": 200}', '4b185be4-911d-466c-9459-cae8cc4dc3d5', NULL, '{}'),
	('6c93fb05-3ea1-4b68-8b50-df3aee1a4fa5', 'device-images', 'motorola-moto-s30-pro.jpg', NULL, '2025-09-04 01:43:41.641316+00', '2025-09-04 01:43:41.641316+00', '2025-09-04 01:43:41.641316+00', '{"eTag": "\"0c0cb1ff565ccd20298a8e5fd1ca8fbb\"", "size": 7584, "mimetype": "image/jpeg", "cacheControl": "max-age=3600", "lastModified": "2025-09-04T01:43:41.633Z", "contentLength": 7584, "httpStatusCode": 200}', '4c5db241-7544-4449-8375-fe8b4efbc819', NULL, '{}'),
	('b5d11ad9-3e68-4c4d-9c36-0d218f0f6fec', 'device-images', 'motorola-moto-x30-pro.jpg', NULL, '2025-09-04 01:43:41.659934+00', '2025-09-04 01:43:41.659934+00', '2025-09-04 01:43:41.659934+00', '{"eTag": "\"46a9a32659efd20752cdf6f2bbe5a2e6\"", "size": 5909, "mimetype": "image/jpeg", "cacheControl": "max-age=3600", "lastModified": "2025-09-04T01:43:41.653Z", "contentLength": 5909, "httpStatusCode": 200}', 'bd1e4a1c-6fd6-439a-8dc2-a32ec8248cf9', NULL, '{}'),
	('31b907a6-272b-4a6b-9922-46974f3095ec', 'device-images', 'motorola-main.png', NULL, '2025-09-04 01:43:41.675828+00', '2025-09-04 01:43:41.675828+00', '2025-09-04 01:43:41.675828+00', '{"eTag": "\"b914d0ea69608dcfc5e6f6535100403d\"", "size": 31729, "mimetype": "image/png", "cacheControl": "max-age=3600", "lastModified": "2025-09-04T01:43:41.669Z", "contentLength": 31729, "httpStatusCode": 200}', '9860bb52-781a-4de5-9bfd-a67d03f00ca5', NULL, '{}'),
	('5090afbf-a145-46b2-ad24-e2d4c3de72df', 'device-images', '101834photos0.jpeg', NULL, '2025-09-04 01:43:41.693686+00', '2025-09-04 01:43:41.693686+00', '2025-09-04 01:43:41.693686+00', '{"eTag": "\"d767632e9c42a36e5bb7f34fc2fb3f54\"", "size": 6002, "mimetype": "image/jpeg", "cacheControl": "max-age=3600", "lastModified": "2025-09-04T01:43:41.685Z", "contentLength": 6002, "httpStatusCode": 200}', '436bd0a7-e60d-4d3d-a0c0-d08111846c58', NULL, '{}'),
	('55b0e29d-8e36-4f1d-a7f6-3315db72e540', 'device-images', '1224723-oneplus-8.jpg', NULL, '2025-09-04 01:43:41.711234+00', '2025-09-04 01:43:41.711234+00', '2025-09-04 01:43:41.711234+00', '{"eTag": "\"d2580edce5b250a98b5590a32bcef94f\"", "size": 8460, "mimetype": "image/jpeg", "cacheControl": "max-age=3600", "lastModified": "2025-09-04T01:43:41.705Z", "contentLength": 8460, "httpStatusCode": 200}', '062a25ef-07fe-4982-b8a2-132a637b18ef', NULL, '{}'),
	('a52238f3-f614-4151-b128-5251f11a134c', 'device-images', '150117oneplus8.jpg', NULL, '2025-09-04 01:43:41.727487+00', '2025-09-04 01:43:41.727487+00', '2025-09-04 01:43:41.727487+00', '{"eTag": "\"1d2b0d5d2f07025db2c714077a3cafe0\"", "size": 5798, "mimetype": "image/jpeg", "cacheControl": "max-age=3600", "lastModified": "2025-09-04T01:43:41.721Z", "contentLength": 5798, "httpStatusCode": 200}', 'b69d371b-463c-4c6e-ba6c-790f605e87dc', NULL, '{}'),
	('0d7fdcd8-6f89-43e1-8512-41a559bec756', 'device-images', '212238646w200h200zamena-stekla-ekrana.webp', NULL, '2025-09-04 01:43:41.744952+00', '2025-09-04 01:43:41.744952+00', '2025-09-04 01:43:41.744952+00', '{"eTag": "\"7a6fa64b988829b81616ae83ad262149\"", "size": 3726, "mimetype": "image/jpeg", "cacheControl": "max-age=3600", "lastModified": "2025-09-04T01:43:41.737Z", "contentLength": 3726, "httpStatusCode": 200}', '5362b533-1e92-4e36-888c-e4faf161b8c6', NULL, '{}'),
	('89f8a774-f026-4ab6-a62d-41255f7813a6', 'device-images', '2f35a125ad466b8727d72e1f09a7aa39-1.jpg', NULL, '2025-09-04 01:43:41.766248+00', '2025-09-04 01:43:41.766248+00', '2025-09-04 01:43:41.766248+00', '{"eTag": "\"dce3c0a4f2f7d71f6437bbc1b9acd666\"", "size": 7905, "mimetype": "image/jpeg", "cacheControl": "max-age=3600", "lastModified": "2025-09-04T01:43:41.757Z", "contentLength": 7905, "httpStatusCode": 200}', '0366d96d-41b3-423c-ac22-6249fe81a32c', NULL, '{}'),
	('98733ea7-c0d8-486d-99f5-c08cc8337278', 'device-images', '2f35a125ad466b8727d72e1f09a7aa39.jpg', NULL, '2025-09-04 01:43:41.786171+00', '2025-09-04 01:43:41.786171+00', '2025-09-04 01:43:41.786171+00', '{"eTag": "\"dce3c0a4f2f7d71f6437bbc1b9acd666\"", "size": 7905, "mimetype": "image/jpeg", "cacheControl": "max-age=3600", "lastModified": "2025-09-04T01:43:41.777Z", "contentLength": 7905, "httpStatusCode": 200}', 'da778467-24f3-4b10-b7b6-63664d90debf', NULL, '{}'),
	('3a3c34f1-8519-4559-a254-354a1fbebd8b', 'device-images', '6085036498.jpg', NULL, '2025-09-04 01:43:41.805718+00', '2025-09-04 01:43:41.805718+00', '2025-09-04 01:43:41.805718+00', '{"eTag": "\"c5dc4d1dfb9ccf5fbea401bd6c976989\"", "size": 12133, "mimetype": "image/jpeg", "cacheControl": "max-age=3600", "lastModified": "2025-09-04T01:43:41.797Z", "contentLength": 12133, "httpStatusCode": 200}', 'a406e860-4d6c-4845-91ce-e3d3bed40748', NULL, '{}'),
	('016a35f9-7041-4445-8bd5-38df3a8ffb43', 'device-images', '61p6u9swzrlacul200sr200200.jpg', NULL, '2025-09-04 01:43:41.824827+00', '2025-09-04 01:43:41.824827+00', '2025-09-04 01:43:41.824827+00', '{"eTag": "\"df2a6f566fa0b04ce3f63967cfdfcc95\"", "size": 5546, "mimetype": "image/jpeg", "cacheControl": "max-age=3600", "lastModified": "2025-09-04T01:43:41.817Z", "contentLength": 5546, "httpStatusCode": 200}', 'f7376352-be4f-481f-a194-a1edfeee2389', NULL, '{}'),
	('f4d75ec7-304c-47af-84f1-4314951a9fa1', 'device-images', '866original.webp', NULL, '2025-09-04 01:43:41.841576+00', '2025-09-04 01:43:41.841576+00', '2025-09-04 01:43:41.841576+00', '{"eTag": "\"a88548aa247f294e5068012e3aeced19\"", "size": 7206, "mimetype": "image/jpeg", "cacheControl": "max-age=3600", "lastModified": "2025-09-04T01:43:41.833Z", "contentLength": 7206, "httpStatusCode": 200}', '829d7d29-fcfe-4d56-a2b3-578fcf949173', NULL, '{}'),
	('3d8fb63b-d887-40a1-a2c1-bf2a4cae71b0', 'device-images', 'coolpad-cool-3-plus.jpg', NULL, '2025-09-04 01:43:41.863149+00', '2025-09-04 01:43:41.863149+00', '2025-09-04 01:43:41.863149+00', '{"eTag": "\"d53638ec1918d8f3070f09f4edae9f8b\"", "size": 27900, "mimetype": "image/jpeg", "cacheControl": "max-age=3600", "lastModified": "2025-09-04T01:43:41.857Z", "contentLength": 27900, "httpStatusCode": 200}', 'd5e0fd95-08bf-4e6c-b850-3382cc927543', NULL, '{}'),
	('b166d66c-10a7-4474-9960-5dcd3cbe6881', 'device-images', 'i-1-1.webp', NULL, '2025-09-04 01:43:41.882583+00', '2025-09-04 01:43:41.882583+00', '2025-09-04 01:43:41.882583+00', '{"eTag": "\"f55d4f60b6e8dd6bebd5a105393adb8a\"", "size": 2908, "mimetype": "image/jpeg", "cacheControl": "max-age=3600", "lastModified": "2025-09-04T01:43:41.873Z", "contentLength": 2908, "httpStatusCode": 200}', '0ffe05ab-dc75-4b45-a961-960b66823092', NULL, '{}'),
	('76f844dd-05dd-4b0c-bd30-0d056b2733ca', 'device-images', 'i-2-1.webp', NULL, '2025-09-04 01:43:41.900862+00', '2025-09-04 01:43:41.900862+00', '2025-09-04 01:43:41.900862+00', '{"eTag": "\"5e9aa899c4bb708a0b4c9aa489f4e405\"", "size": 3988, "mimetype": "image/jpeg", "cacheControl": "max-age=3600", "lastModified": "2025-09-04T01:43:41.893Z", "contentLength": 3988, "httpStatusCode": 200}', '535db83f-9e67-474b-a542-dba7d3c79727', NULL, '{}'),
	('c86cc9b0-53f2-4693-86b8-16290ae0e361', 'device-images', 'i-3-1.webp', NULL, '2025-09-04 01:43:41.92079+00', '2025-09-04 01:43:41.92079+00', '2025-09-04 01:43:41.92079+00', '{"eTag": "\"fc390cfc24677386d305e12a36cfa466\"", "size": 3202, "mimetype": "image/jpeg", "cacheControl": "max-age=3600", "lastModified": "2025-09-04T01:43:41.913Z", "contentLength": 3202, "httpStatusCode": 200}', 'b7896f4a-9d4d-48af-b1d7-1e18f1e83bfa', NULL, '{}'),
	('98ec20b7-5125-4950-8ac1-e6de527595ab', 'device-images', 'i-3.webp', NULL, '2025-09-04 01:43:41.942312+00', '2025-09-04 01:43:41.942312+00', '2025-09-04 01:43:41.942312+00', '{"eTag": "\"4c8ef620c36316deb6132d9376f36bc7\"", "size": 2636, "mimetype": "image/jpeg", "cacheControl": "max-age=3600", "lastModified": "2025-09-04T01:43:41.933Z", "contentLength": 2636, "httpStatusCode": 200}', '2152b2fb-0d5f-45b0-a3a4-d4133f56a81b', NULL, '{}'),
	('70cc9053-8b31-47dd-9898-b61161a7b934', 'device-images', 'i-4.webp', NULL, '2025-09-04 01:43:41.967102+00', '2025-09-04 01:43:41.967102+00', '2025-09-04 01:43:41.967102+00', '{"eTag": "\"73f1375d2d94d5595201a1ba0e92335d\"", "size": 2606, "mimetype": "image/jpeg", "cacheControl": "max-age=3600", "lastModified": "2025-09-04T01:43:41.961Z", "contentLength": 2606, "httpStatusCode": 200}', '27201257-2f8d-4ec7-9912-32976a1b726c', NULL, '{}'),
	('ec76df5e-a9f6-4e00-b42f-60b60fec1f75', 'device-images', 'i-5.webp', NULL, '2025-09-04 01:43:41.987108+00', '2025-09-04 01:43:41.987108+00', '2025-09-04 01:43:41.987108+00', '{"eTag": "\"e2d59c25114e6a4fbfc6b6ce725633c4\"", "size": 4340, "mimetype": "image/jpeg", "cacheControl": "max-age=3600", "lastModified": "2025-09-04T01:43:41.981Z", "contentLength": 4340, "httpStatusCode": 200}', 'e49a89f1-0e29-4bd0-882a-fe8d04a927b4', NULL, '{}'),
	('5fcfe7b1-b3f2-43d2-87db-0e6675f2fc71', 'device-images', 'i-6.webp', NULL, '2025-09-04 01:43:42.005394+00', '2025-09-04 01:43:42.005394+00', '2025-09-04 01:43:42.005394+00', '{"eTag": "\"c3f3445780d36c127b3091672b8b28b1\"", "size": 2916, "mimetype": "image/jpeg", "cacheControl": "max-age=3600", "lastModified": "2025-09-04T01:43:41.997Z", "contentLength": 2916, "httpStatusCode": 200}', 'cf3dbcf7-8811-483a-ba4c-0e0a58fbacc6', NULL, '{}'),
	('abc97e4f-aa3e-4e7c-beea-e70385979195', 'device-images', 'i-7-1.webp', NULL, '2025-09-04 01:43:42.022879+00', '2025-09-04 01:43:42.022879+00', '2025-09-04 01:43:42.022879+00', '{"eTag": "\"8a0c8a5cb1bb4e3a7193be336a6a0219\"", "size": 3834, "mimetype": "image/jpeg", "cacheControl": "max-age=3600", "lastModified": "2025-09-04T01:43:42.013Z", "contentLength": 3834, "httpStatusCode": 200}', '367ae3f2-c319-4d9b-9622-d966a9ef8202', NULL, '{}'),
	('650468b0-0fa4-4700-9b12-0d0d5de01379', 'device-images', 'i-7.webp', NULL, '2025-09-04 01:43:42.039594+00', '2025-09-04 01:43:42.039594+00', '2025-09-04 01:43:42.039594+00', '{"eTag": "\"8a0c8a5cb1bb4e3a7193be336a6a0219\"", "size": 3834, "mimetype": "image/jpeg", "cacheControl": "max-age=3600", "lastModified": "2025-09-04T01:43:42.033Z", "contentLength": 3834, "httpStatusCode": 200}', '191217bf-144b-4f69-bd42-23cef56b2455', NULL, '{}'),
	('4dbb57f3-6d28-4ecf-9b7b-4b11ec25e13f', 'device-images', 'i-8.webp', NULL, '2025-09-04 01:43:42.056425+00', '2025-09-04 01:43:42.056425+00', '2025-09-04 01:43:42.056425+00', '{"eTag": "\"3cf9c4d42d8dc3a6b9e74686ad27a7e2\"", "size": 2920, "mimetype": "image/jpeg", "cacheControl": "max-age=3600", "lastModified": "2025-09-04T01:43:42.049Z", "contentLength": 2920, "httpStatusCode": 200}', '75b451ce-ff6c-4a55-a0ec-68f7b651f204', NULL, '{}'),
	('02b224d3-4035-4cf0-a939-2e543d0882b8', 'device-images', 'i-9.webp', NULL, '2025-09-04 01:43:42.072675+00', '2025-09-04 01:43:42.072675+00', '2025-09-04 01:43:42.072675+00', '{"eTag": "\"15dc91a2032a7659ab67607dbe331fe5\"", "size": 3336, "mimetype": "image/jpeg", "cacheControl": "max-age=3600", "lastModified": "2025-09-04T01:43:42.065Z", "contentLength": 3336, "httpStatusCode": 200}', '172a07da-8e2c-44bb-bc10-e9ace176e61f', NULL, '{}'),
	('52b6a5a5-5c77-429d-a231-3fa9512e4919', 'device-images', 'oneplus-6t.jpg', NULL, '2025-09-04 01:43:42.091798+00', '2025-09-04 01:43:42.091798+00', '2025-09-04 01:43:42.091798+00', '{"eTag": "\"0ae54dc080b65e78ef598937a4abfc90\"", "size": 25965, "mimetype": "image/jpeg", "cacheControl": "max-age=3600", "lastModified": "2025-09-04T01:43:42.085Z", "contentLength": 25965, "httpStatusCode": 200}', 'ea140a21-ae9f-4f0d-881e-a4ffc999d486', NULL, '{}'),
	('cd36b224-a12a-4af9-b185-a46dcd9fa506', 'device-images', 'oneplus-9-prothumb.jpg', NULL, '2025-09-04 01:43:42.111924+00', '2025-09-04 01:43:42.111924+00', '2025-09-04 01:43:42.111924+00', '{"eTag": "\"dc9334b68ddc8672e5994ac7e9269302\"", "size": 21659, "mimetype": "image/jpeg", "cacheControl": "max-age=3600", "lastModified": "2025-09-04T01:43:42.105Z", "contentLength": 21659, "httpStatusCode": 200}', 'd8ec631a-d4dc-4b7c-936f-4fd9ca162dd0', NULL, '{}'),
	('d9543a68-8ceb-4b38-aad2-e1a6e5fd200c', 'device-images', 'orig.webp', NULL, '2025-09-04 01:43:42.131505+00', '2025-09-04 01:43:42.131505+00', '2025-09-04 01:43:42.131505+00', '{"eTag": "\"5eda340d78a85ddc396602319e060ce7\"", "size": 76378, "mimetype": "image/jpeg", "cacheControl": "max-age=3600", "lastModified": "2025-09-04T01:43:42.121Z", "contentLength": 76378, "httpStatusCode": 200}', '450a1e11-0012-4061-9180-be84847fa137', NULL, '{}'),
	('190f600c-2182-4c10-9892-0fffe2050442', 'device-images', 's-l200.jpg', NULL, '2025-09-04 01:43:42.148452+00', '2025-09-04 01:43:42.148452+00', '2025-09-04 01:43:42.148452+00', '{"eTag": "\"61df7fc4f5439e4347db0a96208a9a43\"", "size": 7976, "mimetype": "image/jpeg", "cacheControl": "max-age=3600", "lastModified": "2025-09-04T01:43:42.141Z", "contentLength": 7976, "httpStatusCode": 200}', '996472d7-af41-4552-acda-f3ce2ba03d01', NULL, '{}'),
	('c09cca8c-3cb8-4877-8dbd-22295a365659', 'device-images', 'oneplus-main.png', NULL, '2025-09-04 01:43:42.168258+00', '2025-09-04 01:43:42.168258+00', '2025-09-04 01:43:42.168258+00', '{"eTag": "\"811a9c9c751cfce324fbd52eadc29ffe\"", "size": 23435, "mimetype": "image/png", "cacheControl": "max-age=3600", "lastModified": "2025-09-04T01:43:42.161Z", "contentLength": 23435, "httpStatusCode": 200}', '67e77cdc-658f-4bd6-8208-773ee75575d2', NULL, '{}'),
	('5ba9c3d1-eb44-4f3e-8541-32b8f1d1a693', 'device-images', '24-05-2022-1653398658a-01.png', NULL, '2025-09-04 01:43:42.187735+00', '2025-09-04 01:43:42.187735+00', '2025-09-04 01:43:42.187735+00', '{"eTag": "\"b77bdb58d3d73eacd469d54545563b21\"", "size": 60324, "mimetype": "image/png", "cacheControl": "max-age=3600", "lastModified": "2025-09-04T01:43:42.181Z", "contentLength": 60324, "httpStatusCode": 200}', '9c7fb187-f723-41db-9b27-51c4257c768c', NULL, '{}'),
	('d47cf382-f683-418e-9b89-6eb2c71f4557', 'device-images', '24-05-2022-1653398683a-02.png', NULL, '2025-09-04 01:43:42.208364+00', '2025-09-04 01:43:42.208364+00', '2025-09-04 01:43:42.208364+00', '{"eTag": "\"d62ad6b8491edce84c7cece643975f44\"", "size": 72361, "mimetype": "image/png", "cacheControl": "max-age=3600", "lastModified": "2025-09-04T01:43:42.201Z", "contentLength": 72361, "httpStatusCode": 200}', 'a6c74a82-6bf2-46fa-9de1-35c843beca39', NULL, '{}'),
	('676fd5c2-477b-4be5-a4f5-933a2a5ad48f', 'device-images', '24-05-2022-1653398704a-02-s.png', NULL, '2025-09-04 01:43:42.228704+00', '2025-09-04 01:43:42.228704+00', '2025-09-04 01:43:42.228704+00', '{"eTag": "\"e22328149d0eb66e46a4b9edd68a5a0f\"", "size": 76222, "mimetype": "image/png", "cacheControl": "max-age=3600", "lastModified": "2025-09-04T01:43:42.221Z", "contentLength": 76222, "httpStatusCode": 200}', '9d3533e2-6633-4aeb-89df-6bc873f5c3dd', NULL, '{}'),
	('4d4fc9e5-4d87-40d8-925d-d6f430a79e5e', 'device-images', '24-05-2022-1653398765a-03.png', NULL, '2025-09-04 01:43:42.24885+00', '2025-09-04 01:43:42.24885+00', '2025-09-04 01:43:42.24885+00', '{"eTag": "\"01152adbf40e2bd916e3e7b420ece726\"", "size": 58581, "mimetype": "image/png", "cacheControl": "max-age=3600", "lastModified": "2025-09-04T01:43:42.241Z", "contentLength": 58581, "httpStatusCode": 200}', 'a21f9e13-81fd-479e-bee6-bae5d84799c6', NULL, '{}'),
	('eeefd8c8-01fc-4b54-aff8-7acce14a3318', 'device-images', '24-05-2022-1653398781a-03s.png', NULL, '2025-09-04 01:43:42.266379+00', '2025-09-04 01:43:42.266379+00', '2025-09-04 01:43:42.266379+00', '{"eTag": "\"11463e2beab14a94191595943c8af9e2\"", "size": 62643, "mimetype": "image/png", "cacheControl": "max-age=3600", "lastModified": "2025-09-04T01:43:42.257Z", "contentLength": 62643, "httpStatusCode": 200}', '78d33e72-1740-49f6-a8ce-e395debb4a35', NULL, '{}'),
	('8bf74231-4999-4210-8caf-99aeba260d2c', 'device-images', '24-05-2022-1653398807a-10.png', NULL, '2025-09-04 01:43:42.283853+00', '2025-09-04 01:43:42.283853+00', '2025-09-04 01:43:42.283853+00', '{"eTag": "\"b2ac9a08efe256a014fb19d06377b43b\"", "size": 69580, "mimetype": "image/png", "cacheControl": "max-age=3600", "lastModified": "2025-09-04T01:43:42.277Z", "contentLength": 69580, "httpStatusCode": 200}', '22d0390b-b296-4a7e-bf20-a4b4eafd9529', NULL, '{}'),
	('7cf78ab7-2706-44f2-814e-24a2fa10d99e', 'device-images', '24-05-2022-1653398865a-10-e.png', NULL, '2025-09-04 01:43:42.304429+00', '2025-09-04 01:43:42.304429+00', '2025-09-04 01:43:42.304429+00', '{"eTag": "\"d7f5c183b149500f26fb69c95da10fa3\"", "size": 43295, "mimetype": "image/png", "cacheControl": "max-age=3600", "lastModified": "2025-09-04T01:43:42.297Z", "contentLength": 43295, "httpStatusCode": 200}', '49312e19-ae3e-4557-a009-b1eb78d2104e', NULL, '{}'),
	('89f00962-6db6-4eee-a53d-4750e6640652', 'device-images', '24-05-2022-1653398889a-10-s.png', NULL, '2025-09-04 01:43:42.322389+00', '2025-09-04 01:43:42.322389+00', '2025-09-04 01:43:42.322389+00', '{"eTag": "\"a011e5445835e5fea54e46816c79e4a3\"", "size": 68876, "mimetype": "image/png", "cacheControl": "max-age=3600", "lastModified": "2025-09-04T01:43:42.313Z", "contentLength": 68876, "httpStatusCode": 200}', '4b2f7699-8e30-477f-ab64-e4fa313c4f70', NULL, '{}'),
	('a9aee132-ce5e-4111-a538-d77b273003ee', 'device-images', '24-05-2022-1653398910a-11.png', NULL, '2025-09-04 01:43:42.340803+00', '2025-09-04 01:43:42.340803+00', '2025-09-04 01:43:42.340803+00', '{"eTag": "\"c710f1045c53b2ba9570f8ad55c7545f\"", "size": 57001, "mimetype": "image/png", "cacheControl": "max-age=3600", "lastModified": "2025-09-04T01:43:42.333Z", "contentLength": 57001, "httpStatusCode": 200}', '5a67da6d-0f4b-41ca-a3a1-4478d77ea28b', NULL, '{}'),
	('9b009871-948d-4376-a621-c2d69e5a35c1', 'device-images', '24-05-2022-1653398922a-12.png', NULL, '2025-09-04 01:43:42.359639+00', '2025-09-04 01:43:42.359639+00', '2025-09-04 01:43:42.359639+00', '{"eTag": "\"45325bf01705af567b4627d785c4ab99\"", "size": 85994, "mimetype": "image/png", "cacheControl": "max-age=3600", "lastModified": "2025-09-04T01:43:42.349Z", "contentLength": 85994, "httpStatusCode": 200}', '5aedff64-22ef-4c26-82cb-602887763ab2', NULL, '{}'),
	('9758486d-7458-4193-8c58-9135375e2e25', 'device-images', '25-05-2022-1653473285j3-327.png', NULL, '2025-09-04 01:43:42.376559+00', '2025-09-04 01:43:42.376559+00', '2025-09-04 01:43:42.376559+00', '{"eTag": "\"370e31fd949eb5a7225e762014fcd06f\"", "size": 38967, "mimetype": "image/png", "cacheControl": "max-age=3600", "lastModified": "2025-09-04T01:43:42.369Z", "contentLength": 38967, "httpStatusCode": 200}', '2897e35b-6fd0-4d69-8b0d-064bc63da776', NULL, '{}'),
	('e1deb40f-6d2e-4d25-97b2-d468613d7587', 'device-images', '25-05-2022-1653473337j3-j-337.png', NULL, '2025-09-04 01:43:42.393195+00', '2025-09-04 01:43:42.393195+00', '2025-09-04 01:43:42.393195+00', '{"eTag": "\"1ae55a52cad80e114eb780352acac927\"", "size": 42876, "mimetype": "image/png", "cacheControl": "max-age=3600", "lastModified": "2025-09-04T01:43:42.385Z", "contentLength": 42876, "httpStatusCode": 200}', '18544417-6b46-4859-85f2-43e03df92266', NULL, '{}'),
	('3b5b36e7-17ae-4e16-8417-0aca7d42a3df', 'device-images', '25-05-2022-1653473369j7-j-727-1.png', NULL, '2025-09-04 01:43:42.409009+00', '2025-09-04 01:43:42.409009+00', '2025-09-04 01:43:42.409009+00', '{"eTag": "\"717a25d8ee9909cf9d23680cc529c7b5\"", "size": 38510, "mimetype": "image/png", "cacheControl": "max-age=3600", "lastModified": "2025-09-04T01:43:42.401Z", "contentLength": 38510, "httpStatusCode": 200}', '90072e1a-4900-4200-83c2-052a106a6db2', NULL, '{}'),
	('62d907eb-8637-4cc3-ad1b-6c5ac5aa9be5', 'device-images', '25-05-2022-1653473401samsung-j7-pro-j730.png', NULL, '2025-09-04 01:43:42.425964+00', '2025-09-04 01:43:42.425964+00', '2025-09-04 01:43:42.425964+00', '{"eTag": "\"49474d6882e77341d74a5f26f0e2a773\"", "size": 40234, "mimetype": "image/png", "cacheControl": "max-age=3600", "lastModified": "2025-09-04T01:43:42.417Z", "contentLength": 40234, "httpStatusCode": 200}', 'fd47ac0a-857f-4a2f-8fbf-1839e0ce7327', NULL, '{}'),
	('e43fe7bb-6cd8-40df-95f9-41d0b0919ad4', 'device-images', '25-05-2022-1653473427j7-refine-j-737.png', NULL, '2025-09-04 01:43:42.442465+00', '2025-09-04 01:43:42.442465+00', '2025-09-04 01:43:42.442465+00', '{"eTag": "\"d248a98dd2893c5a06f9089f1c7d90bf\"", "size": 47111, "mimetype": "image/png", "cacheControl": "max-age=3600", "lastModified": "2025-09-04T01:43:42.433Z", "contentLength": 47111, "httpStatusCode": 200}', '07731853-447d-4975-876e-d4b3cc4ba385', NULL, '{}'),
	('2e0df72d-a074-42f0-90b8-07514b045575', 'device-images', '25-05-2022-1653473450j8-plus-j-805.png', NULL, '2025-09-04 01:43:42.458646+00', '2025-09-04 01:43:42.458646+00', '2025-09-04 01:43:42.458646+00', '{"eTag": "\"40f78508d6d066830877b169593f1967\"", "size": 42872, "mimetype": "image/png", "cacheControl": "max-age=3600", "lastModified": "2025-09-04T01:43:42.449Z", "contentLength": 42872, "httpStatusCode": 200}', 'ee765a92-6e0b-4f80-963e-995ae4fffcef', NULL, '{}'),
	('6e1af937-0f20-41da-a28d-42f17a5b33ea', 'device-images', '25-05-2022-1653474606a-20.png', NULL, '2025-09-04 01:43:42.477246+00', '2025-09-04 01:43:42.477246+00', '2025-09-04 01:43:42.477246+00', '{"eTag": "\"fe68bd2788a7eb404e3797c1e72ee800\"", "size": 77387, "mimetype": "image/png", "cacheControl": "max-age=3600", "lastModified": "2025-09-04T01:43:42.469Z", "contentLength": 77387, "httpStatusCode": 200}', 'b7033247-eec2-4ca1-95be-759b70b860a6', NULL, '{}'),
	('6215bd42-dd24-4fbb-9bc0-cf2ea54f7f12', 'device-images', '25-05-2022-1653474633a-20-e-1.png', NULL, '2025-09-04 01:43:42.495757+00', '2025-09-04 01:43:42.495757+00', '2025-09-04 01:43:42.495757+00', '{"eTag": "\"72d00019dba3ffa92ccef9abe7fcb618\"", "size": 75996, "mimetype": "image/png", "cacheControl": "max-age=3600", "lastModified": "2025-09-04T01:43:42.489Z", "contentLength": 75996, "httpStatusCode": 200}', 'c148c7ad-1d6a-4446-90f6-56ae34121fe9', NULL, '{}'),
	('d20d42bd-3da9-47a3-8434-b5ba86c36816', 'device-images', '25-05-2022-1653474650a-21.png', NULL, '2025-09-04 01:43:42.515621+00', '2025-09-04 01:43:42.515621+00', '2025-09-04 01:43:42.515621+00', '{"eTag": "\"72ca60a6e3c7bee5cffb1dd19c92a518\"", "size": 57037, "mimetype": "image/png", "cacheControl": "max-age=3600", "lastModified": "2025-09-04T01:43:42.509Z", "contentLength": 57037, "httpStatusCode": 200}', '96648f0c-f653-4da0-8f2e-cb163d354d8f', NULL, '{}'),
	('690c9709-ad6f-4950-b275-28cb63f6819f', 'device-images', '25-05-2022-1653474670a-21-s.png', NULL, '2025-09-04 01:43:42.535971+00', '2025-09-04 01:43:42.535971+00', '2025-09-04 01:43:42.535971+00', '{"eTag": "\"f000d9db311b6ccb642b2c1d0043592f\"", "size": 58488, "mimetype": "image/png", "cacheControl": "max-age=3600", "lastModified": "2025-09-04T01:43:42.529Z", "contentLength": 58488, "httpStatusCode": 200}', '921da310-0bbf-4bdf-b35d-5c6317cc5366', NULL, '{}'),
	('0f510aaa-be2d-4cbc-85aa-15e5d50138a8', 'device-images', '25-05-2022-1653474687a-22.png', NULL, '2025-09-04 01:43:42.558273+00', '2025-09-04 01:43:42.558273+00', '2025-09-04 01:43:42.558273+00', '{"eTag": "\"ed1cb93b6c883bb3d365b1a25f7be287\"", "size": 56612, "mimetype": "image/png", "cacheControl": "max-age=3600", "lastModified": "2025-09-04T01:43:42.549Z", "contentLength": 56612, "httpStatusCode": 200}', '2149c21c-dd78-4f02-aa2a-2cdbdd89dfe1', NULL, '{}'),
	('1bb907cf-7e1a-4b0f-8fbf-f5664ee18e7b', 'device-images', '25-05-2022-1653474716a-32-5g.png', NULL, '2025-09-04 01:43:42.576708+00', '2025-09-04 01:43:42.576708+00', '2025-09-04 01:43:42.576708+00', '{"eTag": "\"052402fcd3e636092fc6b92e96d73cad\"", "size": 65701, "mimetype": "image/png", "cacheControl": "max-age=3600", "lastModified": "2025-09-04T01:43:42.569Z", "contentLength": 65701, "httpStatusCode": 200}', 'c307bd21-354a-4b7c-80de-50b2c9361363', NULL, '{}'),
	('2cd6f416-3d13-49e1-8761-331be59a6906', 'device-images', '25-05-2022-1653474742a-33-5g.png', NULL, '2025-09-04 01:43:42.592343+00', '2025-09-04 01:43:42.592343+00', '2025-09-04 01:43:42.592343+00', '{"eTag": "\"649d907a148d72a2547e40f789811156\"", "size": 44765, "mimetype": "image/png", "cacheControl": "max-age=3600", "lastModified": "2025-09-04T01:43:42.585Z", "contentLength": 44765, "httpStatusCode": 200}', 'ccc59014-16c3-432b-8786-f5c3716200c2', NULL, '{}'),
	('6e2c116a-7dab-4481-b32f-179249551d0e', 'device-images', '25-05-2022-1653474760a-40.png', NULL, '2025-09-04 01:43:42.609263+00', '2025-09-04 01:43:42.609263+00', '2025-09-04 01:43:42.609263+00', '{"eTag": "\"80480dfd1b428929d48600370a330b38\"", "size": 86612, "mimetype": "image/png", "cacheControl": "max-age=3600", "lastModified": "2025-09-04T01:43:42.601Z", "contentLength": 86612, "httpStatusCode": 200}', '447cde73-03dd-4705-ae6b-f28e05a19bcf', NULL, '{}'),
	('90f2ac8a-6c58-4b90-b53b-76288f1f2140', 'device-images', '25-05-2022-1653474776a-40-s.png', NULL, '2025-09-04 01:43:42.626373+00', '2025-09-04 01:43:42.626373+00', '2025-09-04 01:43:42.626373+00', '{"eTag": "\"8a2df8fde6af8f77368ca43b6ac7b8ab\"", "size": 74842, "mimetype": "image/png", "cacheControl": "max-age=3600", "lastModified": "2025-09-04T01:43:42.617Z", "contentLength": 74842, "httpStatusCode": 200}', '67f1f688-fed7-4d3f-9b4d-390bbf875a19', NULL, '{}'),
	('bc7582a1-cbd2-455e-8030-90dc611d9572', 'device-images', '25-05-2022-1653474799a-42-5g.png', NULL, '2025-09-04 01:43:42.6483+00', '2025-09-04 01:43:42.6483+00', '2025-09-04 01:43:42.6483+00', '{"eTag": "\"f0f1ebc1c0471d024353ddd3741ad8cc\"", "size": 72003, "mimetype": "image/png", "cacheControl": "max-age=3600", "lastModified": "2025-09-04T01:43:42.641Z", "contentLength": 72003, "httpStatusCode": 200}', '870dda43-b871-4b24-93a5-2ccce106931e', NULL, '{}'),
	('9f5533ec-09ab-4c8d-8426-31c305b022e8', 'device-images', '25-05-2022-1653474817a-50.png', NULL, '2025-09-04 01:43:42.666971+00', '2025-09-04 01:43:42.666971+00', '2025-09-04 01:43:42.666971+00', '{"eTag": "\"60f3643af8454260cb8214780663936b\"", "size": 77674, "mimetype": "image/png", "cacheControl": "max-age=3600", "lastModified": "2025-09-04T01:43:42.657Z", "contentLength": 77674, "httpStatusCode": 200}', '03c12099-0aba-4bbc-9272-530f705237c7', NULL, '{}'),
	('776d32bb-ffda-4653-9c62-83940d2a49ff', 'device-images', '25-05-2022-1653474874a-51.png', NULL, '2025-09-04 01:43:42.684069+00', '2025-09-04 01:43:42.684069+00', '2025-09-04 01:43:42.684069+00', '{"eTag": "\"3255c1758e6fa8c0435ed5c27160d5f5\"", "size": 76835, "mimetype": "image/png", "cacheControl": "max-age=3600", "lastModified": "2025-09-04T01:43:42.677Z", "contentLength": 76835, "httpStatusCode": 200}', '6090464e-851e-45b5-a687-0f2c747d9f31', NULL, '{}'),
	('e50845db-e61a-429b-8ef6-d3be9d10e3d7', 'device-images', '25-05-2022-1653474908a-52-4g.png', NULL, '2025-09-04 01:43:42.701867+00', '2025-09-04 01:43:42.701867+00', '2025-09-04 01:43:42.701867+00', '{"eTag": "\"f27f685100fb4fdf3c1dd3fa44d8db1e\"", "size": 55324, "mimetype": "image/png", "cacheControl": "max-age=3600", "lastModified": "2025-09-04T01:43:42.693Z", "contentLength": 55324, "httpStatusCode": 200}', '8f3343cb-0d1a-497f-85d0-b4765bad3866', NULL, '{}'),
	('90c9e714-af07-45cd-abaa-1f3694dccb50', 'device-images', '28-05-2022-1653746293a-13.png', NULL, '2025-09-04 01:43:42.720524+00', '2025-09-04 01:43:42.720524+00', '2025-09-04 01:43:42.720524+00', '{"eTag": "\"85fd45f9d830e8cf2f18530b4c1d0580\"", "size": 75558, "mimetype": "image/png", "cacheControl": "max-age=3600", "lastModified": "2025-09-04T01:43:42.713Z", "contentLength": 75558, "httpStatusCode": 200}', '8c33f51d-dea6-4b2f-a35b-23d35c899537', NULL, '{}'),
	('a41c7c1f-77e8-4978-b436-f5b40705a35e', 'device-images', 'a-52-5g.png', NULL, '2025-09-04 01:43:42.738169+00', '2025-09-04 01:43:42.738169+00', '2025-09-04 01:43:42.738169+00', '{"eTag": "\"41fc8c9809aa79ee8e4e6cfd0ccf9654\"", "size": 79368, "mimetype": "image/png", "cacheControl": "max-age=3600", "lastModified": "2025-09-04T01:43:42.729Z", "contentLength": 79368, "httpStatusCode": 200}', '58ad0bfd-c066-4fc9-820f-95a7b09a6c18', NULL, '{}'),
	('79e5f76d-1c2b-4845-b51b-056115d6a10b', 'device-images', 'a-52-s.png', NULL, '2025-09-04 01:43:42.756185+00', '2025-09-04 01:43:42.756185+00', '2025-09-04 01:43:42.756185+00', '{"eTag": "\"c30e7a9c07b3248ce095caddb9ff1c20\"", "size": 73243, "mimetype": "image/png", "cacheControl": "max-age=3600", "lastModified": "2025-09-04T01:43:42.749Z", "contentLength": 73243, "httpStatusCode": 200}', '2bc6eaa8-bdb7-4087-9709-3eafd9ff1f69', NULL, '{}'),
	('7b480f6c-cf7c-484c-b2e8-4a71b499a3af', 'device-images', 'a-71-5g.png', NULL, '2025-09-04 01:43:42.773801+00', '2025-09-04 01:43:42.773801+00', '2025-09-04 01:43:42.773801+00', '{"eTag": "\"b8c20a6a798119a120dfe030dc9e4f9f\"", "size": 71103, "mimetype": "image/png", "cacheControl": "max-age=3600", "lastModified": "2025-09-04T01:43:42.765Z", "contentLength": 71103, "httpStatusCode": 200}', '1097701a-df95-402c-9dce-62a36091ba1e', NULL, '{}'),
	('c84b03bc-40e8-411d-9613-8b4a38e8d8fa', 'device-images', 'a-71.png', NULL, '2025-09-04 01:43:42.789562+00', '2025-09-04 01:43:42.789562+00', '2025-09-04 01:43:42.789562+00', '{"eTag": "\"09ba6ce754f94e8138d813a9189d84a7\"", "size": 65462, "mimetype": "image/png", "cacheControl": "max-age=3600", "lastModified": "2025-09-04T01:43:42.781Z", "contentLength": 65462, "httpStatusCode": 200}', '4455b124-d967-4a76-b850-d57b9774677f', NULL, '{}'),
	('d9e31b6f-e67d-4edb-93ba-31aaccbb88fe', 'device-images', 'a-72.png', NULL, '2025-09-04 01:43:42.806747+00', '2025-09-04 01:43:42.806747+00', '2025-09-04 01:43:42.806747+00', '{"eTag": "\"5aca6ca5bcbef071cb1cdaf710bb8315\"", "size": 55155, "mimetype": "image/png", "cacheControl": "max-age=3600", "lastModified": "2025-09-04T01:43:42.797Z", "contentLength": 55155, "httpStatusCode": 200}', '2ab2dca4-d039-4a94-9489-5ff3acdb2977', NULL, '{}'),
	('ed5ad2a8-056b-4e54-b198-3665da8300e1', 'device-images', 'note-10-lite.png', NULL, '2025-09-04 01:43:42.825468+00', '2025-09-04 01:43:42.825468+00', '2025-09-04 01:43:42.825468+00', '{"eTag": "\"95676d010e09cb4278236b847df80cb1\"", "size": 27002, "mimetype": "image/png", "cacheControl": "max-age=3600", "lastModified": "2025-09-04T01:43:42.817Z", "contentLength": 27002, "httpStatusCode": 200}', '64baef68-d055-4b63-8a7a-0f90223fe591', NULL, '{}'),
	('f30355db-aa7d-4ba2-9f07-b29bbac966ed', 'device-images', 'note-10-plus.png', NULL, '2025-09-04 01:43:42.845199+00', '2025-09-04 01:43:42.845199+00', '2025-09-04 01:43:42.845199+00', '{"eTag": "\"cd4ac22570fbdd8bb6912ec582afe472\"", "size": 57286, "mimetype": "image/png", "cacheControl": "max-age=3600", "lastModified": "2025-09-04T01:43:42.837Z", "contentLength": 57286, "httpStatusCode": 200}', '9a4dd258-defe-46bf-9e1d-97564817a5f1', NULL, '{}'),
	('408b849d-ac63-41b9-9201-0bd71a5d8bcc', 'device-images', 'note-10.png', NULL, '2025-09-04 01:43:42.869329+00', '2025-09-04 01:43:42.869329+00', '2025-09-04 01:43:42.869329+00', '{"eTag": "\"038e9db747724062fa04e1e30fdfc0fc\"", "size": 52269, "mimetype": "image/png", "cacheControl": "max-age=3600", "lastModified": "2025-09-04T01:43:42.857Z", "contentLength": 52269, "httpStatusCode": 200}', '544899a6-8b31-4e11-a937-5a17441a759a', NULL, '{}'),
	('9b0cff92-0e2e-464e-a0ae-72f8ce2657bb', 'device-images', 'note-20-5g.png', NULL, '2025-09-04 01:43:42.888511+00', '2025-09-04 01:43:42.888511+00', '2025-09-04 01:43:42.888511+00', '{"eTag": "\"491ef0f74e0f8933d7f822fe1eb4a61b\"", "size": 67112, "mimetype": "image/png", "cacheControl": "max-age=3600", "lastModified": "2025-09-04T01:43:42.881Z", "contentLength": 67112, "httpStatusCode": 200}', 'c8a2b0af-df94-4b01-98a2-4ef599757ec3', NULL, '{}'),
	('24b0cac4-226e-4b37-a86b-22cdbb6d15ea', 'device-images', 'note-20-ultra-5g.png', NULL, '2025-09-04 01:43:42.905011+00', '2025-09-04 01:43:42.905011+00', '2025-09-04 01:43:42.905011+00', '{"eTag": "\"997201924c62ff95925dd6d7907e10c7\"", "size": 60270, "mimetype": "image/png", "cacheControl": "max-age=3600", "lastModified": "2025-09-04T01:43:42.897Z", "contentLength": 60270, "httpStatusCode": 200}', '899c930e-1e63-476c-9261-e0b2bed62978', NULL, '{}'),
	('642d99a1-fcbf-4f8c-a0f7-dafa5ea322d2', 'device-images', 'note-4.png', NULL, '2025-09-04 01:43:42.922442+00', '2025-09-04 01:43:42.922442+00', '2025-09-04 01:43:42.922442+00', '{"eTag": "\"58cf90e9f6a87d3b5771b974c774a361\"", "size": 82814, "mimetype": "image/png", "cacheControl": "max-age=3600", "lastModified": "2025-09-04T01:43:42.913Z", "contentLength": 82814, "httpStatusCode": 200}', '19258ccd-141f-49b7-98d7-658caf4b94a0', NULL, '{}'),
	('9dc2f1a6-9fb4-4eeb-a9ae-4cf0f1a2e782', 'device-images', 'note-5.png', NULL, '2025-09-04 01:43:42.939446+00', '2025-09-04 01:43:42.939446+00', '2025-09-04 01:43:42.939446+00', '{"eTag": "\"63c005190a3244960700f31f235aee02\"", "size": 59748, "mimetype": "image/png", "cacheControl": "max-age=3600", "lastModified": "2025-09-04T01:43:42.933Z", "contentLength": 59748, "httpStatusCode": 200}', 'b2903927-e539-4829-9a1c-61416a30af0d', NULL, '{}'),
	('2f1649ee-eb32-49ed-8c54-8fb54dbdc06f', 'device-images', 'note-8.png', NULL, '2025-09-04 01:43:42.955166+00', '2025-09-04 01:43:42.955166+00', '2025-09-04 01:43:42.955166+00', '{"eTag": "\"5984d62403aeeec072b42bccdd71957a\"", "size": 34891, "mimetype": "image/png", "cacheControl": "max-age=3600", "lastModified": "2025-09-04T01:43:42.949Z", "contentLength": 34891, "httpStatusCode": 200}', '14193319-6d64-410f-a96b-c61792340bc4', NULL, '{}'),
	('29309c6a-b1ab-4e73-952a-277d3702719f', 'device-images', 'note-9.png', NULL, '2025-09-04 01:43:42.975767+00', '2025-09-04 01:43:42.975767+00', '2025-09-04 01:43:42.975767+00', '{"eTag": "\"fac786da7d718eb2d6aeab138e8286c5\"", "size": 57609, "mimetype": "image/png", "cacheControl": "max-age=3600", "lastModified": "2025-09-04T01:43:42.969Z", "contentLength": 57609, "httpStatusCode": 200}', '71a535cc-4469-4975-9f01-6a06344556b1', NULL, '{}'),
	('18541aaa-b2bb-47f9-bdd9-f93dcadc3421', 'device-images', 's-20-fe-5g.png', NULL, '2025-09-04 01:43:42.995333+00', '2025-09-04 01:43:42.995333+00', '2025-09-04 01:43:42.995333+00', '{"eTag": "\"fdb1d591b05f5a754b26d566082df60e\"", "size": 66509, "mimetype": "image/png", "cacheControl": "max-age=3600", "lastModified": "2025-09-04T01:43:42.985Z", "contentLength": 66509, "httpStatusCode": 200}', '8da22109-a9e7-463a-bc25-312d6ad6181a', NULL, '{}'),
	('9a2f042a-0609-4a54-a909-e50c0d6204f7', 'device-images', 's-21-fe.png', NULL, '2025-09-04 01:43:43.012893+00', '2025-09-04 01:43:43.012893+00', '2025-09-04 01:43:43.012893+00', '{"eTag": "\"ab2d16304b02b1d8dc2f104c47f5e4eb\"", "size": 67614, "mimetype": "image/png", "cacheControl": "max-age=3600", "lastModified": "2025-09-04T01:43:43.005Z", "contentLength": 67614, "httpStatusCode": 200}', 'e7cc0281-c2b0-4212-a2c7-171b5711b219', NULL, '{}'),
	('129d9167-00bd-4708-bfe4-547d524d6ae2', 'device-images', 's10-5g.png', NULL, '2025-09-04 01:43:43.029687+00', '2025-09-04 01:43:43.029687+00', '2025-09-04 01:43:43.029687+00', '{"eTag": "\"c52b9d3be6f040208dfb7df3d0edf886\"", "size": 59039, "mimetype": "image/png", "cacheControl": "max-age=3600", "lastModified": "2025-09-04T01:43:43.021Z", "contentLength": 59039, "httpStatusCode": 200}', 'a51c74a6-94a1-4b30-9960-4b9c006577b7', NULL, '{}'),
	('03bcf80e-a04c-4785-8cc7-19aac51ed6cd', 'device-images', 's10-lite.png', NULL, '2025-09-04 01:43:43.047723+00', '2025-09-04 01:43:43.047723+00', '2025-09-04 01:43:43.047723+00', '{"eTag": "\"de7c41f5dc50635687760d1af6eed695\"", "size": 43766, "mimetype": "image/png", "cacheControl": "max-age=3600", "lastModified": "2025-09-04T01:43:43.037Z", "contentLength": 43766, "httpStatusCode": 200}', '2763f175-d528-4826-a21a-4b2d4a58b03a', NULL, '{}'),
	('e4b33031-5993-4e88-bfac-4bbffb7e9620', 'device-images', 's10-plus-1.png', NULL, '2025-09-04 01:43:43.071736+00', '2025-09-04 01:43:43.071736+00', '2025-09-04 01:43:43.071736+00', '{"eTag": "\"46220580edeb2de4a8c2cec1c4bcca14\"", "size": 46609, "mimetype": "image/png", "cacheControl": "max-age=3600", "lastModified": "2025-09-04T01:43:43.061Z", "contentLength": 46609, "httpStatusCode": 200}', '7e9b436d-aa38-4407-b1a5-f87de1dece83', NULL, '{}'),
	('21d21f46-3230-4e37-b4ea-5245404910f9', 'device-images', 's10.png', NULL, '2025-09-04 01:43:43.088317+00', '2025-09-04 01:43:43.088317+00', '2025-09-04 01:43:43.088317+00', '{"eTag": "\"ecb6d89a65676a4ba6937aa893bcffa1\"", "size": 54715, "mimetype": "image/png", "cacheControl": "max-age=3600", "lastModified": "2025-09-04T01:43:43.081Z", "contentLength": 54715, "httpStatusCode": 200}', '502e4f38-5341-40ca-a689-10a3476ecda9', NULL, '{}'),
	('383a2a44-c379-44b9-9700-83ee3c9dc00d', 'device-images', 's10e.png', NULL, '2025-09-04 01:43:43.104924+00', '2025-09-04 01:43:43.104924+00', '2025-09-04 01:43:43.104924+00', '{"eTag": "\"d3187fc11fa43dfee1dea893d531220a\"", "size": 64648, "mimetype": "image/png", "cacheControl": "max-age=3600", "lastModified": "2025-09-04T01:43:43.097Z", "contentLength": 64648, "httpStatusCode": 200}', 'b759cc49-b121-4803-ac4a-4ec3dfff4a57', NULL, '{}'),
	('84feaac7-2f44-494a-b969-88314f78a720', 'device-images', 's20-plus.png', NULL, '2025-09-04 01:43:43.121086+00', '2025-09-04 01:43:43.121086+00', '2025-09-04 01:43:43.121086+00', '{"eTag": "\"bfb4aeb01dd1ad830e75f648625d8d9c\"", "size": 46284, "mimetype": "image/png", "cacheControl": "max-age=3600", "lastModified": "2025-09-04T01:43:43.113Z", "contentLength": 46284, "httpStatusCode": 200}', '4b612f7e-05a7-458d-bb8f-422756878d11', NULL, '{}'),
	('b6cfb4b5-af14-4433-825c-df404a0e4eb9', 'device-images', 's20-ultra.png', NULL, '2025-09-04 01:43:43.139612+00', '2025-09-04 01:43:43.139612+00', '2025-09-04 01:43:43.139612+00', '{"eTag": "\"e60a7dd1c4238c91f4fc4ef1c1e9b3c8\"", "size": 50371, "mimetype": "image/png", "cacheControl": "max-age=3600", "lastModified": "2025-09-04T01:43:43.133Z", "contentLength": 50371, "httpStatusCode": 200}', '6f9069bd-075d-413d-b7e6-fd533bc79b27', NULL, '{}'),
	('a49682eb-549e-4749-be37-0b1a0ba84c7b', 'device-images', 's20.png', NULL, '2025-09-04 01:43:43.157882+00', '2025-09-04 01:43:43.157882+00', '2025-09-04 01:43:43.157882+00', '{"eTag": "\"43f39c275e8fd9150e449478e0e5ae76\"", "size": 67666, "mimetype": "image/png", "cacheControl": "max-age=3600", "lastModified": "2025-09-04T01:43:43.149Z", "contentLength": 67666, "httpStatusCode": 200}', '2e58814a-615a-420a-9bcd-b02735ae2c21', NULL, '{}'),
	('01888507-e4de-455f-8f38-9452b33979f0', 'device-images', 's21-plus.png', NULL, '2025-09-04 01:43:43.178266+00', '2025-09-04 01:43:43.178266+00', '2025-09-04 01:43:43.178266+00', '{"eTag": "\"926d614f17f42e0d13cddcbe0a6bcb61\"", "size": 52737, "mimetype": "image/png", "cacheControl": "max-age=3600", "lastModified": "2025-09-04T01:43:43.169Z", "contentLength": 52737, "httpStatusCode": 200}', 'c753a223-49cf-415d-83ed-113d4177f2ba', NULL, '{}'),
	('68c29024-99fc-463c-bb8b-0b1c66fd688b', 'device-images', 's21-ultra.png', NULL, '2025-09-04 01:43:43.198025+00', '2025-09-04 01:43:43.198025+00', '2025-09-04 01:43:43.198025+00', '{"eTag": "\"735fc8f9222dfb8c6c8307a8ea52ce4b\"", "size": 73948, "mimetype": "image/png", "cacheControl": "max-age=3600", "lastModified": "2025-09-04T01:43:43.189Z", "contentLength": 73948, "httpStatusCode": 200}', '60bb50a4-06ca-4a60-828c-ab4ec258a18c', NULL, '{}'),
	('97593e31-5af2-4885-af72-eaa9372a0dc7', 'device-images', 's21.png', NULL, '2025-09-04 01:43:43.224746+00', '2025-09-04 01:43:43.224746+00', '2025-09-04 01:43:43.224746+00', '{"eTag": "\"5afc19c604b8c46e5b1894dac94581db\"", "size": 77447, "mimetype": "image/png", "cacheControl": "max-age=3600", "lastModified": "2025-09-04T01:43:43.213Z", "contentLength": 77447, "httpStatusCode": 200}', 'e907285f-b9ee-43b8-93cb-e78126853644', NULL, '{}'),
	('94e3e65d-9f49-4498-9209-f8ac316eda99', 'device-images', 's22-plus.png', NULL, '2025-09-04 01:43:43.245416+00', '2025-09-04 01:43:43.245416+00', '2025-09-04 01:43:43.245416+00', '{"eTag": "\"ad5e68d0aba8632c7c4364654e750f7f\"", "size": 73352, "mimetype": "image/png", "cacheControl": "max-age=3600", "lastModified": "2025-09-04T01:43:43.237Z", "contentLength": 73352, "httpStatusCode": 200}', '5f679602-8dcd-492b-a518-7959d02d591e', NULL, '{}'),
	('b4867e21-b49e-4747-b562-555d91f6efe0', 'device-images', 's22.png', NULL, '2025-09-04 01:43:43.263714+00', '2025-09-04 01:43:43.263714+00', '2025-09-04 01:43:43.263714+00', '{"eTag": "\"d09fdff57d1dc76f13fd11fd06c09e91\"", "size": 72904, "mimetype": "image/png", "cacheControl": "max-age=3600", "lastModified": "2025-09-04T01:43:43.253Z", "contentLength": 72904, "httpStatusCode": 200}', 'c142ec82-ba93-4c9d-bc7d-390e3b97f2e8', NULL, '{}'),
	('1684649e-ba83-42f0-9163-42b12e6e0ec5', 'device-images', 's6-edge-1.png', NULL, '2025-09-04 01:43:43.282464+00', '2025-09-04 01:43:43.282464+00', '2025-09-04 01:43:43.282464+00', '{"eTag": "\"83e5b659bac534c1768bafa7f997078f\"", "size": 62280, "mimetype": "image/png", "cacheControl": "max-age=3600", "lastModified": "2025-09-04T01:43:43.273Z", "contentLength": 62280, "httpStatusCode": 200}', 'e63fc10f-20df-47da-b7e1-a3ede871e17a', NULL, '{}'),
	('c64308ec-e543-4b1b-855e-8eefb62a3f6f', 'device-images', 's7-active.png', NULL, '2025-09-04 01:43:43.30138+00', '2025-09-04 01:43:43.30138+00', '2025-09-04 01:43:43.30138+00', '{"eTag": "\"c575f2ac3abdae27042d4e3e23e66d02\"", "size": 66264, "mimetype": "image/png", "cacheControl": "max-age=3600", "lastModified": "2025-09-04T01:43:43.293Z", "contentLength": 66264, "httpStatusCode": 200}', '8b62180c-1254-4d82-9ea0-b2e979572009', NULL, '{}'),
	('a2b7b672-8e9f-441a-9d07-6c0c6303fbce', 'device-images', 's7-edge.png', NULL, '2025-09-04 01:43:43.318354+00', '2025-09-04 01:43:43.318354+00', '2025-09-04 01:43:43.318354+00', '{"eTag": "\"b25f08708ce3c4bee5644987a1783bd7\"", "size": 34516, "mimetype": "image/png", "cacheControl": "max-age=3600", "lastModified": "2025-09-04T01:43:43.309Z", "contentLength": 34516, "httpStatusCode": 200}', '0c5620fe-9907-4ef4-a902-52bfebd344d4', NULL, '{}'),
	('0e17bf73-4287-4f34-875b-e6aa8cfde178', 'device-images', 's7.png', NULL, '2025-09-04 01:43:43.335527+00', '2025-09-04 01:43:43.335527+00', '2025-09-04 01:43:43.335527+00', '{"eTag": "\"3a45dd4d60e6d851abf321f9f1243681\"", "size": 56004, "mimetype": "image/png", "cacheControl": "max-age=3600", "lastModified": "2025-09-04T01:43:43.329Z", "contentLength": 56004, "httpStatusCode": 200}', 'c286adfe-4d10-4c8b-a7a4-e53822f15f18', NULL, '{}'),
	('acd5332b-e1bb-48af-9faf-e83c0b6cfbc1', 'device-images', 's8-active.png', NULL, '2025-09-04 01:43:43.355506+00', '2025-09-04 01:43:43.355506+00', '2025-09-04 01:43:43.355506+00', '{"eTag": "\"5fcba192010c0349ba5615caa0974809\"", "size": 55905, "mimetype": "image/png", "cacheControl": "max-age=3600", "lastModified": "2025-09-04T01:43:43.349Z", "contentLength": 55905, "httpStatusCode": 200}', '8cff9600-7b53-4977-be13-6a48efdbf806', NULL, '{}'),
	('a23897ef-6d18-4288-b608-dcecf45ab68b', 'device-images', 's8-edge.png', NULL, '2025-09-04 01:43:43.37558+00', '2025-09-04 01:43:43.37558+00', '2025-09-04 01:43:43.37558+00', '{"eTag": "\"ebea6001274ebe0fc322a493c2c4a2a2\"", "size": 64532, "mimetype": "image/png", "cacheControl": "max-age=3600", "lastModified": "2025-09-04T01:43:43.365Z", "contentLength": 64532, "httpStatusCode": 200}', 'b77656c3-88b4-428b-8e32-e6e98e407f08', NULL, '{}'),
	('3b995a1f-9352-4668-83aa-7f2dc58afdd1', 'device-images', 's8-plus.png', NULL, '2025-09-04 01:43:43.394075+00', '2025-09-04 01:43:43.394075+00', '2025-09-04 01:43:43.394075+00', '{"eTag": "\"61a4a697fa1d12d4c84a8c58fae19874\"", "size": 60752, "mimetype": "image/png", "cacheControl": "max-age=3600", "lastModified": "2025-09-04T01:43:43.385Z", "contentLength": 60752, "httpStatusCode": 200}', '6a4b6a28-62d3-4315-8d51-3d2b6354e373', NULL, '{}'),
	('2d386778-1042-4abc-8443-4480847a7d86', 'device-images', 's9.png', NULL, '2025-09-04 01:43:43.415393+00', '2025-09-04 01:43:43.415393+00', '2025-09-04 01:43:43.415393+00', '{"eTag": "\"c8147da62ee0c327e4eca6978ca3070a\"", "size": 42934, "mimetype": "image/png", "cacheControl": "max-age=3600", "lastModified": "2025-09-04T01:43:43.405Z", "contentLength": 42934, "httpStatusCode": 200}', '9d709910-23a8-4957-96ec-ea75c3081cf0', NULL, '{}'),
	('e8fd59af-eb58-42f1-b072-38946dcab9da', 'device-images', 's9plus.png', NULL, '2025-09-04 01:43:43.441584+00', '2025-09-04 01:43:43.441584+00', '2025-09-04 01:43:43.441584+00', '{"eTag": "\"63d960f05fed7578a0a2719c2807d688\"", "size": 35260, "mimetype": "image/png", "cacheControl": "max-age=3600", "lastModified": "2025-09-04T01:43:43.433Z", "contentLength": 35260, "httpStatusCode": 200}', 'fa54ab21-7d02-4a76-b00d-f6151c6f0c34', NULL, '{}'),
	('de804e71-0325-41cd-a16e-cdcec50a8ece', 'device-images', 'samsung-galaxy-a53-5g.png', NULL, '2025-09-04 01:43:43.4734+00', '2025-09-04 01:43:43.4734+00', '2025-09-04 01:43:43.4734+00', '{"eTag": "\"4772deb2e494bc3f713bf461bdc334a7\"", "size": 58655, "mimetype": "image/png", "cacheControl": "max-age=3600", "lastModified": "2025-09-04T01:43:43.465Z", "contentLength": 58655, "httpStatusCode": 200}', 'ba9ea2b3-f6a4-43a3-b98d-e96386f875d3', NULL, '{}'),
	('55b17fff-5597-4d95-baa8-3cbd8123b7c1', 'device-images', 'samsung-galaxy-s21-ultra.png', NULL, '2025-09-04 01:43:43.494591+00', '2025-09-04 01:43:43.494591+00', '2025-09-04 01:43:43.494591+00', '{"eTag": "\"ea43238fbd0489eab011a8fc1dfbbe1e\"", "size": 6882, "mimetype": "image/png", "cacheControl": "max-age=3600", "lastModified": "2025-09-04T01:43:43.485Z", "contentLength": 6882, "httpStatusCode": 200}', '895808cc-99c7-4f27-a0ee-aeba7495e758', NULL, '{}'),
	('adef7683-fb43-4b86-8953-ea9d60f1ba63', 'device-images', 'samsung-main.png', NULL, '2025-09-04 01:43:43.513567+00', '2025-09-04 01:43:43.513567+00', '2025-09-04 01:43:43.513567+00', '{"eTag": "\"651dee088cb7a234d02f28fbaecda7ae\"", "size": 22688, "mimetype": "image/png", "cacheControl": "max-age=3600", "lastModified": "2025-09-04T01:43:43.505Z", "contentLength": 22688, "httpStatusCode": 200}', '563a0642-5b8a-483e-85fb-f772b2430196', NULL, '{}');


--
-- Data for Name: s3_multipart_uploads; Type: TABLE DATA; Schema: storage; Owner: supabase_storage_admin
--



--
-- Data for Name: s3_multipart_uploads_parts; Type: TABLE DATA; Schema: storage; Owner: supabase_storage_admin
--



--
-- Name: refresh_tokens_id_seq; Type: SEQUENCE SET; Schema: auth; Owner: supabase_auth_admin
--

SELECT pg_catalog.setval('"auth"."refresh_tokens_id_seq"', 5, true);


--
-- PostgreSQL database dump complete
--

RESET ALL;
